"id","name","email","phone","customer_type","created_at","city","country","username"
1,"Ruby Canyon","sedona@example.com","","VISITOR","2026-03-03 22:19:55.810569+01","Sedona","USA","SedonaHiker"
2,"Elina Lahti","penguin@example.com","","VISITOR","2026-03-03 22:19:55.81575+01","Oulu","Finland","PixelPenguin"
3,"Benjamin Clock","bigben@example.com","","VISITOR","2026-03-03 22:19:55.81746+01","London","United Kingdom","BigBenBeliever"
4,"Francesco Bell","libertybell@example.com","","VISITOR","2026-03-03 22:19:55.819457+01","New York City","USA","LibertyBellFan"
5,"Sophia Ocean","miamisunshine@example.com","","LOCAL","2026-03-03 22:19:55.82241+01","Tarifa","Spain","MiamiSunshine"
6,"Hannah Glacier","alaska@example.com","","LOCAL","2026-03-03 22:19:55.824718+01","Tarifa","Spain","AlaskaExplorer"
7,"Sky Smithonian","sky@example.com","","VISITOR","2026-03-03 22:19:55.825871+01","Las Vegas","USA","SkyChaser"
8,"Rocky Trails","goat@example.com","","VISITOR","2026-03-03 22:19:55.827296+01","Corralejo","Spain","MountainGoat"
9,"Flowing Spirit","river@example.com","","LOCAL","2026-03-03 22:19:55.828451+01","Tarifa","Spain","RiverWanderer"
10,"Sahara Rover","fox@example.com","","VISITOR","2026-03-03 22:19:55.829682+01","Bilbao","Spain","DesertFox"
11,"Silje Johansen","techtrekker@example.com","","VISITOR","2026-03-03 22:19:55.830766+01","Bergen","Norway","TechTrekker"
12,"Laura Müller","Lauratea@example.com","","VISITOR","2026-03-03 22:19:55.832024+01","Hamburg","Germany","TeaLover"
13,"Emma Leroy","EmmaLeroy@example.com","","VISITOR","2026-03-03 22:19:55.832883+01","Toulouse","France","LondonWalker"
14,"Margaret Brown","biscuit@example.com","","VISITOR","2026-03-03 22:19:55.833707+01","Edinburgh","United Kingdom","BiscuitHunter"
15,"Noah Bianchi","Noah.Bianchi@example.com","","VISITOR","2026-03-03 22:19:55.834516+01","Palermo","Italy",NULL
16,"William Page","shakespeare@example.com","","LOCAL","2026-03-03 22:19:55.835235+01","Tarifa","Spain","ShakespeareFan"
17,"Victoria Redford","unionjack@example.com","","LOCAL","2026-03-03 22:19:55.835905+01","Tarifa","Spain","UnionJack"
18,"Arthur Lake","thames@example.com","","VISITOR","2026-03-03 22:19:55.836662+01","Barcelona","Spain","ThamesRider"
19,"Catherine Bloom","royalgardener@example.com","","LOCAL","2026-03-03 22:19:55.838575+01","Tarifa","Spain","RoyalGardener"
20,"Sarah Schmidt","rainyday@example.com","","VISITOR","2026-03-03 22:19:55.839444+01","Dortmund","Germany","RainyDayDreamer"
21,"Sarah Loaf","baker@example.com","","LOCAL","2026-03-03 22:19:55.840316+01","Tarifa","Spain","BoroughBaker"
22,"Daniel Stone","towerbridge@example.com","","LOCAL","2026-03-03 22:19:55.841127+01","Tarifa","Spain","TowerBridgeTrekker"
23,"George Aleman","pub@example.com","","LOCAL","2026-03-03 22:19:55.842054+01","Tarifa","Spain","PubExplorer"
24,"Emily King","cambridge@example.com","","LOCAL","2026-03-03 22:19:55.843244+01","Tarifa","Spain","CambridgeScholar"
25,"Charles Wheels","redbus@example.com","","VISITOR","2026-03-03 22:19:55.844281+01","Brighton","United Kingdom","RedBusRider"
26,"Lydia Fields","countryside@example.com","","LOCAL","2026-03-03 22:19:55.844993+01","Tarifa","Spain","CountrysideChaser"
27,"Jade Moreau","JadeMoreau@example.com","","VISITOR","2026-03-03 22:19:55.845632+01","Bordeaux","France","CricketFanatic"
28,"Alice Meadow","cottagecore@example.com","","LOCAL","2026-03-03 22:19:55.846267+01","Tarifa","Spain","CottageCoreDream"
29,"Ledoardo Longhi","Ledoardo.Longhi@example.com","","VISITOR","2026-03-03 22:19:55.846884+01","Genoa","Italy",NULL
30,"Henry Brainwood","oxford@example.com","","LOCAL","2026-03-03 22:19:55.847503+01","Tarifa","Spain","OxfordThinker"
31,"Charlotte Turner","teaandbooks@example.com","","LOCAL","2026-03-03 22:19:55.849684+01","Tarifa","Spain","TeaAndBooks"
32,"Lucy Warmth","fireplace@example.com","","LOCAL","2026-03-03 22:19:55.850616+01","Tarifa","Spain","CozyFireplace"
33,"Philip Schmidt","castles@example.com","","VISITOR","2026-03-03 22:19:55.852131+01","Bremen","Germany","CastlesAndCrowns"
34,"Anna Waters","lakedistrict@example.com","","VISITOR","2026-03-03 22:19:55.853134+01","Malaga","Spain","LakeDistrictLover"
35,"Frederick Laurent","yorkshire@example.com","","VISITOR","2026-03-03 22:19:55.853836+01","Strasbourg","France","YorkshirePudding"
37,"Sophia Lane","chelsea@example.com","","LOCAL","2026-03-03 22:19:55.855244+01","Tarifa","Spain","CharmingChelsea"
38,"Samuel Herold","greenwich@example.com","","VISITOR","2026-03-03 22:19:55.855907+01","Munich","Germany","GreenwichGazer"
39,"Alessandro Mancini","Alessandro.Mancini@example.com","","VISITOR","2026-03-03 22:19:55.856583+01","Florence","Italy",NULL
40,"Edward Hall","hampton@example.com","","VISITOR","2026-03-03 22:19:55.857167+01","Leeds","United Kingdom","HamptonHistorian"
41,"Diego Sorrentino","Diego.Sorrentino@example.com","","VISITOR","2026-03-03 22:19:55.857706+01","Rome","Italy",NULL
42,"Alexander Lane","regent@example.com","","LOCAL","2026-03-03 22:19:55.858248+01","Tarifa","Spain","RegentStroller"
43,"Amelia Market","portobello@example.com","","VISITOR","2026-03-03 22:19:55.858792+01","London","United Kingdom","PortobelloPicker"
44,"Thomas Sprint","hydepark@example.com","","LOCAL","2026-03-03 22:19:55.859334+01","Tarifa","Spain","HydeParkJogger"
45,"Emily Müller","EmilyMuller@example.com","","VISITOR","2026-03-03 22:19:55.859872+01","Zurich","Switzerland","VintageEmily"
46,"Eleanor View","londoneye@example.com","","LOCAL","2026-03-03 22:19:55.860406+01","Tarifa","Spain","LondonEyeSeer"
47,"Isabelle Flower","royalteaparty@example.com","","VISITOR","2026-03-03 22:19:55.861312+01","Windsor","United Kingdom","RoyalTeaParty"
48,"Matthew Bells","abbey@example.com","","LOCAL","2026-03-03 22:19:55.861841+01","Tarifa","Spain","AbbeyFanatic"
49,"Chloé Dubois","lakepoet@example.com","","VISITOR","2026-03-03 22:19:55.862363+01","Geneva","Switzerland","LakePoet"
50,"Anna Müller","AnnaMuller@example.com","","VISITOR","2026-03-03 22:19:55.862867+01","Zurich","Switzerland","EnglishRose"
51,"Arthur Weber","victorianvibes@example.com","","VISITOR","2026-03-03 22:19:55.863378+01","Leipzig","Germany","VictorianVibes"
52,"Hannah Prickles","hedgehog@example.com","","LOCAL","2026-03-03 22:19:55.863889+01","Tarifa","Spain","HedgehogLover"
53,"William Scott","thistleandthames@example.com","","LOCAL","2026-03-03 22:19:55.864546+01","Tarifa","Spain","ThistleAndThames"
54,"Laura Fielding","countrylane@example.com","","LOCAL","2026-03-03 22:19:55.8652+01","Tarifa","Spain","CountryLane"
55,"Olivia Glow","londonlights@example.com","","VISITOR","2026-03-03 22:19:55.865913+01","Bilbao","Spain","LondonLights"
56,"Daniel Crafton","camden@example.com","","LOCAL","2026-03-03 22:19:55.866553+01","Tarifa","Spain","CamdenCrafter"
57,"Emily Clover","greenfields@example.com","","LOCAL","2026-03-03 22:19:55.867262+01","Tarifa","Spain","GreenFields"
58,"Harry Weather","umbrella@example.com","","VISITOR","2026-03-03 22:19:55.867912+01","Barcelona","Spain","RainyUmbrella"
59,"Christopher Cliff","dover@example.com","","VISITOR","2026-03-03 22:19:55.868394+01","Manchester","United Kingdom","DoverExplorer"
60,"Charlotte Spans","bristol@example.com","","VISITOR","2026-03-03 22:19:55.868865+01","Bristol","United Kingdom","BristolBridges"
61,"Samuel Freedom","stars@example.com","","VISITOR","2026-03-03 22:19:55.869298+01","Helsinki","Finland","StarsAndStripes"
62,"Alex Brooklyn","pizza@example.com","","VISITOR","2026-03-03 22:19:55.869763+01","Liverpool","United Kingdom","NYCPizzaLover"
63,"Chris Heller","route66@example.com","","VISITOR","2026-03-03 22:19:55.870214+01","Hamburg","Germany","Route66Rider"
64,"Samantha Bridge","goldengate@example.com","","LOCAL","2026-03-03 22:19:55.870667+01","Tarifa","Spain","GoldenGateGazer"
65,"Jordan Smoke","bbqking@example.com","","VISITOR","2026-03-03 22:19:55.871153+01","Barcelona","Spain","BBQKing"
66,"Anna Schneider","AnnaSchneider@example.com","","VISITOR","2026-03-03 22:19:55.871671+01","Dusseldorf","Germany","AnnaSchneider"
67,"Jessica Malibu","californiadreamer@example.com","","LOCAL","2026-03-03 22:19:55.872321+01","Tarifa","Spain","CaliforniaDreamer"
68,"Matthew Slice","deepdish@example.com","","VISITOR","2026-03-03 22:19:55.873166+01","Malaga","Spain","ChicagoDeepDish"
69,"Erika Sándor","ErikaSandor@example.com","","VISITOR","2026-03-03 22:19:55.873721+01","Debrecen","Hungary","GrandCanyonHiker"
70,"Lucie Laurent","LucieLaurent@example.com","","VISITOR","2026-03-03 22:19:55.874234+01","Nice","France","JazzAndBeignets"
71,"Ethan Coffee","seattle@example.com","","LOCAL","2026-03-03 22:19:55.874754+01","Tarifa","Spain","SeattleBrews"
72,"Emily Franz","EmilyFranz@example.com","","VISITOR","2026-03-03 22:19:55.87528+01","Berlin","Germany","EmilyMountain"
73,"Julia Fischer","JuliaFischer@example.com","","VISITOR","2026-03-03 22:19:55.875802+01","Stuttgart","Germany","JuliaFisch"
74,"Charlotte Savannah","southern@example.com","","LOCAL","2026-03-03 22:19:55.876337+01","Tarifa","Spain","SouthernCharm"
75,"Jack Valley","yosemite@example.com","","VISITOR","2026-03-03 22:19:55.877288+01","San Francisco","USA",NULL
76,"Taylor Lights","Taylor.Lights@example.com","","VISITOR","2026-03-03 22:19:55.877788+01","Galway","Ireland",NULL
77,"Cassidy Serra","Cassidy.Serra@example.com","","VISITOR","2026-03-03 22:19:55.878363+01","Rome","Italy",NULL
78,"Ella Spotlight","broadway@example.com","","LOCAL","2026-03-03 22:19:55.878884+01","Tarifa","Spain","BroadwayStar"
79,"Logan Code","siliconvalley@example.com","","LOCAL","2026-03-03 22:19:55.879435+01","Tarifa","Spain","SiliconValleyTech"
80,"Lucas Distiller","whiskey@example.com","","VISITOR","2026-03-03 22:19:55.880008+01","Edinburgh","United Kingdom","TennesseeWhiskey"
81,"Isabella Harbor","capecod@example.com","","LOCAL","2026-03-03 22:19:55.88053+01","Tarifa","Spain","CapeCodCruiser"
82,"Lea Weber","LeaWeber@example.com","","VISITOR","2026-03-03 22:19:55.881164+01","Hamburg","Germany","LeaWeb"
83,"Nadine Meyer","NadineMeyer@example.com","","VISITOR","2026-03-03 22:19:55.881963+01","Cologne","Germany","NadineMey"
84,"Riley Spurs","cowboyboots@example.com","","VISITOR","2026-03-03 22:19:55.882956+01","Dublin","Ireland","CowboyBoots"
85,"Melanie Wagner","MelanieWagner@example.com","","VISITOR","2026-03-03 22:19:55.883568+01","Dusseldorf","Germany","MelanieWagner"
86,"Jasmine Ricci","Jasmine.Ricci@example.com","","VISITOR","2026-03-03 22:19:55.884213+01","Rome","Italy",NULL
87,"Katharina Becker","spacecenter@example.com","","VISITOR","2026-03-03 22:19:55.884829+01","Frankfurt","Germany","SpaceCenterFan"
88,"Leonardo Rossi","Leonardo.Rossi@example.com","","VISITOR","2026-03-03 22:19:55.885379+01","Florence","Italy",NULL
89,"Daniel Splash","niagara@example.com","","VISITOR","2026-03-03 22:19:55.885969+01","Valencia","Spain","NiagaraFalls"
90,"Lisa Schulz","LisaSchulz@example.com","","VISITOR","2026-03-03 22:19:55.886573+01","Dusseldorf","Germany","LisaSchulz"
91,"Sierra Fontana","bayarea@example.com","","VISITOR","2026-03-03 22:19:55.887142+01","Sunnyvale","USA","BayAreaBiker"
92,"Hunter Craft","denver@example.com","","VISITOR","2026-03-03 22:19:55.88772+01","Bristol","United Kingdom","DenverBrews"
93,"Ella Geyser","EllaGeyser@example.com","","VISITOR","2026-03-03 22:19:55.88829+01","Bremen","Germany","YellowElla"
94,"Anna Nowak","saltlake@example.com","","VISITOR","2026-03-03 22:19:55.888883+01","Warsaw","Poland","SaltLakeSkier"
95,"Audrey Lefebvre","AudreyLefebvre@example.com","","VISITOR","2026-03-03 22:19:55.889466+01","Marseille","France","PhoenixRising"
96,"Brandon Wave","calisurfer@example.com","","LOCAL","2026-03-03 22:19:55.889968+01","Tarifa","Spain","CaliSurfer"
97,"Emily Harbor","bostontea@example.com","","VISITOR","2026-03-03 22:19:55.890538+01","Edinburgh","United Kingdom","BostonTeaParty"
98,"Christian Gallo","keywest@example.com","","VISITOR","2026-03-03 22:19:55.891039+01","Santa Maria del Focallo","Italy","KeyWestChill"
99,"Elena Rossi","ElenaRossi@example.com","","VISITOR","2026-03-03 22:19:55.891588+01","Geneva","Switzerland",NULL
100,"Thomas Fontana","alamo@example.com","","VISITOR","2026-03-03 22:19:55.892135+01","Rome","Italy","AlamoAdventurer"
101,"Autumn North","minneapolis@example.com","","LOCAL","2026-03-03 22:19:55.892664+01","Tarifa","Spain","MinneapolisLakes"
102,"Janine Hoffmann","JanineHoffmann@example.com","","VISITOR","2026-03-03 22:19:55.893159+01","Dusseldorf","Germany","JanineApple"
103,"Skyler Montana","bigsky@example.com","","VISITOR","2026-03-03 22:19:55.893642+01","Cork","Ireland","BigSkyDreamer"
104,"Sabrina Koch","SabrinaKoch@example.com","","VISITOR","2026-03-03 22:19:55.894393+01","Frankfurt","Germany","SabrinaKoch"
105,"Nicole Bauer","NicoleBauer@example.com","","VISITOR","2026-03-03 22:19:55.894886+01","Hamburg","Germany","NicoleTrails"
106,"Élodie Michel","ElodieMichel@example.com","","VISITOR","2026-03-03 22:19:55.895427+01","Paris","France","ZionAdventurer"
107,"Sunny Malibu","goldencoast@example.com","","LOCAL","2026-03-03 22:19:55.895952+01","Tarifa","Spain","GoldenCoastGal"
108,"Ana Silva","AnaSilva@example.com","","VISITOR","2026-03-03 22:19:55.896492+01","Lisbon","Portugal","HollywoodHustler"
109,"Maren Richter","MarenRichter@example.com","","VISITOR","2026-03-03 22:19:55.89702+01","Berlin","Germany","MarenVibes"
110,"Kai Vogel","KaiVogel@example.com","","VISITOR","2026-03-03 22:19:55.897598+01","Garmisch-Partenkirchen","Germany","KaiVogel"
111,"Aspen Trail","sierrahiker@example.com","","VISITOR","2026-03-03 22:19:55.898287+01","Cordoba","Spain","SierraHiker"
112,"Mia Horizon","calisunset@example.com","","LOCAL","2026-03-03 22:19:55.899021+01","Tarifa","Spain","CaliSunset"
113,"Riley Oasis","palmsprings@example.com","","VISITOR","2026-03-03 22:19:55.899687+01","Bristol","United Kingdom","PalmSpringsChill"
114,"Sophia Napa","winecountry@example.com","","LOCAL","2026-03-03 22:19:55.90036+01","Tarifa","Spain","WineCountryDream"
115,"Tyler Skater","veniceboardwalk@example.com","","VISITOR","2026-03-03 22:19:55.900979+01","Malaga","Spain","VeniceBoardwalk"
116,"Ella Laguna","laguna@example.com","","LOCAL","2026-03-03 22:19:55.901559+01","Tarifa","Spain","LagunaLover"
117,"Sage Forest","redwood@example.com","","VISITOR","2026-03-03 22:19:55.902106+01","York","United Kingdom","RedwoodRanger"
118,"Marion Garcia","MarionGarcia@example.com","","VISITOR","2026-03-03 22:19:55.902643+01","Biarritz","France","LaLaLandLife"
119,"Gabriel Popescu","carmel@example.com","","VISITOR","2026-03-03 22:19:55.903191+01","Milan","Italy","CarmelCoastline"
120,"Blake Wave","sandiego@example.com","","VISITOR","2026-03-03 22:19:55.903703+01","San Diego","USA","SanDiegoSurfer"
121,"Chloe Orange","ocfashionista@example.com","","LOCAL","2026-03-03 22:19:55.904248+01","Tarifa","Spain","OCFashionista"
122,"Katarzyna Kowalska","bigbear@example.com","","VISITOR","2026-03-03 22:19:55.904802+01","Gdansk","Poland","BigBearAdventurer"
123,"Vanessa Klein","VanessaKlein@example.com","","VISITOR","2026-03-03 22:19:55.905367+01","Berlin","Germany","VanessaSoul"
124,"Willow Desert","coachella@example.com","","VISITOR","2026-03-03 22:19:55.905875+01","Bilbao","Spain","CoachellaChic"
125,"Parker Pacific","beachcity@example.com","","LOCAL","2026-03-03 22:19:55.906363+01","Tarifa","Spain","BeachCityBreeze"
126,"Isla Cove","monterey@example.com","","LOCAL","2026-03-03 22:19:55.906896+01","Tarifa","Spain","MontereyMermaid"
127,"Nathan Russo","Nathan.Russo@example.com","","VISITOR","2026-03-03 22:19:55.907398+01","Siena","Italy",NULL
128,"Liam Costa","Liam.Costa@example.com","","VISITOR","2026-03-03 22:19:55.907902+01","Venice","Italy",NULL
129,"Sierra Vastag","sierrasunshine@example.com","","VISITOR","2026-03-03 22:19:55.908402+01","Pécs","Hungary","SierraSunshine"
130,"Mareike Wolf","MareikeWolf@example.com","","VISITOR","2026-03-03 22:19:55.908892+01","Potsdam","Germany","MareikeMagic"
131,"Phoenix Cactus","joshuatree@example.com","","VISITOR","2026-03-03 22:19:55.909395+01","Belfast","United Kingdom","JoshuaTreeSeeker"
132,"Aspen Valley","yosemitetrail@example.com","","VISITOR","2026-03-03 22:19:55.910217+01","Liverpool","United Kingdom","YosemiteTrailblazer"
133,"Ivy Coast","santabarbara@example.com","","LOCAL","2026-03-03 22:19:55.910745+01","Tarifa","Spain","SantaBarbaraBreeze"
134,"Jessica Schröder","JessicaSchroder@example.com","","VISITOR","2026-03-03 22:19:55.911241+01","Frankfurt Oder","Germany","GoldenJessica"
135,"Cameron Tides","pacificcoast@example.com","","VISITOR","2026-03-03 22:19:55.911754+01","Bristol","United Kingdom","PacificCoastChaser"
136,"Amandine David","AmandineDavid@example.com","","VISITOR","2026-03-03 22:19:55.912295+01","Bidart","France","OCGlow"
137,"Mason Pier","santamonica@example.com","","VISITOR","2026-03-03 22:19:55.91279+01","Valencia","Spain","SantaMonicaStar"
138,"Dylan Horizon","socalsunrise@example.com","","LOCAL","2026-03-03 22:19:55.913292+01","Tarifa","Spain","SocalSunrise"
139,"Laura Bertrand","LauraBertrand@example.com","","VISITOR","2026-03-03 22:19:55.913808+01","Lyon","France","HollywoodLights"
140,"Vincent Grape","napavalley@example.com","","VISITOR","2026-03-03 22:19:55.914302+01","Madrid","Spain","NapaValleyVine"
141,"Elena Neumann","ElenaNeumann@example.com","","VISITOR","2026-03-03 22:19:55.914925+01","Munich","Germany","WandererElena"
142,"Ethan Code","sanjose@example.com","","VISITOR","2026-03-03 22:19:55.915421+01","Dublin","Ireland","SanJoseCoder"
143,"Leila Glow","venicesunset@example.com","","VISITOR","2026-03-03 22:19:55.915964+01","Los Angeles","USA","VeniceSunset"
144,"Brandon Tide","longbeach@example.com","","VISITOR","2026-03-03 22:19:55.916474+01","Long Beach","USA","LongBeachSurfer"
145,"Sky Dreamer","calidreaming@example.com","","VISITOR","2026-03-03 22:19:55.916983+01","Berkley","USA","CaliDreaming"
146,"Harper Skater","santacruzsoul@example.com","","VISITOR","2026-03-03 22:19:55.917513+01","Belfast","United Kingdom","SantaCruzSoul"
147,"Robert Ocean","mendocino@example.com","","VISITOR","2026-03-03 22:19:55.91802+01","St Ives","United Kingdom","MendocinoWaves"
148,"Pauline Roux","PaulineRoux@example.com","","VISITOR","2026-03-03 22:19:55.918542+01","Lille","France","BeverlyHillsVibes"
149,"Astrid Glas","socalstargazer@example.com","","VISITOR","2026-03-03 22:19:55.919066+01","Hannover","Germany","SoCalStargazer"
150,"Riley Shore","lagunasands@example.com","","VISITOR","2026-03-03 22:19:55.919557+01","Dublin","Ireland","LagunaSands"
151,"Alice Vincent","AliceVincent@example.com","","VISITOR","2026-03-03 22:19:55.920108+01","Arles","France","RedwoodTrail"
152,"Luna Bernardi","joshuasky@example.com","","VISITOR","2026-03-03 22:19:55.920598+01","Milan","Italy","JoshuaSky"
153,"Mia Horizon","goldenhour@example.com","","VISITOR","2026-03-03 22:19:55.921092+01","Seville","Spain","GoldenHourGlow"
154,"Jasper Peak","calisierra@example.com","","VISITOR","2026-03-03 22:19:55.921586+01","Rotterdam","Netherlands","CaliSierraStar"
155,"Ella Fame","hollywoodglam@example.com","","VISITOR","2026-03-03 22:19:55.922108+01","Granada","Spain","HollywoodGlam"
156,"Layla Breeze","malibuserenity@example.com","","VISITOR","2026-03-03 22:19:55.922614+01","Helsinki","Finland","MalibuSerenity"
157,"Kai Hoku","aloha@example.com","","VISITOR","2026-03-03 22:19:55.923127+01","Valencia","Spain","AlohaWave"
158,"Leilani Kalani","sunsethula@example.com","","LOCAL","2026-03-03 22:19:55.923605+01","Tarifa","Spain","SunsetHula"
159,"Nalu Kea","islandvibes@example.com","","LOCAL","2026-03-03 22:19:55.924089+01","Tarifa","Spain","IslandVibes"
160,"Malia Moana","pacificdreamer@example.com","","LOCAL","2026-03-03 22:19:55.924996+01","Tarifa","Spain","PacificDreamer"
161,"Koa Malu","hulaharmony@example.com","","VISITOR","2026-03-03 22:19:55.925505+01","Honolulu","USA","HulaHarmony"
162,"Lani Kai","mauisurfer@example.com","","VISITOR","2026-03-03 22:19:55.92602+01","Maui","USA","MauiSurfer"
163,"Keanu Lani","ohanaheart@example.com","","LOCAL","2026-03-03 22:19:55.926527+01","Tarifa","Spain","OhanaHeart"
164,"Pua Kahakai","tropicalbreeze@example.com","","LOCAL","2026-03-03 22:19:55.927055+01","Tarifa","Spain","TropicalBreeze"
165,"Juliette Fournier","JulietteFournier@example.com","","VISITOR","2026-03-03 22:19:55.927555+01","Paris","France","LavaFlow"
166,"Noelani Wai","molokaimagic10@example.com","","VISITOR","2026-03-03 22:19:55.928094+01","Maui","USA","MolokaiMagic10"
167,"Kalani Maluhia","hawaiisunrise@example.com","","VISITOR","2026-03-03 22:19:55.928635+01","Kauai","USA","HawaiiSunrise"
168,"Makani Olu","pineappleparadise@example.com","","LOCAL","2026-03-03 22:19:55.929199+01","Tarifa","Spain","PineappleParadise"
169,"Halia Anela","alohaspirit@example.com","","LOCAL","2026-03-03 22:19:55.929702+01","Tarifa","Spain","AlohaSpirit"
170,"Lehua Nani","waikiki@example.com","","VISITOR","2026-03-03 22:19:55.93022+01","Honolulu","USA","WaikikiWaves"
171,"Kanoa Pali","bigisland@example.com","","LOCAL","2026-03-03 22:19:55.930784+01","Tarifa","Spain","BigIslandSoul"
172,"Maile Kona","konabreeze@example.com","","VISITOR","2026-03-03 22:19:55.931372+01","Kailua-Kona","USA","KonaBreeze"
173,"Kai Honu","honuhaven@example.com","","VISITOR","2026-03-03 22:19:55.931888+01","Honolulu","USA","HonuHaven"
174,"Meilani Kai","paradiseglow@example.com","","LOCAL","2026-03-03 22:19:55.932397+01","Tarifa","Spain","ParadiseGlow"
175,"Nani Keiki","surfshaka@example.com","","VISITOR","2026-03-03 22:19:55.932914+01","Ishigaki","Japan","SurfShaka"
176,"Iolana Hale","volcanovibes@example.com","","LOCAL","2026-03-03 22:19:55.933538+01","Tarifa","Spain","VolcanoVibes"
177,"Pono Alani","hulahaven@example.com","","VISITOR","2026-03-03 22:19:55.934047+01","Liverpool","United Kingdom","HulaHaven"
178,"Makana Wai","oceanohana@example.com","","VISITOR","2026-03-03 22:19:55.934528+01","Honolulu","USA","OceanOhana"
179,"Kaliko Lani","Amsterdamadventure@example.com","","VISITOR","2026-03-03 22:19:55.935035+01","Amsterdam","Netherlands","AmsterdamAdventure"
180,"Mana Hoku","tikitales@example.com","","VISITOR","2026-03-03 22:19:55.935555+01","Seville","Spain","TikiTales"
181,"Lilia Makai","kauaidream@example.com","","VISITOR","2026-03-03 22:19:55.936069+01","Cordoba","Spain","KauaiDream"
182,"Kekoa Hale","islandexplorer@example.com","","VISITOR","2026-03-03 22:19:55.936578+01","San Francisco","USA","IslandExplorer"
183,"Ala Moana","pacificparadise@example.com","","VISITOR","2026-03-03 22:19:55.937102+01","San Francisco","USA","PacificParadise"
184,"Liko Keiki","sunsetshaka@example.com","","LOCAL","2026-03-03 22:19:55.937603+01","Tarifa","Spain","SunsetShaka"
185,"Nohea Lani","lanailover@example.com","","VISITOR","2026-03-03 22:19:55.938089+01","Malaga","Spain","LanaiLover"
186,"Pele Malu","hawaiiheart@example.com","","VISITOR","2026-03-03 22:19:55.938605+01","Kauai","USA","HawaiiHeart"
187,"Kaiolohia Nalu","tropicalsoul@example.com","","VISITOR","2026-03-03 22:19:55.939106+01","Los Angeles","USA","TropicalSoul"
188,"Hoku Kahakai","molokaimagic@example.com","","VISITOR","2026-03-03 22:19:55.939608+01","Molokai","USA","MolokaiMagic"
189,"Kalena Kai","pearlharbor@example.com","","VISITOR","2026-03-03 22:19:55.94054+01","Palo Alto","USA","PearlHarborHope"
190,"Lilo Hale","haleakala@example.com","","VISITOR","2026-03-03 22:19:55.941069+01","Mountain View","USA","HaleakalaHiker"
191,"Nai’a Moana","oahu@example.com","","VISITOR","2026-03-03 22:19:55.941588+01","Honolulu","USA","OahuOcean"
192,"Keani Ola","polynesian@example.com","","VISITOR","2026-03-03 22:19:55.942099+01","San Diego","USA","PolynesianDream"
193,"Kai Nalu","surfshoreline@example.com","","VISITOR","2026-03-03 22:19:55.942597+01","San Francisco","USA","SurfShoreline"
194,"Lana Wai","ohanaoasis@example.com","","VISITOR","2026-03-03 22:19:55.943107+01","San Jose","USA","OhanaOasis"
195,"Malia Anela","islandglow@example.com","","VISITOR","2026-03-03 22:19:55.943589+01","London","United Kingdom","IslandGlow"
196,"Koa Kahuna","honuharmony@example.com","","VISITOR","2026-03-03 22:19:55.944092+01","Tokyo","Japan","HonuHarmony"
197,"Kalani Ola","waikani@example.com","","VISITOR","2026-03-03 22:19:55.944622+01","Oakland","USA","WaiKani"
198,"Pua Halia","paradisepath@example.com","","VISITOR","2026-03-03 22:19:55.945146+01","Honolulu","USA","ParadisePath"
199,"Nohea Malie","huladancer@example.com","","VISITOR","2026-03-03 22:19:55.945677+01","Los Angeles","USA","HulaDancer"
200,"Anuhea Moana","islanddreams@example.com","","VISITOR","2026-03-03 22:19:55.946182+01","San Francisco","USA","IslandDreams"
201,"Lehua Nalu","kauaisunrise@example.com","","VISITOR","2026-03-03 22:19:55.946679+01","Kauai","USA","KauaiSunrise"
202,"Hoku Kai","pacificglow@example.com","","VISITOR","2026-03-03 22:19:55.947219+01","Kauai","USA","PacificGlow"
203,"Makana Nui","alohaadventures@example.com","","VISITOR","2026-03-03 22:19:55.947945+01","San Jose","USA","AlohaAdventures"
204,"Iolana Moana","waimeawanderer@example.com","","VISITOR","2026-03-03 22:19:55.948605+01","Oakland","USA","WaimeaWanderer"
205,"Kainoa Wai","hawaiiansoul@example.com","","VISITOR","2026-03-03 22:19:55.949161+01","Bilbao","Spain","HawaiianSoul"
206,"Lani Nalu","paradisedream@example.com","","LOCAL","2026-03-03 22:19:55.949664+01","Tarifa","Spain","ParadiseDream"
207,"Lukas Müller","bavarian@example.com","","LOCAL","2026-03-03 22:19:55.950168+01","Tarifa","Spain","BavarianWanderer"
208,"Anna Schmidt","berlinexplorer@example.com","","LOCAL","2026-03-03 22:19:55.950689+01","Tarifa","Spain","BerlinExplorer"
209,"Maximilian Fischer","blackforest@example.com","","VISITOR","2026-03-03 22:19:55.951223+01","Mannheim","Germany","BlackForestSoul"
210,"Sophia Meyer","hamburgharbor@example.com","","LOCAL","2026-03-03 22:19:55.951813+01","Tarifa","Spain","HamburgHarbor"
211,"Felix Becker","rhinelandrider@example.com","","VISITOR","2026-03-03 22:19:55.95233+01","Cologne","Germany","RhinelandRider"
212,"Marie Weber","frankfurt@example.com","","LOCAL","2026-03-03 22:19:55.952843+01","Tarifa","Spain","FrankfurtSkyline"
213,"Jonas Wagner","oktoberfestfan@example.com","","LOCAL","2026-03-03 22:19:55.953388+01","Tarifa","Spain","OktoberfestFan"
214,"Lea Schulz","munichmoments@example.com","","LOCAL","2026-03-03 22:19:55.953901+01","Tarifa","Spain","MunichMoments"
215,"Paul Neumann","brandenburg@example.com","","LOCAL","2026-03-03 22:19:55.954405+01","Tarifa","Spain","BrandenburgBeauty"
216,"Clara Hoffmann","dresdendreamer@example.com","","LOCAL","2026-03-03 22:19:55.955676+01","Tarifa","Spain","DresdenDreamer"
217,"Mathilde Morel","MathildeMorel@example.com","","VISITOR","2026-03-03 22:19:55.95618+01","Saint Tropez","France","BremenBreeze"
218,"Emma Keller","hessenhiker@example.com","","VISITOR","2026-03-03 22:19:55.956717+01","Leeds","United Kingdom","HessenHiker"
219,"Julian Klein","colognecathedral@example.com","","VISITOR","2026-03-03 22:19:55.957253+01","Leeds","United Kingdom","CologneCathedral"
220,"Mia Wolf","stuttgartstars@example.com","","VISITOR","2026-03-03 22:19:55.957799+01","Stuttgart","Germany","StuttgartStars"
221,"Leon Braun","heidelberghaven@example.com","","VISITOR","2026-03-03 22:19:55.958308+01","Seville","Spain","HeidelbergHaven"
222,"Hanna Wagner","leipziglife@example.com","","VISITOR","2026-03-03 22:19:55.958811+01","Leipzig","Germany","LeipzigLife"
223,"Alexander König","bavariaexplorer@example.com","","LOCAL","2026-03-03 22:19:55.95931+01","Tarifa","Spain","BavariaExplorer"
224,"Lara Böhm","dortmunddreamer@example.com","","VISITOR","2026-03-03 22:19:55.959847+01","Dortmund","Germany","DortmundDreamer"
225,"Matthias Lange","hanoverharmony@example.com","","VISITOR","2026-03-03 22:19:55.960373+01","Hannover","Germany","HanoverHarmony"
226,"Johanna Busch","nurembergnotes@example.com","","VISITOR","2026-03-03 22:19:55.96089+01","Nürnberg","Germany","NurembergNotes"
227,"Simon Keller","germantrails@example.com","","LOCAL","2026-03-03 22:19:55.961573+01","Tarifa","Spain","GermanTrails"
228,"Nina Schäfer","ruhr@example.com","","VISITOR","2026-03-03 22:19:55.962113+01","London","United Kingdom","RuhrRiverRun"
229,"Philipp Hartmann","thuringia@example.com","","LOCAL","2026-03-03 22:19:55.962685+01","Tarifa","Spain","ThuringiaTales"
230,"Isabel Stein","bavarianbliss@example.com","","VISITOR","2026-03-03 22:19:55.963132+01","Bordeaux","France","BavarianBliss"
231,"David Krüger","lakeconstance@example.com","","VISITOR","2026-03-03 22:19:55.963565+01","Paris","France","LakeConstanceLife"
232,"Lisa Berger","mosellemagic@example.com","","VISITOR","2026-03-03 22:19:55.964095+01","Valencia","Spain","MoselleMagic"
233,"Christian Horn","schlossfan@example.com","","VISITOR","2026-03-03 22:19:55.964568+01","Sheffield","United Kingdom","SchlossFan"
234,"Laura Fuchs","wanderlust@example.com","","VISITOR","2026-03-03 22:19:55.965014+01","Valencia","Spain","GermanWanderlust"
235,"Florian Vogel","lubecklover@example.com","","VISITOR","2026-03-03 22:19:55.96546+01","Lübeck","Germany","LübeckLover"
236,"Elisa Haas","harzhiker@example.com","","VISITOR","2026-03-03 22:19:55.96589+01","Quedlinburg","Germany","HarzHiker"
237,"Markus Weiß","badenbeauty@example.com","","VISITOR","2026-03-03 22:19:55.966761+01","Baden Baden","Germany","BadenBeauty"
238,"Katrin Bauer","dusseldorfdreamer@example.com","","VISITOR","2026-03-03 22:19:55.967305+01","Düsseldorf","Germany","DüsseldorfDreamer"
239,"Tom Richter","eifelexplorer@example.com","","VISITOR","2026-03-03 22:19:55.967829+01","Leipzig","Germany","EifelExplorer"
240,"Amelie Frank","germanvista@example.com","","VISITOR","2026-03-03 22:19:55.968337+01","Leipzig","Germany","GermanVista"
241,"Patrick Simon","rugen@example.com","","VISITOR","2026-03-03 22:19:55.968932+01","Binz","Germany","RügenRider"
242,"Linda Krause","LindaKrause@example.com","","VISITOR","2026-03-03 22:19:55.969469+01","Basel","Switzerland","BaselBreeze"
243,"Felix Albrecht","wurzburg@example.com","","VISITOR","2026-03-03 22:19:55.969998+01","Madrid","Spain","WürzburgWaves"
244,"Eva Lorenz","serenity@example.com","","VISITOR","2026-03-03 22:19:55.970542+01","Biarritz","France","SaxonSerenity"
245,"Johannes Krämer","germanheritage@example.com","","VISITOR","2026-03-03 22:19:55.971084+01","Jena","Germany","GermanHeritage"
246,"Theresa Herzog","mainzmagic@example.com","","VISITOR","2026-03-03 22:19:55.971608+01","Mainz","Germany","MainzMagic"
247,"Tobias Peters","mecklenburg@example.com","","VISITOR","2026-03-03 22:19:55.972145+01","Strahlsund","Germany","MecklenburgMoods"
248,"Sophie Keller","munichmeadow@example.com","","VISITOR","2026-03-03 22:19:55.972684+01","Munich","Germany","MunichMeadow"
249,"Fabian Hoffmann","germansights@example.com","","VISITOR","2026-03-03 22:19:55.973199+01","Leipzig","Germany","GermanSights"
250,"Melanie Herzog","karlsruhe@example.com","","VISITOR","2026-03-03 22:19:55.97369+01","Karlsruhe","Germany","KarlsruheKing"
251,"Jakob Kaiser","trails@example.com","","VISITOR","2026-03-03 22:19:55.974191+01","Cordoba","Spain","GermanTrailsHiking"
252,"Lisa Ziegler","swabian@example.com","","VISITOR","2026-03-03 22:19:55.974701+01","Arcachon","France","SchwäbischSoul"
253,"Dennis Engel","kielexplorer@example.com","","VISITOR","2026-03-03 22:19:55.975226+01","Kiel","Germany","KielExplorer"
254,"Clara Brandt","germangem@example.com","","VISITOR","2026-03-03 22:19:55.975731+01","Sheffield","United Kingdom","GermanGem"
255,"Michael Schmid","freiburgfan@example.com","","VISITOR","2026-03-03 22:19:55.976247+01","Bremen","Germany","FreiburgFan"
256,"Haruto Tanaka","tokyotraveler@example.com","","VISITOR","2026-03-03 22:19:55.97735+01","Cordoba","Spain","TokyoTraveler"
257,"Sakura Yamamoto","kyotodreamer@example.com","","LOCAL","2026-03-03 22:19:55.977847+01","Tarifa","Spain","KyotoDreamer"
258,"Ren Sato","osakaeats@example.com","","VISITOR","2026-03-03 22:19:55.978371+01","Osaka","Japan","OsakaEats"
259,"Yui Nakamura","fukuokaflavors@example.com","","LOCAL","2026-03-03 22:19:55.978877+01","Tarifa","Spain","FukuokaFlavors"
260,"Kaito Suzuki","hokkaidohiker@example.com","","VISITOR","2026-03-03 22:19:55.979386+01","Alicante","Spain","HokkaidoHiker"
261,"Annika Schwarz","AnnikaSchwarz@example.com","","VISITOR","2026-03-03 22:19:55.979923+01","Dortmund","Germany","AnnikaSchwarz"
262,"Riku Kobayashi","shinjukushines@example.com","","LOCAL","2026-03-03 22:19:55.980428+01","Tarifa","Spain","ShinjukuShines"
263,"Hina Matsumoto","mountfujifan@example.com","","LOCAL","2026-03-03 22:19:55.981013+01","Tarifa","Spain","MountFujiFan"
264,"Souta Yamazaki","nagoyanights@example.com","","VISITOR","2026-03-03 22:19:55.981686+01","Seville","Spain","NagoyaNights"
265,"Sophie Zimmermann","SophieZimmermann@example.com","","VISITOR","2026-03-03 22:19:55.98231+01","Rostock","Germany","RoomForSophie"
266,"Tsubasa Ishikawa","kobecuisine@example.com","","VISITOR","2026-03-03 22:19:55.982869+01","Bristol","United Kingdom","KobeCuisine"
267,"Nao Kato","sendaispirit@example.com","","VISITOR","2026-03-03 22:19:55.983396+01","Bristol","United Kingdom","SendaiSpirit"
268,"Clémentine Girard","ClementineGirard@example.com","","VISITOR","2026-03-03 22:19:55.983905+01","Arles","France","HiroshimaHeart"
269,"Itsuki Hayashi","yokohamayarns@example.com","","VISITOR","2026-03-03 22:19:55.984402+01","Yokohama","Japan","YokohamaYarns"
270,"Anna Andersson","AnnaAndersson@example.com","","VISITOR","2026-03-03 22:19:55.984912+01","Gothenburg","Sweden","AnnaAndersson"
271,"Daiki Okada","naranature@example.com","","VISITOR","2026-03-03 22:19:55.98541+01","Seville","Spain","NaraNature"
272,"Hinata Ono","tokyotales@example.com","","VISITOR","2026-03-03 22:19:55.985922+01","Tokyo","Japan","TokyoTales"
273,"Rin Yamada","kyushukaleidoscope@example.com","","VISITOR","2026-03-03 22:19:55.986418+01","Leeds","United Kingdom","KyushuKaleidoscope"
274,"Marina Braun","chibacharm@example.com","","VISITOR","2026-03-03 22:19:55.986933+01","Weimar","Germany","MarinaCharm"
275,"Misaki Arai","kumamotocastle@example.com","","VISITOR","2026-03-03 22:19:55.987443+01","Osaka","Japan","KumamotoCastle"
276,"Haruki Nishimura","tottoritrails@example.com","","LOCAL","2026-03-03 22:19:55.987925+01","Tarifa","Spain","TottoriTrails"
277,"Sara Takeda","naganonature@example.com","","VISITOR","2026-03-03 22:19:55.988415+01","Malaga","Spain","NaganoNature"
278,"Ryo Hasegawa","shikokuseeker@example.com","","VISITOR","2026-03-03 22:19:55.988936+01","Tokyo","Japan","ShikokuSeeker"
279,"Marie Krüger","MarieKruger@example.com","","VISITOR","2026-03-03 22:19:55.989437+01","Leipzig","Germany","MarieKruger"
280,"Sho Yamaguchi","tokyotrend@example.com","","VISITOR","2026-03-03 22:19:55.990033+01","Bristol","United Kingdom","TokyoTrend"
281,"Emma Johansson","EmmaJohansson@example.com","","VISITOR","2026-03-03 22:19:55.990791+01","Gothenburg","Sweden","EmmaJohansson"
282,"Toma Matsuda","hokkaidoharmony@example.com","","VISITOR","2026-03-03 22:19:55.991295+01","Sapporo","Japan","HokkaidoHarmony"
283,"Sara Karlsson","SaraKarlsson@example.com","","VISITOR","2026-03-03 22:19:55.991794+01","Gothenburg","Sweden","SaraKarlsson"
284,"Masaki Kitagawa","nikko@example.com","","VISITOR","2026-03-03 22:19:55.992286+01","Osaka","Japan","NikkoNostalgia"
285,"Daniela Hoffmann","DanielaHoffmann@example.com","","VISITOR","2026-03-03 22:19:55.992813+01","Kiel","Germany","DanielaHof"
286,"Miriam Schmitz","MiriamSchmitz@example.com","","VISITOR","2026-03-03 22:19:55.993375+01","Magdeburg","Germany","MiriamFlavor"
287,"Stefanie Hartmann","StefanieHartmann@example.com","","VISITOR","2026-03-03 22:19:55.993894+01","Leipzig","Germany","StefanieDrift"
288,"Sarah Huber","Sarah Huber@example.com","","VISITOR","2026-03-03 22:19:55.994364+01","Salzburg","Austria","SarahNext"
289,"Tanja Krause","TanjaKrause@example.com","","VISITOR","2026-03-03 22:19:55.994873+01","Chemnitz","Germany","TanjaKarma"
290,"Maya Nakagawa","hakone@example.com","","VISITOR","2026-03-03 22:19:55.995366+01","Hakone","Japan","HakoneHideaway"
291,"Ryohei Morimoto","osakasoul@example.com","","VISITOR","2026-03-03 22:19:55.995867+01","Osaka","Japan","OsakaSoul"
292,"Kana Matsuda","tokyoshimmer@example.com","","VISITOR","2026-03-03 22:19:55.99637+01","Sheffield","United Kingdom","TokyoShimmer"
293,"Yuuki Kondo","hokkaidoexplorer@example.com","","VISITOR","2026-03-03 22:19:55.996885+01","Manchester","United Kingdom","HokkaidoExplorer"
294,"Reina Fujita","narawisdom@example.com","","VISITOR","2026-03-03 22:19:55.99738+01","Bilbao","Spain","NaraWisdom"
295,"Anaïs Andre","kyotoelegance@example.com","","VISITOR","2026-03-03 22:19:55.997884+01","Birraitz","France","KyotoElegance"
296,"Christina Lange","ChristinaLange@example.com","","VISITOR","2026-03-03 22:19:55.998509+01","Dusseldorf","Germany","ChristinaWaves"
297,"Emi Kojima","hiroshimaha@example.com","","VISITOR","2026-03-03 22:19:55.999068+01","Madrid","Spain","HiroshimaHarmony"
298,"Sora Ueda","rotterdamlife@example.com","","VISITOR","2026-03-03 22:19:55.99956+01","Rotterdam","Netherlands","RotterdamLife"
299,"Carolin Schmitt","CarolinSchmitt@example.com","","VISITOR","2026-03-03 22:19:56.00007+01","Leipzig","Germany","CarolinPeaks"
300,"Eiji Sakamoto","tokyotwilight@example.com","","VISITOR","2026-03-03 22:19:56.000577+01","Manchester","United Kingdom","TokyoTwilight"
301,"Franziska Werner","FranziskaWerner@example.com","","VISITOR","2026-03-03 22:19:56.001082+01","Munich","Germany","FranziskaWerner"
302,"Maria Santos","Maria Santos@example.com","","VISITOR","2026-03-03 22:19:56.001597+01","Porto","Portugal","JapaneseSoul"
303,"Miki Oda","hiroshimalight@example.com","","LOCAL","2026-03-03 22:19:56.002097+01","Tarifa","Spain","HiroshimaLight"
304,"Naoki Itō","tokyosere@example.com","","LOCAL","2026-03-03 22:19:56.002602+01","Tarifa","Spain","TokyoSerene"
305,"Ruri Endo","okinawasea@example.com","","LOCAL","2026-03-03 22:19:56.003128+01","Tarifa","Spain","OkinawanSea"
306,"Élise Moreau","parisiandream@example.com","","LOCAL","2026-03-03 22:19:56.003656+01","Tarifa","Spain","ParisianDream"
307,"Lucas Dubois","lyonlover@example.com","","LOCAL","2026-03-03 22:19:56.004164+01","Tarifa","Spain","LyonLover"
308,"Sophie Laurent","rivierachic@example.com","","LOCAL","2026-03-03 22:19:56.004662+01","Tarifa","Spain","RivieraChic"
309,"Antoine Girard","bordeauxbliss@example.com","","VISITOR","2026-03-03 22:19:56.005485+01","Bordeaux","France","BordeauxBliss"
310,"Camille Rousseau","provencesun@example.com","","VISITOR","2026-03-03 22:19:56.006015+01","Edinburgh","United Kingdom","ProvenceSun"
311,"Julien Lefèvre","normandynotes@example.com","","VISITOR","2026-03-03 22:19:56.006544+01","Le Havre","France","NormandyNotes"
312,"Claire Fontaine","chateauchic@example.com","","VISITOR","2026-03-03 22:19:56.007063+01","Bordeaux","France","ChâteauChic"
313,"Hugo Bernard","toulousetales@example.com","","VISITOR","2026-03-03 22:19:56.007643+01","Toulouse","France","ToulouseTales"
314,"Anaïs Petit","alsaceadventures@example.com","","LOCAL","2026-03-03 22:19:56.00816+01","Tarifa","Spain","AlsaceAdventures"
315,"Thomas Garnier","corsicanvibes@example.com","","VISITOR","2026-03-03 22:19:56.008675+01","Dublin","Ireland","CorsicanVibes"
316,"Chloé Durand","parisianpoet@example.com","","LOCAL","2026-03-03 22:19:56.009209+01","Tarifa","Spain","ParisianPoet"
317,"Gabriel Blanchard","loirelover@example.com","","VISITOR","2026-03-03 22:19:56.009751+01","Bristol","United Kingdom","LoireLover"
318,"Manon Dupont","brittanybreeze@example.com","","LOCAL","2026-03-03 22:19:56.0103+01","Tarifa","Spain","BrittanyBreeze"
319,"Louis Perrault","nicenomad@example.com","","VISITOR","2026-03-03 22:19:56.010799+01","Nice","France","NiceNomad"
320,"Isabelle Reynaud","marseillemagic@example.com","","LOCAL","2026-03-03 22:19:56.011292+01","Tarifa","Spain","MarseilleMagic"
321,"Jacques Lambert","versaillesviews@example.com","","VISITOR","2026-03-03 22:19:56.011825+01","Versailles","France","VersaillesViews"
322,"Émilie Simon","cannescharm@example.com","","LOCAL","2026-03-03 22:19:56.012335+01","Tarifa","Spain","CannesCharm"
323,"Maxime Charron","strasbourgstories@example.com","","VISITOR","2026-03-03 22:19:56.012825+01","Strasbourg","France","StrasbourgStories"
324,"Louise Roche","lillelife@example.com","","VISITOR","2026-03-03 22:19:56.013335+01","Leeds","United Kingdom","LilleLife"
325,"Benoît Noël","avignonart@example.com","","LOCAL","2026-03-03 22:19:56.014152+01","Tarifa","Spain","AvignonArt"
326,"Sabrina Faucher","parisianstyle@example.com","","VISITOR","2026-03-03 22:19:56.014681+01","Edinburgh","United Kingdom","ParisianStyle"
327,"Théo Martin","montpelliermoments@example.com","","VISITOR","2026-03-03 22:19:56.015212+01","Helsinki","Finland","MontpellierMoments"
328,"Léa Barret","frenchfinesse@example.com","","LOCAL","2026-03-03 22:19:56.015745+01","Tarifa","Spain","FrenchFinesse"
329,"Alexandre Clément","dijondelights@example.com","","VISITOR","2026-03-03 22:19:56.016253+01","Dijon","France","DijonDelights"
330,"Charlotte Poirier","reimsrendezvous@example.com","","VISITOR","2026-03-03 22:19:56.016752+01","Paris","France","ReimsRendezvous"
331,"Victor Chevalier","parisianlights@example.com","","VISITOR","2026-03-03 22:19:56.01726+01","Paris","France","ParisianLights"
332,"Aurélie Leclerc","cotecharm@example.com","","LOCAL","2026-03-03 22:19:56.017789+01","Tarifa","Spain","CôteCharm"
333,"Nicolas Marchand","frenchflavors@example.com","","VISITOR","2026-03-03 22:19:56.01831+01","Marseille","France","FrenchFlavors"
334,"Elodie Robin","lyonlights@example.com","","VISITOR","2026-03-03 22:19:56.018787+01","Lyon","France","LyonLights"
335,"Mathieu Giraud","provencedream@example.com","","VISITOR","2026-03-03 22:19:56.019326+01","Marseille","France","ProvenceDream"
336,"Amélie Richard","bordeauxvines@example.com","","LOCAL","2026-03-03 22:19:56.019852+01","Tarifa","Spain","BordeauxVines"
337,"Guillaume Fournier","normandysunset@example.com","","LOCAL","2026-03-03 22:19:56.020775+01","Tarifa","Spain","NormandySunset"
338,"Pauline Vidal","chateaudream@example.com","","VISITOR","2026-03-03 22:19:56.021354+01","Blois","France","ChâteauDream"
339,"Arthur Lefebvre","parisiancharm@example.com","","VISITOR","2026-03-03 22:19:56.021903+01","Paris","France","ParisianCharm"
340,"Juliette Rolland","rivieraroamer@example.com","","VISITOR","2026-03-03 22:19:56.022473+01","Marseille","France","RivieraRoamer"
341,"Baptiste Tessier","charmonixcharm@example.com","","VISITOR","2026-03-03 22:19:56.023018+01","Charmonix","France","ToulouseCharm"
342,"Alice Monet","corsicanwinds@example.com","","LOCAL","2026-03-03 22:19:56.023544+01","Tarifa","Spain","CorsicanWinds"
343,"François Marin","alsacevistas@example.com","","LOCAL","2026-03-03 22:19:56.024051+01","Tarifa","Spain","AlsaceVistas"
344,"Marie Castaing","parisianeclat@example.com","","VISITOR","2026-03-03 22:19:56.024567+01","Paris","France","ParisianEclat"
345,"Jean Roux","provencesoul@example.com","","VISITOR","2026-03-03 22:19:56.025083+01","Apt","France","ProvenceSoul"
346,"Nathalie Caron","bordeauxbeats@example.com","","LOCAL","2026-03-03 22:19:56.025577+01","Tarifa","Spain","BordeauxBeats"
347,"Étienne Pelletier","lillevibes@example.com","","LOCAL","2026-03-03 22:19:56.026066+01","Tarifa","Spain","LilleVibes"
348,"Clara Brunet","reimsluxe@example.com","","VISITOR","2026-03-03 22:19:56.026625+01","Lyon","France","ReimsLuxe"
349,"Lucas Gaillard","avignonaura@example.com","","VISITOR","2026-03-03 22:19:56.027166+01","Avignon","France","AvignonAura"
350,"Sophie Pelletier","parisianglow@example.com","","VISITOR","2026-03-03 22:19:56.027934+01","Cordoba","Spain","ParisianGlow"
351,"Kerstin Meier","KerstinMeier@example.com","","VISITOR","2026-03-03 22:19:56.02851+01","Karlsruhe","Germany","RivieraDream"
352,"Zoé Moulin","normandytides@example.com","","LOCAL","2026-03-03 22:19:56.029403+01","Tarifa","Spain","NormandyTides"
353,"Maxime Laurent","canneslights@example.com","","VISITOR","2026-03-03 22:19:56.02992+01","Cannes","France","CannesLights"
354,"Emma Fabre","lyonsoul@example.com","","VISITOR","2026-03-03 22:19:56.030462+01","Lille","France","LyonSoul"
355,"Alexandre Rivière","parisianvibe@example.com","","LOCAL","2026-03-03 22:19:56.030978+01","Tarifa","Spain","ParisianVibe"
356,"Alejandro García","madridmaven@example.com","","VISITOR","2026-03-03 22:19:56.031646+01","Madrid","Spain","MadridMaven"
357,"Lucía Martínez","barcelonabreeze@example.com","","LOCAL","2026-03-03 22:19:56.03223+01","Tarifa","Spain","BarcelonaBreeze"
358,"Carlos Fernández","sevillespirit@example.com","","LOCAL","2026-03-03 22:19:56.032763+01","Tarifa","Spain","SevilleSpirit"
359,"Sofía López","granadaglow@example.com","","LOCAL","2026-03-03 22:19:56.033304+01","Tarifa","Spain","GranadaGlow"
360,"Javier Sánchez","valenciavibe@example.com","","LOCAL","2026-03-03 22:19:56.03382+01","Tarifa","Spain","ValenciaVibe"
361,"Ana Rodríguez","bilbaowanderer@example.com","","VISITOR","2026-03-03 22:19:56.03432+01","Bilbao","Spain","BilbaoWanderer"
362,"Diego Pérez","malagamuse@example.com","","VISITOR","2026-03-03 22:19:56.034808+01","Málaga","Spain","MálagaMuse"
363,"Elena Morales","toledotales@example.com","","LOCAL","2026-03-03 22:19:56.035309+01","Tarifa","Spain","ToledoTales"
364,"Manuel Romero","ibizanights@example.com","","LOCAL","2026-03-03 22:19:56.035831+01","Tarifa","Spain","IbizaNights"
365,"Laura Ruiz","canarysoul@example.com","","VISITOR","2026-03-03 22:19:56.036331+01","Corralejo","Spain","CanarySoul"
366,"Pablo Jiménez","madridmarvel@example.com","","VISITOR","2026-03-03 22:19:56.036829+01","Madrid","Spain","MadridMarvel"
367,"Isabel Gil","cadizcoast@example.com","","LOCAL","2026-03-03 22:19:56.03732+01","Tarifa","Spain","CadizCoast"
368,"Marcos Castillo","zaragozazen@example.com","","VISITOR","2026-03-03 22:19:56.037803+01","Zaragoza","Spain","ZaragozaZen"
369,"Carmen Torres","galiciagreen@example.com","","LOCAL","2026-03-03 22:19:56.038304+01","Tarifa","Spain","GaliciaGreen"
370,"Miguel Vargas","madridmoments@example.com","","VISITOR","2026-03-03 22:19:56.038837+01","Madrid","Spain","MadridMoments"
371,"Alicia Navarro","barcelonacharm@example.com","","LOCAL","2026-03-03 22:19:56.03933+01","Tarifa","Spain","BarcelonaCharm"
372,"Raúl Castro","sevillesun@example.com","","VISITOR","2026-03-03 22:19:56.039842+01","Seville","Spain","SevilleSun"
373,"María Ortega","granadadreams@example.com","","LOCAL","2026-03-03 22:19:56.040333+01","Tarifa","Spain","GranadaDreams"
374,"José Alonso","valenciasunset@example.com","","LOCAL","2026-03-03 22:19:56.040831+01","Tarifa","Spain","ValenciaSunset"
375,"Patricia Delgado","bilbaobliss@example.com","","VISITOR","2026-03-03 22:19:56.041334+01","Bilbao","Spain","BilbaoBliss"
376,"Ricardo Vega","ibizabliss@example.com","","VISITOR","2026-03-03 22:19:56.041848+01","Ibiza","Spain","IbizaBliss"
377,"Ángela Bautista","toledotime@example.com","","LOCAL","2026-03-03 22:19:56.042372+01","Tarifa","Spain","ToledoTime"
378,"Luis Herrera","madridnights@example.com","","VISITOR","2026-03-03 22:19:56.042857+01","Madrid","Spain","MadridNights"
379,"Rosa Maldonado","sevilleserenade@example.com","","LOCAL","2026-03-03 22:19:56.043372+01","Tarifa","Spain","SevilleSerenade"
380,"Elif Kaya","ElifKaya@example.com","","VISITOR","2026-03-03 22:19:56.043855+01","Leipzig","Germany","ElifSun"
381,"Clara Peña","barcelonastar@example.com","","VISITOR","2026-03-03 22:19:56.044927+01","Barcelona","Spain","BarcelonaStar"
382,"Mario Pardo","valenciachic@example.com","","VISITOR","2026-03-03 22:19:56.045414+01","Valencia","Spain","ValenciaChic"
383,"Marta Campos","malagamagic@example.com","","VISITOR","2026-03-03 22:19:56.045889+01","Malaga","Spain","MálagaMagic"
384,"Victor Cabrera","bilbaobreeze@example.com","","VISITOR","2026-03-03 22:19:56.046372+01","Bilbao","Spain","BilbaoBreeze"
385,"Paula Méndez","madridmoods@example.com","","VISITOR","2026-03-03 22:19:56.046865+01","Madrid","Spain","MadridMoods"
386,"Eduardo León","sevillelove@example.com","","VISITOR","2026-03-03 22:19:56.04735+01","Seville","Spain","SevilleLove"
387,"Adriana Núñez","granadajoy@example.com","","LOCAL","2026-03-03 22:19:56.047889+01","Tarifa","Spain","GranadaJoy"
388,"Jorge Méndez","valenciasoul@example.com","","VISITOR","2026-03-03 22:19:56.048351+01","Valencia","Spain","ValenciaSoul"
389,"Sara Pascual","ibizasun@example.com","","LOCAL","2026-03-03 22:19:56.048825+01","Tarifa","Spain","IbizaSun"
390,"Fernando Acosta","toledocharm@example.com","","VISITOR","2026-03-03 22:19:56.049313+01","Toledo","Spain","ToledoCharm"
391,"Andrea Solano","madriddream@example.com","","VISITOR","2026-03-03 22:19:56.049783+01","Madrid","Spain","MadridDream"
392,"Juan Rivas","sevillestar@example.com","","VISITOR","2026-03-03 22:19:56.050291+01","Malaga","Spain","SevilleStar"
393,"Beatriz Gallego","granadabliss@example.com","","VISITOR","2026-03-03 22:19:56.050812+01","Granada","Spain","GranadaBliss"
394,"Gonzalo Salazar","barcelonabeats@example.com","","VISITOR","2026-03-03 22:19:56.051285+01","Barcelona","Spain","BarcelonaBeats"
395,"Irene Aguilar","valenciaview@example.com","","LOCAL","2026-03-03 22:19:56.051819+01","Tarifa","Spain","ValenciaView"
396,"Oscar Esteban","malagavibes@example.com","","VISITOR","2026-03-03 22:19:56.052298+01","Leeds","United Kingdom","MálagaVibes"
397,"Lea Keller","LeaKeller@example.com","","VISITOR","2026-03-03 22:19:56.052784+01","Zurich","Switzerland","ZurichBeauty"
398,"Ignacio Iglesias","madridmagic@example.com","","VISITOR","2026-03-03 22:19:56.053271+01","Bilbao","Spain","MadridMagic"
399,"Cristina Villar","sevillechic@example.com","","LOCAL","2026-03-03 22:19:56.053749+01","Tarifa","Spain","SevilleChic"
400,"Pedro Ibáñez","granadasoul@example.com","","LOCAL","2026-03-03 22:19:56.054235+01","Tarifa","Spain","GranadaSoul"
401,"Valeria Bravo","barcelonaglow@example.com","","LOCAL","2026-03-03 22:19:56.05473+01","Tarifa","Spain","BarcelonaGlow"
402,"Sebastián Arroyo","valenciavibes@example.com","","VISITOR","2026-03-03 22:19:56.055237+01","Valencia","Spain","ValenciaVibes"
403,"Aitana Lozano","malagamoments@example.com","","VISITOR","2026-03-03 22:19:56.055728+01","Málaga","Spain","MálagaMoments"
404,"Julián Serrano","bilbaolife@example.com","","LOCAL","2026-03-03 22:19:56.056226+01","Tarifa","Spain","BilbaoLife"
405,"Lola Prieto","madridpassion@example.com","","LOCAL","2026-03-03 22:19:56.056718+01","Tarifa","Spain","MadridPassion"
406,"Erik Johansson","nordicexplorers@example.com","","LOCAL","2026-03-03 22:19:56.057206+01","Tarifa","Spain","NordicExplorers"
407,"Ingrid Andersson","saminomad@example.com","","LOCAL","2026-03-03 22:19:56.057691+01","Tarifa","Spain","SamiNomad"
408,"Björn Larsson","vikingvoyager@example.com","","LOCAL","2026-03-03 22:19:56.058174+01","Tarifa","Spain","VikingVoyager"
409,"Astrid Olsen","fjorddreamer@example.com","","VISITOR","2026-03-03 22:19:56.059026+01","Bodo","Norway","FjordDreamer"
410,"Magnus Nielsen","aurorahunter@example.com","","LOCAL","2026-03-03 22:19:56.059502+01","Tarifa","Spain","AuroraHunter"
411,"Elsa Lindström","scandinaviansoul@example.com","","LOCAL","2026-03-03 22:19:56.060063+01","Tarifa","Spain","ScandinavianSoul"
412,"Klaus Jakobsen","laplandwanderer@example.com","","VISITOR","2026-03-03 22:19:56.060624+01","Oulu","Finland","LaplandWanderer"
413,"Helena Gustafsson","odinseeker@example.com","","LOCAL","2026-03-03 22:19:56.061227+01","Tarifa","Spain","OdinSeeker"
414,"Lars Pettersson","nordicwaves@example.com","","LOCAL","2026-03-03 22:19:56.061783+01","Tarifa","Spain","NordicWaves"
415,"Karin Svensson","vikinglegacy@example.com","","LOCAL","2026-03-03 22:19:56.062357+01","Tarifa","Spain","VikingLegacy"
416,"Torbjørn Eriksen","icelandicdreamer@example.com","","LOCAL","2026-03-03 22:19:56.062916+01","Tarifa","Spain","IcelandicDreamer"
417,"Aino Nieminen","sistrength@example.com","","LOCAL","2026-03-03 22:19:56.063492+01","Tarifa","Spain","SisuStrength"
418,"Mikael Holm","scandiwanderer@example.com","","LOCAL","2026-03-03 22:19:56.064051+01","Tarifa","Spain","ScandiWanderer"
419,"Freja Karlsson","vikingshield@example.com","","LOCAL","2026-03-03 22:19:56.064597+01","Tarifa","Spain","VikingShield"
420,"Erik Svensson","nordichiker@example.com","","VISITOR","2026-03-03 22:19:56.065142+01","Stockholm","Sweden","NordicHiker"
421,"Isabella Madsen","auroralights@example.com","","VISITOR","2026-03-03 22:19:56.065683+01","Helsinki","Finland","AuroraLights"
422,"Timo Jørgensen","laplandsnow@example.com","","VISITOR","2026-03-03 22:19:56.066221+01","Oulu","Finland","LaplandSnow"
423,"Sofia Eriksson","nordicroots@example.com","","LOCAL","2026-03-03 22:19:56.066772+01","Tarifa","Spain","NordicRoots"
424,"Nils Olsson","vikingsword@example.com","","VISITOR","2026-03-03 22:19:56.067309+01","Tampere","Finland","VikingSword"
425,"Bente Jensen","fjordexplorer@example.com","","LOCAL","2026-03-03 22:19:56.067846+01","Tarifa","Spain","FjordExplorer"
426,"Lina Hansen","northerntales@example.com","","LOCAL","2026-03-03 22:19:56.06839+01","Tarifa","Spain","NorthernTales"
427,"Jakob Lund","iceclimber@example.com","","VISITOR","2026-03-03 22:19:56.068925+01","Stockholm","Sweden","IceClimber"
428,"Liv Nyström","skadihunter@example.com","","LOCAL","2026-03-03 22:19:56.069422+01","Tarifa","Spain","SkadiHunter"
429,"Jonas Magnusson","nordicjourney@example.com","","VISITOR","2026-03-03 22:19:56.069906+01","Stockholm","Sweden","NordicJourney"
430,"Emilia Virtanen","finnishforest@example.com","","VISITOR","2026-03-03 22:19:56.07041+01","Tampere","Finland","FinnishForest"
431,"Mads Larsen","vikingheart@example.com","","LOCAL","2026-03-03 22:19:56.070875+01","Tarifa","Spain","VikingHeart"
432,"Katrine Skaar","frozenfjord@example.com","","LOCAL","2026-03-03 22:19:56.071354+01","Tarifa","Spain","FrozenFjord"
433,"Anders Sørensen","nordicexplorer@example.com","","VISITOR","2026-03-03 22:19:56.071822+01","Aarhus","Denmark","NordicExplorer"
434,"Olivia Petersen","thorstorm@example.com","","VISITOR","2026-03-03 22:19:56.072694+01","Stockholm","Sweden","ThorStorm"
435,"Stig Johansen","scandisoul@example.com","","LOCAL","2026-03-03 22:19:56.073176+01","Tarifa","Spain","ScandiSoul"
436,"Inga Pedersen","fjordbreeze@example.com","","VISITOR","2026-03-03 22:19:56.073664+01","Bergen","Norway","FjordBreeze"
437,"Ari Kallio","helsinkidream@example.com","","LOCAL","2026-03-03 22:19:56.074203+01","Tarifa","Spain","HelsinkiDream"
438,"Mia Johannessen","frostynordic@example.com","","LOCAL","2026-03-03 22:19:56.074736+01","Tarifa","Spain","FrostyNordic"
439,"Ludvig Möller","vikingrune@example.com","","VISITOR","2026-03-03 22:19:56.075263+01","Malmö","Sweden","VikingRune"
440,"Saga Jensen","snowyviking@example.com","","LOCAL","2026-03-03 22:19:56.075757+01","Tarifa","Spain","SnowyViking"
441,"Eirik Knutsen","scanditales@example.com","","VISITOR","2026-03-03 22:19:56.076296+01","Stockholm","Sweden","ScandiTales"
442,"Karolina Håkansson","nordiccharm@example.com","","LOCAL","2026-03-03 22:19:56.07679+01","Tarifa","Spain","NordicCharm"
443,"Oscar Lindahl","vikingfury@example.com","","VISITOR","2026-03-03 22:19:56.077326+01","Copenhagen","Denmark","VikingFury"
444,"Hanne Dahl","frozentrail@example.com","","LOCAL","2026-03-03 22:19:56.077862+01","Tarifa","Spain","FrozenTrail"
445,"Fredrik Persson","northernbliss@example.com","","LOCAL","2026-03-03 22:19:56.078335+01","Tarifa","Spain","NorthernBliss"
446,"Tina Bergström","vikingdream@example.com","","LOCAL","2026-03-03 22:19:56.078823+01","Tarifa","Spain","VikingDream"
447,"Nina Sällström","scandivibes@example.com","","VISITOR","2026-03-03 22:19:56.079344+01","Oulu","Finland","ScandiVibes"
448,"Jens Madsen","icelandicsunset@example.com","","VISITOR","2026-03-03 22:19:56.079857+01","Reykjavik","Iceland","IcelandicSunset"
449,"Signe Nygaard","helsinkilights@example.com","","LOCAL","2026-03-03 22:19:56.08039+01","Tarifa","Spain","HelsinkiLights"
450,"Olaf Lund","northernexplorer@example.com","","LOCAL","2026-03-03 22:19:56.080894+01","Tarifa","Spain","NorthernExplorer"
451,"Freja Olofsson","scandiforest@example.com","","LOCAL","2026-03-03 22:19:56.081694+01","Tarifa","Spain","ScandiForest"
452,"Johan Olafsson","icelandicvibes@example.com","","VISITOR","2026-03-03 22:19:56.082227+01","Reykjavik","Iceland","IcelandicVibes"
453,"Sofie Svensson","vikingspirit@example.com","","LOCAL","2026-03-03 22:19:56.082754+01","Tarifa","Spain","VikingSpirit"
454,"Henrik Johansen","snowtrekker@example.com","","VISITOR","2026-03-03 22:19:56.083308+01","Kopenhagen","Denmark","SnowTrekker"
455,"Elin Håkansson","auroranomad@example.com","","LOCAL","2026-03-03 22:19:56.083824+01","Tarifa","Spain","AuroraNomad"
456,"María González","salsaqueen@example.com","","LOCAL","2026-03-03 22:19:56.084285+01","Tarifa","Spain","SalsaQueen"
457,"Carlos Rodríguez","tangoking@example.com","","VISITOR","2026-03-03 22:19:56.084718+01","Cork","Ireland","TangoKing"
458,"Lucía Pérez","fiestavibes@example.com","","LOCAL","2026-03-03 22:19:56.085144+01","Tarifa","Spain","FiestaVibes"
459,"Meryem Demir","MeryemDemir@example.com","","VISITOR","2026-03-03 22:19:56.085579+01","Berlin","Germany","MeryemSoul"
460,"Ana Díaz","cumbialover@example.com","","LOCAL","2026-03-03 22:19:56.085989+01","Tarifa","Spain","CumbiaLover"
461,"Luis Hernández","puravidaspirit@example.com","","VISITOR","2026-03-03 22:19:56.086397+01","Bilbao","Spain","PuraVidaSpirit"
462,"Isabella Fernández","churrostaster@example.com","","VISITOR","2026-03-03 22:19:56.086844+01","Madrid","Spain","ChurrosTaster"
463,"Miguel González","carnavalheart@example.com","","VISITOR","2026-03-03 22:19:56.087253+01","Ronda","Spain","CarnavalHeart"
464,"Valentina Sánchez","latinexplorer@example.com","","LOCAL","2026-03-03 22:19:56.087649+01","Tarifa","Spain","LatinExplorer"
465,"Diego Torres","peruvianadventurer@example.com","","VISITOR","2026-03-03 22:19:56.088063+01","Manchester","United Kingdom","PeruvianAdventurer"
466,"Ximena López","aztecwarrior@example.com","","LOCAL","2026-03-03 22:19:56.088476+01","Tarifa","Spain","AztecWarrior"
467,"Santiago Rodríguez","andeandreamer@example.com","","VISITOR","2026-03-03 22:19:56.089058+01","Bilbao","Spain","AndeanDreamer"
468,"Camila Ruiz","vivalavida@example.com","","LOCAL","2026-03-03 22:19:56.089534+01","Tarifa","Spain","VivaLaVida"
469,"Gabriel Silva","brazilianbeat@example.com","","LOCAL","2026-03-03 22:19:56.090068+01","Tarifa","Spain","BrazilianBeat"
470,"Viktoria Schmidt","ViktoriaSchmidt@example.com","","VISITOR","2026-03-03 22:19:56.09074+01","Leipzig","Germany","ViktoriaVibes"
471,"Eduardo Costa","sambaspirit@example.com","","LOCAL","2026-03-03 22:19:56.091364+01","Tarifa","Spain","SambaSpirit"
472,"Mariana Fernández","latinaflare@example.com","","VISITOR","2026-03-03 22:19:56.091958+01","Salamanca","Spain","LatinaFlare"
473,"Carlos Ramírez","venezuelansunset@example.com","","VISITOR","2026-03-03 22:19:56.092534+01","Granada","Spain","VenezuelanSunset"
474,"Valeria Jiménez","colombianrhythm@example.com","","VISITOR","2026-03-03 22:19:56.093111+01","Birmingham","United Kingdom","ColombianRhythm"
475,"Javier López","tropicaldream@example.com","","VISITOR","2026-03-03 22:19:56.093712+01","Paris","France","TropicalDream"
476,"Beatriz Morales","bolivianjourney@example.com","","VISITOR","2026-03-03 22:19:56.094239+01","Malaga","Spain","BolivianJourney"
477,"Fernando Castillo","caribbeansoul@example.com","","VISITOR","2026-03-03 22:19:56.094748+01","Salamanca","Spain","CaribbeanSoul"
478,"Elena Gómez","mayanmysteries@example.com","","VISITOR","2026-03-03 22:19:56.0956+01","Sevilla","Spain","MayanMysteries"
479,"Antonio Díaz","cubavibes@example.com","","VISITOR","2026-03-03 22:19:56.096097+01","Alicante","Spain","CubaVibes"
480,"Leyla Yılmaz","LeylaYılmaz@example.com","","VISITOR","2026-03-03 22:19:56.096644+01","Stuttgart","Germany","PuertoRicoRhythm"
481,"Marco Martínez","latinoenergy@example.com","","VISITOR","2026-03-03 22:19:56.097169+01","Madrid","Spain","LatinoEnergy"
482,"Lucía Rivera","tacolover@example.com","","VISITOR","2026-03-03 22:19:56.097679+01","Frankfurt","Germany","TacoLover"
483,"Jorge Vargas","mangofiesta@example.com","","VISITOR","2026-03-03 22:19:56.098239+01","Leeds","United Kingdom","MangoFiesta"
484,"Laura Ramírez","amazonadventurer@example.com","","VISITOR","2026-03-03 22:19:56.098767+01","Valencia","Spain","AmazonAdventurer"
485,"María Rodríguez","cumbiaprincess@example.com","","VISITOR","2026-03-03 22:19:56.099298+01","Cordoba","Spain","CumbiaPrincess"
486,"Raúl Sánchez","salsagoddess@example.com","","VISITOR","2026-03-03 22:19:56.099784+01","Belfast","United Kingdom","SalsaGoddess"
487,"Jessica Castillo","mojitotime@example.com","","VISITOR","2026-03-03 22:19:56.100267+01","Madrid","Spain","MojitoTime"
488,"Myriam Lefevre","MyriamLefevre@example.com","","VISITOR","2026-03-03 22:19:56.100794+01","Nice","France","LatinSunshine"
489,"Rosa Fernández","bossanovasoul@example.com","","VISITOR","2026-03-03 22:19:56.101306+01","Granada","Spain","BossaNovaSoul"
490,"Fatoumata Mercier","FatoumataMercier@example.com","","VISITOR","2026-03-03 22:19:56.101782+01","Marseille","France","AndesExplorer"
491,"Lara Bianchi","LaraBianchi@example.com","","VISITOR","2026-03-03 22:19:56.102259+01","Geneva","Switzerland","LaraCarnival"
492,"Carlos Pérez","tulumvibes@example.com","","VISITOR","2026-03-03 22:19:56.102761+01","Belfast","United Kingdom","TulumVibes"
493,"Marcela López","salsasoul@example.com","","VISITOR","2026-03-03 22:19:56.10351+01","Birmingham","United Kingdom","SalsaSoul"
494,"Joaquín Herrera","chileanexplorer@example.com","","VISITOR","2026-03-03 22:19:56.104021+01","Bremen","Germany","ChileanExplorer"
495,"Ana María López","mayasoul@example.com","","VISITOR","2026-03-03 22:19:56.104511+01","Cancun","Mexico","MayaSoul"
496,"Ricardo Jiménez","vivamexico@example.com","","VISITOR","2026-03-03 22:19:56.10498+01","Mexico City","Mexico","VivaMexico"
497,"Laura Ruiz","cubasunset@example.com","","VISITOR","2026-03-03 22:19:56.105469+01","Cancun","Mexico","CubaSunset"
498,"Sabrina Dupont","SabrinaDupont@example.com","","VISITOR","2026-03-03 22:19:56.105977+01","Apt","France","MexicanHeritage"
499,"Gabriela Castro","tropicalisland@example.com","","VISITOR","2026-03-03 22:19:56.106489+01","Madrid","Spain","TropicalIsland"
500,"Fatma Yıldız","FatmaYıldız@example.com","","VISITOR","2026-03-03 22:19:56.106963+01","Berlin","Germany","AmazonianFatma"
501,"Diana Torres","latinosalsa@example.com","","VISITOR","2026-03-03 22:19:56.107453+01","Cadiz","Spain","LatinoSalsa"
502,"Martín García","buenosairessoul@example.com","","VISITOR","2026-03-03 22:19:56.107932+01","Cadiz","Spain","BuenosAiresSoul"
503,"Patricia Oliveira","rioexplorer@example.com","","VISITOR","2026-03-03 22:19:56.108443+01","Barcelona","Spain","RioExplorer"
504,"José Rodríguez","caribbeandreamer@example.com","","VISITOR","2026-03-03 22:19:56.108929+01","Bristol","United Kingdom","CaribbeanDreamer"
505,"Noémie Lambert","NoemieLambert@example.com","","VISITOR","2026-03-03 22:19:56.109409+01","Bidart","France","LatinaExplorer"
506,"Ida Hansen","IdaHansen@example.com","","VISITOR","2026-03-03 22:19:56.109909+01","Oslo","Norway","IdaHansen"
507,"Taro Suzuki","bamboodream@example.com","","LOCAL","2026-03-03 22:19:56.110399+01","Tarifa","Spain","BambooDream"
508,"Ming Li","lotusflower@example.com","","LOCAL","2026-03-03 22:19:56.110923+01","Tarifa","Spain","LotusFlower"
509,"Liu Wei","dragonrider@example.com","","LOCAL","2026-03-03 22:19:56.111392+01","Tarifa","Spain","DragonRider"
510,"Aiko Takahashi","zenmaster@example.com","","LOCAL","2026-03-03 22:19:56.111891+01","Tarifa","Spain","ZenMaster"
511,"Yuki Tanaka","koicarp@example.com","","LOCAL","2026-03-03 22:19:56.112377+01","Tarifa","Spain","KoiCarp"
512,"Mélanie Bonnet","MelanieBonnet@example.com","","VISITOR","2026-03-03 22:19:56.112884+01","Paris","France","MangoLover"
513,"Natália Szekeres","mandalaart@example.com","","VISITOR","2026-03-03 22:19:56.11338+01","Debrecen","Hungary","MandalaArt"
514,"Keiko Nakamura","cherryblossom@example.com","","VISITOR","2026-03-03 22:19:56.113878+01","Dusseldorf","Germany","CherryBlossom"
515,"Kenji Sato","shintospirit@example.com","","VISITOR","2026-03-03 22:19:56.114354+01","Seville","Spain","ShintoSpirit"
516,"Ayumi Yamamoto","rotterdamnights@example.com","","VISITOR","2026-03-03 22:19:56.114927+01","Rotterdam","Netherlands","RotterdamNights"
517,"Binh Nguyen","ricepaddy@example.com","","VISITOR","2026-03-03 22:19:56.115436+01","Hamburg","Germany",NULL
518,"Aurélie Francois","taichiflow@example.com","","VISITOR","2026-03-03 22:19:56.11591+01","Saint Tropez","France","TaiChiFlow"
519,"Hiroshi Watanabe","sumochampion@example.com","","VISITOR","2026-03-03 22:19:56.1164+01","Rotterdam","Netherlands","SumoChampion"
520,"Mika Suzuki","bentobox@example.com","","VISITOR","2026-03-03 22:19:56.116926+01","Rotterdam","Netherlands","BentoBox"
521,"Li Wei","pandalover@example.com","","VISITOR","2026-03-03 22:19:56.117428+01","Valencia","Spain","PandaLover"
522,"Yuki Fujimoto","geishagrace@example.com","","VISITOR","2026-03-03 22:19:56.11821+01","Sheffield","United Kingdom","GeishaGrace"
523,"Justine Martinez","teaceremony@example.com","","VISITOR","2026-03-03 22:19:56.118685+01","Bordeaux","France","TeaCeremony"
524,"Jin Kim","karaokeking@example.com","","VISITOR","2026-03-03 22:19:56.119164+01","Manchester","United Kingdom","KaraokeKing"
525,"Rika Kobayashi","miyagimountain@example.com","","VISITOR","2026-03-03 22:19:56.119654+01","Tokyo","Japan","MiyagiMountain"
526,"Morgane Legrand","MorganeLegrand@example.com","","VISITOR","2026-03-03 22:19:56.120134+01","Lille","France","SichuanSpice"
527,"Kíra Nagy","kissvibes@example.com","","VISITOR","2026-03-03 22:19:56.120622+01","Budapest","Hungary","KissVibes"
528,"Somchai Preecha","bangkokbliss@example.com","","VISITOR","2026-03-03 22:19:56.121104+01","Birmingham","United Kingdom","BangkokBliss"
529,"Sakura Inoue","shibuyalights@example.com","","VISITOR","2026-03-03 22:19:56.121582+01","Tokyo","Japan","ShibuyaLights"
530,"Tara Patel","indigosky@example.com","","VISITOR","2026-03-03 22:19:56.122068+01","Paris","France","IndigoSky"
531,"Ayşe Şahin","kpopfanatic@example.com","","VISITOR","2026-03-03 22:19:56.12255+01","Bremen","Germany","K-popFanatic"
532,"Kenzo Yamada","shogunspirit@example.com","","LOCAL","2026-03-03 22:19:56.12304+01","Tarifa","Spain","ShogunSpirit"
533,"Mia Martini","lotusmeditation@example.com","","VISITOR","2026-03-03 22:19:56.123508+01","Milan","Italy","LotusMeditation"
534,"Sara Chen","silkroadtraveler@example.com","","VISITOR","2026-03-03 22:19:56.123991+01","Milan","Italy","SilkRoadTraveler"
535,"Yuna Hoshino","fujisnow@example.com","","VISITOR","2026-03-03 22:19:56.124473+01","London","United Kingdom","FujiSnow"
536,"Katsumi Ito","koiking@example.com","","VISITOR","2026-03-03 22:19:56.124943+01","Birmingham","United Kingdom","KoiKing"
537,"Lisa Garnier","LisaGarnier@example.com","","VISITOR","2026-03-03 22:19:56.125418+01","Strasbourg","France","MandarinDream"
538,"Matilde Guerra","sakurapetals@example.com","","VISITOR","2026-03-03 22:19:56.125876+01","Genoa","Italy","SakuraPetals"
539,"Rui Zhang","fengshuiharmony@example.com","","VISITOR","2026-03-03 22:19:56.12635+01","Malaga","Spain","FengShuiHarmony"
540,"Priya Kumar","currylovers@example.com","","VISITOR","2026-03-03 22:19:56.126842+01","Naples","Italy","CurryLover"
541,"Keiko Mori","sakesipper@example.com","","VISITOR","2026-03-03 22:19:56.12736+01","Dusseldorf","Germany","SakeSipper"
542,"Zeynep Çelik","Zeynepworld@example.com","","VISITOR","2026-03-03 22:19:56.127817+01","Stuttgart","Germany","ZeynepWorld"
543,"Caroline Faure","mangostickyrice@example.com","","VISITOR","2026-03-03 22:19:56.128278+01","Djion","France","MangoStickyRice"
544,"Eri Yamamoto","tokyonights@example.com","","VISITOR","2026-03-03 22:19:56.128774+01","Bristol","United Kingdom","TokyoNights"
545,"Haruki Nishida","sushimaster@example.com","","VISITOR","2026-03-03 22:19:56.12925+01","Milano","Italy","SushiMaster"
546,"Yasemin Öztürk","Yasemindream@example.com","","VISITOR","2026-03-03 22:19:56.129729+01","Cologne","Germany","YaseminDream"
547,"Emina Hadžić","Eminazen@example.com","","VISITOR","2026-03-03 22:19:56.130202+01","Berlin","Germany","ZenEmina"
548,"Xiaoling Wang","jadeempress@example.com","","VISITOR","2026-03-03 22:19:56.130653+01","Milano","Italy","JadeEmpress"
549,"Nina Weber","NinaWeber@example.com","","VISITOR","2026-03-03 22:19:56.131117+01","Zurich","Switzerland","PandaSoul"
550,"Agathe Rousseau","AgatheRousseau@example.com","","VISITOR","2026-03-03 22:19:56.132551+01","Strasbourg","France","KoreanWave"
551,"Solène Blanc","SoleneBlanc@example.com","","VISITOR","2026-03-03 22:19:56.133054+01","Brest","France","BaliSunset"
552,"Minji Han","seoulcitylights@example.com","","VISITOR","2026-03-03 22:19:56.133551+01","Seoul","South Korea","SeoulCityLights"
553,"Jasmina Novak","JasminaNovak@example.com","","VISITOR","2026-03-03 22:19:56.134031+01","Munich","Germany","JasminaNovak"
554,"Vwka Oulnq","mangodragonfly@example.com","","VISITOR","2026-03-03 22:19:56.134506+01","Budapest","Hungary","MangoDragonfly"
555,"Nani Kaʻahanui","pacificexplorer@example.com","","VISITOR","2026-03-03 22:19:56.134994+01","Kauai","USA","PacificExplorer"
556,"Małgorzata Wiśniewska","Malstar@example.com","","VISITOR","2026-03-03 22:19:56.135479+01","Warsaw","Poland","MalStar"
557,"Priya Patel","currylove@example.com","","VISITOR","2026-03-03 22:19:56.135982+01","Manchester","United Kingdom","CurryLove"
558,"Ananya Desai","yogamaster@example.com","","VISITOR","2026-03-03 22:19:56.136491+01","Madrid","Spain","YogaMaster"
559,"Agnieszka Nowak","AgnieszkaNowak@example.com","","VISITOR","2026-03-03 22:19:56.137019+01","Munich","Germany","AgnieszkaNowak"
560,"Sanya Kapoor","bollywooddiva@example.com","","VISITOR","2026-03-03 22:19:56.137539+01","Leeds","United Kingdom","BollywoodDiva"
561,"Maria Kowalski","MariaKowalski@example.com","","VISITOR","2026-03-03 22:19:56.138036+01","Bamberg","Germany","MariaKowalski"
562,"Rita Iyer","karmaseeker@example.com","","VISITOR","2026-03-03 22:19:56.138526+01","Glasgow","United Kingdom","KarmaSeeker"
563,"Kenza Guerrier","KenzaGuerrier@example.com","","VISITOR","2026-03-03 22:19:56.139025+01","Brest","France","TajMajestic"
564,"Oxana Schneider","Oxana Schneider@example.com","","VISITOR","2026-03-03 22:19:56.139485+01","Flensburg","Germany","OxanaSchneider"
565,"Amina Boyer","AminaBoyer@example.com","","VISITOR","2026-03-03 22:19:56.139945+01","Strasbourg","France","GangesFlow"
566,"Jaya Mehta","bollywoodrhythm@example.com","","VISITOR","2026-03-03 22:19:56.140439+01","Glasgow","United Kingdom","BollywoodRhythm"
567,"Sara Ibrahim","SaraIbrahim@example.com","","VISITOR","2026-03-03 22:19:56.140979+01","Leipzig","Germany","SaraIbrahim"
568,"Agnieszka Wójcik","hennaart@example.com","","VISITOR","2026-03-03 22:19:56.141476+01","Krakow","Poland","HennaArt"
569,"Karan Kapoor","diwalilights@example.com","","VISITOR","2026-03-03 22:19:56.141979+01","Barcelona","Spain","DiwaliLights"
570,"Aurora Sanna","ragasoul@example.com","","VISITOR","2026-03-03 22:19:56.142459+01","Genoa","Italy","RagaSoul"
571,"Ginevra Conti","Ginevra.Conti@example.com","","VISITOR","2026-03-03 22:19:56.142932+01","Genoa","Italy",NULL
572,"Sonia Mehra","indigoblue@example.com","","VISITOR","2026-03-03 22:19:56.143403+01","Paris","France","IndigoBlue"
573,"Priyanka Rao","bindibeauty@example.com","","VISITOR","2026-03-03 22:19:56.14388+01","Liverpool","United Kingdom","BindiBeauty"
574,"Kavya Nair","sarielelegance@example.com","","VISITOR","2026-03-03 22:19:56.144371+01","Leeds","United Kingdom","SariElegance"
575,"Tanuja Gupta","bollywoodqueen@example.com","","VISITOR","2026-03-03 22:19:56.144854+01","London","United Kingdom","BollywoodQueen"
576,"Amira Mansour","AmiraMansour@example.com","","VISITOR","2026-03-03 22:19:56.145352+01","Frankfurt","Germany","AmiraMansour"
577,"Neelam Singh","sanskritscholar@example.com","","VISITOR","2026-03-03 22:19:56.145868+01","Glasgow","United Kingdom","SanskritScholar"
578,"Cécile Fontaine","CecileFontaine@example.com","","VISITOR","2026-03-03 22:19:56.146589+01","Lille","France","MumbaiLights"
579,"Tanvi Joshi","indiegems@example.com","","VISITOR","2026-03-03 22:19:56.147095+01","Liverpool","United Kingdom","IndieGems"
580,"Naima Diop","NaimaDiop@example.com","","VISITOR","2026-03-03 22:19:56.147561+01","Berlin","Germany","ElephantTales"
581,"Greta Barbieri","Greta.Barbieri@example.com","","VISITOR","2026-03-03 22:19:56.148055+01","Venice","Italy",NULL
582,"Vijay Kumar","kalipower@example.com","","VISITOR","2026-03-03 22:19:56.148529+01","Amsterdam","Netherlands","KaliPower"
583,"Simran Kapoor","bollywoodglam@example.com","","VISITOR","2026-03-03 22:19:56.149027+01","London","United Kingdom","BollywoodGlam"
584,"Raj Kumar","spiritualjourney@example.com","","VISITOR","2026-03-03 22:19:56.149504+01","Manchester","United Kingdom","SpiritualJourney"
585,"Noemi Ferraro","Noemi.Ferraro@example.com","","VISITOR","2026-03-03 22:19:56.15+01","Triest","Italy",NULL
586,"Virginie Chevalier","VirginieChevalier@example.com","","VISITOR","2026-03-03 22:19:56.150469+01","Lille","France","CurryFest"
587,"Meera Desai","gulabjamunlove@example.com","","VISITOR","2026-03-03 22:19:56.150913+01","London","United Kingdom","GulabJamunLove"
588,"Joana Ferreira","streetfoodadventure@example.com","","VISITOR","2026-03-03 22:19:56.151438+01","Lisbon","Portugal","StreetFoodAdventure"
589,"Jyoti Singh","tribalarts@example.com","","VISITOR","2026-03-03 22:19:56.151936+01","Birmingham","United Kingdom","TribalArts"
590,"Laila Al-Farsi","LailaAl-Farsi@example.com","","VISITOR","2026-03-03 22:19:56.15256+01","Frankfurt","Germany","LailaAl-Farsi"
591,"Harpreet Singh","sikhwarrior@example.com","","VISITOR","2026-03-03 22:19:56.15319+01","London","United Kingdom","SikhWarrior"
592,"Nikita Shah","chandnichowk@example.com","","VISITOR","2026-03-03 22:19:56.153714+01","Dublin","Ireland","ChandniChowk"
593,"Devendra Rao","mysorepalace@example.com","","VISITOR","2026-03-03 22:19:56.154206+01","Seville","Spain","MysorePalace"
594,"Shivani Patel","dosalover@example.com","","VISITOR","2026-03-03 22:19:56.154675+01","Leeds","United Kingdom","DosaLover"
595,"Chloe Ricci","Chloe.Ricci@example.com","","VISITOR","2026-03-03 22:19:56.155148+01","Naples","Italy",NULL
596,"Vittoria Leone","Vittoria.Leone@example.com","","VISITOR","2026-03-03 22:19:56.155668+01","Rimini","Italy","BiryaniKing"
597,"Rajeev Singh","sitarsymphony@example.com","","LOCAL","2026-03-03 22:19:56.156145+01","Tarifa","Spain","SitarSymphony"
598,"Lakshmi Devi","mangalarti@example.com","","VISITOR","2026-03-03 22:19:56.156634+01","Birmingham","United Kingdom","MangalArti"
599,"Hannah Bergmann","HannahBergmann@example.com","","VISITOR","2026-03-03 22:19:56.157168+01","Chemnitz","Germany","Hannah Bergmann"
600,"Charlotte Voigt","CharlotteVoigt@example.com","","VISITOR","2026-03-03 22:19:56.15766+01","Leipzig","Germany","CharlotteVoigt"
601,"Anil Reddy","gangessunset@example.com","","VISITOR","2026-03-03 22:19:56.158157+01","Manchester","United Kingdom","GangesSunset"
602,"Emilie Noel","EmilieNoel@example.com","","VISITOR","2026-03-03 22:19:56.15865+01","Paris","France","MarigoldMagic"
603,"Sushmita Bhattacharya","kathakgoddess@example.com","","VISITOR","2026-03-03 22:19:56.159134+01","Birmingham","United Kingdom","KathakGoddess"
604,"Rajat Singh","rajasthandreams@example.com","","VISITOR","2026-03-03 22:19:56.159609+01","Cork","Ireland","RajasthanDreams"
605,"Aarti Sharma","jalebijoy@example.com","","VISITOR","2026-03-03 22:19:56.16009+01","Leeds","United Kingdom","JalebiJoy"
606,"Catarina Pereira","codemaster@example.com","","VISITOR","2026-03-03 22:19:56.160879+01","Porto","Portugal","CodeMaster"
607,"Alice Smith","techiegeek@example.com","","VISITOR","2026-03-03 22:19:56.161405+01","Malaga","Spain","TechieGeek"
608,"Beatrice Serra","devopsguru@example.com","","VISITOR","2026-03-03 22:19:56.161924+01","Rome","Italy","DevOpsGuru"
609,"Sophia Johnson","aiexplorer@example.com","","VISITOR","2026-03-03 22:19:56.162421+01","Paris","France","AI_Explorer"
610,"Emma Ziegler","cloudwizard@example.com","","VISITOR","2026-03-03 22:19:56.162926+01","Kiel","Germany","CloudWizard"
611,"Isabella Davis","dataninja@example.com","","VISITOR","2026-03-03 22:19:56.16342+01","London","United Kingdom","DataNinja"
612,"Liam Martinez","codejunkie@example.com","","VISITOR","2026-03-03 22:19:56.163932+01","Birmingham","United Kingdom","CodeJunkie"
613,"Mia Hernandez","techietitan@example.com","","VISITOR","2026-03-03 22:19:56.164454+01","Zarragosa","Spain","TechieTitan"
614,"Benjamin Lee","cybersleuth@example.com","","VISITOR","2026-03-03 22:19:56.165001+01","London","United Kingdom","CyberSleuth"
615,"Olivia Clark","quantumcoder@example.com","","VISITOR","2026-03-03 22:19:56.165539+01","Granada","Spain","QuantumCoder"
616,"Charlotte Meyer","CharlotteMeyer@example.com","","VISITOR","2026-03-03 22:19:56.166071+01","Lyon","France","ByteBender"
617,"Charlotte Allen","techsavvypro@example.com","","VISITOR","2026-03-03 22:19:56.166573+01","Bilbao","Spain","TechSavvyPro"
618,"Fanny Muller","hackathonhero@example.com","","VISITOR","2026-03-03 22:19:56.167065+01","Paris","France","HackathonHero"
619,"Amelia Scott","aipioneer@example.com","","VISITOR","2026-03-03 22:19:56.167565+01","Paris","France","AI_Pioneer"
620,"Andrea Marino","codecrafter@example.com","","VISITOR","2026-03-03 22:19:56.168061+01","Milan","Italy","CodeCrafter"
621,"Harper King","devking@example.com","","VISITOR","2026-03-03 22:19:56.168552+01","Glasgow","United Kingdom","DevKing"
622,"Sophie Steiner","fullstackmaster@example.com","","VISITOR","2026-03-03 22:19:56.169031+01","Geneva","Switzerland","FullStackMaster"
623,"Zoe Gallo","bughunter@example.com","","VISITOR","2026-03-03 22:19:56.169605+01","Rome","Italy","BugHunter"
624,"Margot Lucas","cloudnomad@example.com","","VISITOR","2026-03-03 22:19:56.170112+01","Paris","France","CloudNomad"
625,"Grace Mitchell","techvisionary@example.com","","VISITOR","2026-03-03 22:19:56.170615+01","Granada","Spain","TechVisionary"
626,"Zoe Marino","blockchainbabe@example.com","","VISITOR","2026-03-03 22:19:56.171103+01","Rome","Italy","BlockchainBabe"
627,"Sofia Martinez","webdevwizard@example.com","","VISITOR","2026-03-03 22:19:56.171612+01","Montpellier","France","WebDevWizard"
628,"Daniel Thomas","datawhiz@example.com","","VISITOR","2026-03-03 22:19:56.172229+01","Flensburg","Germany","DataWhiz"
629,"Ella Moore","iotexplorer@example.com","","VISITOR","2026-03-03 22:19:56.172709+01","Belfast","United Kingdom","IoTExplorer"
630,"Luisa Fischer","codechampion@example.com","","VISITOR","2026-03-03 22:19:56.173193+01","Berlin","Germany","CodeChampion"
631,"Victoria Turner","techmaverick@example.com","","VISITOR","2026-03-03 22:19:56.173673+01","Alicante","Spain","TechMaverick"
632,"Isaac Carter","cssguru@example.com","","VISITOR","2026-03-03 22:19:56.174471+01","Glasgow","United Kingdom","CSSGuru"
633,"Emma Brun","cyberwarrior@example.com","","VISITOR","2026-03-03 22:19:56.174984+01","Paris","France","CyberWarrior"
634,"Domenico Amato","techprodigy@example.com","","VISITOR","2026-03-03 22:19:56.175547+01","Palermo","Italy","TechProdigy"
635,"Ava Lee","dataminerx@example.com","","VISITOR","2026-03-03 22:19:56.17605+01","Manchester","United Kingdom","DataMinerX"
636,"Oliver Hall","ai_savant@example.com","","VISITOR","2026-03-03 22:19:56.17658+01","Birmingham","United Kingdom","AI_Savant"
637,"Márta Szép","codeninja@example.com","","VISITOR","2026-03-03 22:19:56.177108+01","Budapest","Hungary","CodeNinja"
638,"Gabriella Perez","uxchampion@example.com","","VISITOR","2026-03-03 22:19:56.178039+01","London","United Kingdom","UX_Champion"
639,"Samuel Hill","pixelpioneer@example.com","","VISITOR","2026-03-03 22:19:56.178573+01","Alicante","Spain","PixelPioneer"
640,"Charlotte Lee","thedebugger@example.com","","VISITOR","2026-03-03 22:19:56.179113+01","Manchester","United Kingdom","TheDebugger"
641,"Mia Herrmann","codesmith@example.com","","VISITOR","2026-03-03 22:19:56.179637+01","Dortmund","Germany","CodeSmith"
642,"Rachel Ulrich","thecodergirl@example.com","","VISITOR","2026-03-03 22:19:56.180169+01","Cologne","Germany","TheCoderGirl"
643,"Alessandro Piras","appdevhero@example.com","","VISITOR","2026-03-03 22:19:56.180668+01","Palermo","Italy","AppDevHero"
644,"Léna Brun","pixelartist@example.com","","VISITOR","2026-03-03 22:19:56.181256+01","Biarritz","France","PixelArtist"
645,"Calogero Balsamo","codecrusader@example.com","","VISITOR","2026-03-03 22:19:56.181897+01","Palermo","Italy","CodeCrusader"
646,"Clara Frank","techblogger@example.com","","VISITOR","2026-03-03 22:19:56.182529+01","Leipzig","Germany","TechBlogger"
647,"Benjamin Evans","algorithmace@example.com","","VISITOR","2026-03-03 22:19:56.183174+01","Birmingham","United Kingdom","AlgorithmAce"
648,"Leo Clement","techwizkid@example.com","","VISITOR","2026-03-03 22:19:56.183798+01","Marseille","France","TechWizKid"
649,"Madison King","cryptoqueen@example.com","","VISITOR","2026-03-03 22:19:56.184426+01","Sheffield","United Kingdom","CryptoQueen"
650,"Sofia Randazzo","siliconvalleyvibes@example.com","","VISITOR","2026-03-03 22:19:56.185024+01","Rome","Italy","SiliconValleyVibes"
651,"Emily Clark","appdevmaster@example.com","","VISITOR","2026-03-03 22:19:56.185586+01","St Ives","United Kingdom","AppDevMaster"
652,"Aiden Harris","techcruncher@example.com","","VISITOR","2026-03-03 22:19:56.186193+01","Cordoba","Spain","TechCruncher"
653,"Lou Marchand","programmerelite@example.com","","VISITOR","2026-03-03 22:19:56.186769+01","Paris","France","ProgrammerElite"
654,"Lila Rizzo","techsavant@example.com","","VISITOR","2026-03-03 22:19:56.1873+01","Bologna","Italy","TechSavant"
655,"Gabriel Moore","bytemeister@example.com","","VISITOR","2026-03-03 22:19:56.187837+01","Seville","Spain","ByteMeister"
656,"Ava Steiner","canvasdreamer@example.com","","VISITOR","2026-03-03 22:19:56.188365+01","Zurich","Switzerland","CanvasDreamer"
657,"Liam Harris","brushstrokes@example.com","","VISITOR","2026-03-03 22:19:56.188885+01","Alicante","Spain","BrushStrokes"
658,"Isabella Clark","paletteexplorer@example.com","","VISITOR","2026-03-03 22:19:56.189397+01","Liverpool","United Kingdom","PaletteExplorer"
659,"Ethan Walker","colorwhisperer@example.com","","VISITOR","2026-03-03 22:19:56.189904+01","Birmingham","United Kingdom","ColorWhisperer"
660,"Sophia Lee","artisticsoul@example.com","","VISITOR","2026-03-03 22:19:56.19041+01","Paris","France","ArtisticSoul"
661,"Joseph Taylor","inkandimagination@example.com","","VISITOR","2026-03-03 22:19:56.190944+01","Newquay","United Kingdom","InkAndImagination"
662,"Olivia White","abstractvision@example.com","","VISITOR","2026-03-03 22:19:56.191446+01","Malaga","Spain","AbstractVision"
663,"Amelia Roberts","creativemuse@example.com","","VISITOR","2026-03-03 22:19:56.191944+01","St Ives","United Kingdom","CreativeMuse"
664,"Lucas King","sculpteddreams@example.com","","VISITOR","2026-03-03 22:19:56.192453+01","Bristol","United Kingdom","SculptedDreams"
665,"Chloe Johnson","pixelpainter@example.com","","VISITOR","2026-03-03 22:19:56.192956+01","Paris","France","PixelPainter"
666,"Benjamin Schlemmer","artandsoul@example.com","","VISITOR","2026-03-03 22:19:56.193762+01","Stuttgart","Germany","ArtAndSoul"
667,"Zoe Wright","mosaicmaster@example.com","","VISITOR","2026-03-03 22:19:56.194288+01","Bidart","France","MosaicMaster"
668,"Nicole Moretti","inkflow@example.com","","VISITOR","2026-03-03 22:19:56.194813+01","Milan","Italy","InkFlow"
669,"Ella Adams","galleryexplorer@example.com","","VISITOR","2026-03-03 22:19:56.195341+01","Leeds","United Kingdom","GalleryExplorer"
670,"Alice Pellegrini","canvaswanderer@example.com","","VISITOR","2026-03-03 22:19:56.195953+01","Florence","Italy","CanvasWanderer"
671,"Lily Carter","masterofshades@example.com","","VISITOR","2026-03-03 22:19:56.196484+01","Paris","France","MasterOfShades"
672,"David Thomas","watercolorwhiz@example.com","","VISITOR","2026-03-03 22:19:56.196997+01","Birmingham","United Kingdom","WatercolorWhiz"
673,"Chiara Lombardo","vividimpressions@example.com","","VISITOR","2026-03-03 22:19:56.197524+01","Palermo","Italy","VividImpressions"
674,"Emily Kaiser","artisticvibes@example.com","","VISITOR","2026-03-03 22:19:56.198085+01","Dusseldorf","Germany","ArtisticVibes"
675,"Mia Baker","portraitpioneer@example.com","","VISITOR","2026-03-03 22:19:56.198585+01","Glasgow","United Kingdom","PortraitPioneer"
676,"Martina Caruso","chromacraze@example.com","","VISITOR","2026-03-03 22:19:56.199146+01","Palermo","Italy","ChromaCraze"
677,"Olivia Hall","artlover23@example.com","","VISITOR","2026-03-03 22:19:56.199666+01","Malaga","Spain","ArtLover23"
678,"Valentina Aiello","sculptureseeker@example.com","","VISITOR","2026-03-03 22:19:56.200158+01","Palermo","Italy","SculptureSeeker"
679,"Concetta Pappalardo","vibrantcanvas@example.com","","VISITOR","2026-03-03 22:19:56.200664+01","Messina","Italy","VibrantCanvas"
680,"Alexander Nelson","brushmaestro@example.com","","VISITOR","2026-03-03 22:19:56.201153+01","Apt","France","BrushMaestro"
681,"Charlotte Mitchell","creativeflow@example.com","","VISITOR","2026-03-03 22:19:56.2017+01","Derry","United Kingdom","CreativeFlow"
682,"Sofia Romano","artisticrevolution@example.com","","VISITOR","2026-03-03 22:19:56.202349+01","Catania","Italy","ArtisticRevolution"
683,"Giuseppe Esposito","pasteldreams@example.com","","VISITOR","2026-03-03 22:19:56.20292+01","Naples","Italy","PastelDreams"
684,"Zara Collins","inksculptor@example.com","","VISITOR","2026-03-03 22:19:56.203464+01","Cordoba","Spain","InkSculptor"
685,"Salvatore Rizzo","neoartist@example.com","","VISITOR","2026-03-03 22:19:56.203974+01","Palermo","Italy","NeoArtist"
686,"Nolan Clement","gothicpainter@example.com","","VISITOR","2026-03-03 22:19:56.204487+01","Strasbourg","France","GothicPainter"
687,"Alina Fuchs","artisticalchemy@example.com","","VISITOR","2026-03-03 22:19:56.205024+01","Bonn","Germany","ArtisticAlchemy"
688,"Nele Peters","creativetapestry@example.com","","VISITOR","2026-03-03 22:19:56.205546+01","Potsdam","Germany","CreativeTapestry"
689,"Oliver Naumann","stainedglassartist@example.com","","VISITOR","2026-03-03 22:19:56.206097+01","Hamburg","Germany","StainedGlassArtist"
690,"Océane Clement","pencilmaster@example.com","","VISITOR","2026-03-03 22:19:56.20662+01","Biarritz","France","PencilMaster"
691,"Lucas Schmitt","abstractartistx@example.com","","VISITOR","2026-03-03 22:19:56.207122+01","Berlin","Germany","AbstractArtistX"
692,"Elena Scott","ceramiccreator@example.com","","VISITOR","2026-03-03 22:19:56.207628+01","Bilbao","Spain","CeramicCreator"
693,"Beatriz Oliveira","graffitiguru@example.com","","VISITOR","2026-03-03 22:19:56.208124+01","Lisbon","Portugal","GraffitiGuru"
694,"Ryan Parker","sketchbookstories@example.com","","VISITOR","2026-03-03 22:19:56.209054+01","Bilbao","Spain","SketchbookStories"
695,"Mia Anderson","watercolorwizard@example.com","","VISITOR","2026-03-03 22:19:56.20957+01","Granada","Spain","WatercolorWizard"
696,"Maëlys Nicolas","MaelysNicolas@example.com","","VISITOR","2026-03-03 22:19:56.210074+01","Chamonix","France","ArtInBloom"
697,"Francesco Vitale","brushstrokequeen@example.com","","VISITOR","2026-03-03 22:19:56.210588+01","Santa Maria del Focallo","Italy","BrushStrokeQueen"
698,"Antonio Basile","modernartistx@example.com","","VISITOR","2026-03-03 22:19:56.211113+01","Messina","Italy","ModernArtistX"
699,"Ruby Roberts","canvasmaverick@example.com","","VISITOR","2026-03-03 22:19:56.211626+01","Bristol","United Kingdom","CanvasMaverick"
700,"Jasper Evans","mixedmediamaster@example.com","","VISITOR","2026-03-03 22:19:56.212143+01","Bristol","United Kingdom","MixedMediaMaster"
701,"Vincenzo Gallo","colorburstartist@example.com","","VISITOR","2026-03-03 22:19:56.212668+01","Bologna","Italy","ColorBurstArtist"
702,"Zineb Masson","canvascreatorx@example.com","","VISITOR","2026-03-03 22:19:56.213184+01","Nantes","France","CanvasCreatorX"
703,"Lillian Johnson","artisticedge@example.com","","VISITOR","2026-03-03 22:19:56.213752+01","Brighton","United Kingdom","ArtisticEdge"
704,"Elliott Wright","brushqueen@example.com","","VISITOR","2026-03-03 22:19:56.214361+01","Rotterdam","Netherlands","BrushQueen"
705,"Denise Thomas","artisticwhimsy@example.com","","VISITOR","2026-03-03 22:19:56.214957+01","Halle (Saale)","Germany","ArtisticWhimsy"
706,"Olivia Hagen","theinstastar@example.com","","VISITOR","2026-03-03 22:19:56.21554+01","Karlsruhe","Germany","TheInstaStar"
707,"Liam Roberts","viralvibes@example.com","","VISITOR","2026-03-03 22:19:56.216057+01","Belfast","United Kingdom","ViralVibes"
708,"Chloe Marchand","socialsensation@example.com","","VISITOR","2026-03-03 22:19:56.216582+01","Saint Tropez","France","SocialSensation"
709,"Lara Scholz","influencemaster@example.com","","VISITOR","2026-03-03 22:19:56.217102+01","Berlin","Germany","InfluenceMaster"
710,"Amelia Brown","trendingqueen@example.com","","VISITOR","2026-03-03 22:19:56.217599+01","Bristol","United Kingdom","TrendingQueen"
711,"Mason Wilson","lifestyleguru@example.com","","VISITOR","2026-03-03 22:19:56.218123+01","Cordoba","Spain","LifestyleGuru"
712,"Sophia Evans","chicinspo@example.com","","VISITOR","2026-03-03 22:19:56.218655+01","Derry","United Kingdom","ChicInspo"
713,"Lucas Otto","thestyleboss@example.com","","VISITOR","2026-03-03 22:19:56.219196+01","Hamburg","Germany","TheStyleBoss"
714,"Bella Green","beautybybella@example.com","","VISITOR","2026-03-03 22:19:56.219715+01","Malaga","Spain","BeautyByBella"
715,"Zoe King","techtrendsetter@example.com","","VISITOR","2026-03-03 22:19:56.220213+01","Bristol","United Kingdom","TechTrendsetter"
716,"Lily Martin","fitfaminspo@example.com","","VISITOR","2026-03-03 22:19:56.22074+01","Glasgow","United Kingdom","FitFamInspo"
717,"Josephine Scott","fashionista101@example.com","","VISITOR","2026-03-03 22:19:56.221266+01","Torquay","United Kingdom","Fashionista101"
718,"Amos Harris","thewanderlust@example.com","","VISITOR","2026-03-03 22:19:56.221746+01","Valencia","Spain","TheWanderlust"
719,"Gaia Cocco","Gaia.Cocco@example.com","","VISITOR","2026-03-03 22:19:56.222228+01","Cagliari","Italy",NULL
720,"Mia Clark","thefoodievibes@example.com","","VISITOR","2026-03-03 22:19:56.222714+01","Dublin","Ireland","TheFoodieVibes"
721,"Noah Green","thetraveljunkie@example.com","","VISITOR","2026-03-03 22:19:56.223598+01","Barcelona","Spain","TheTravelJunkie"
722,"Assia Duval","techietribe@example.com","","VISITOR","2026-03-03 22:19:56.224097+01","Paris","France","TechieTribe"
723,"Eleanor Meyer","inspofordays@example.com","","VISITOR","2026-03-03 22:19:56.224585+01","Berlin","Germany","InspoForDays"
724,"Oliver Lee","homedecorqueen@example.com","","VISITOR","2026-03-03 22:19:56.225097+01","Dublin","Ireland","HomeDecorQueen"
725,"Marta Usai","makeupgoddess@example.com","","VISITOR","2026-03-03 22:19:56.225607+01","Olbia","Italy","MakeupGoddess"
726,"Finja Möller","vlogstar@example.com","","VISITOR","2026-03-03 22:19:56.226109+01","Munich","Germany","VlogStar"
727,"Mia Taylor","fitwithmia@example.com","","VISITOR","2026-03-03 22:19:56.226628+01","Derry","United Kingdom","FitWithMia"
728,"Emily Wright","thebeautyguru@example.com","","VISITOR","2026-03-03 22:19:56.227139+01","London","United Kingdom","TheBeautyGuru"
729,"Dani Sándor","glowupwithDani@example.com","","VISITOR","2026-03-03 22:19:56.22764+01","Budapest","Hungary","GlowUpWithDani"
730,"Grace Adams","glambygrace@example.com","","VISITOR","2026-03-03 22:19:56.228164+01","London","United Kingdom","GlamByGrace"
731,"Inês Costa","InesCosta@example.com","","VISITOR","2026-03-03 22:19:56.22871+01","Porto","Portugal","TechTalkWithSam"
732,"Hannah Wilson","veganvibesonly@example.com","","VISITOR","2026-03-03 22:19:56.229249+01","Brighton","United Kingdom","VeganVibesOnly"
733,"Estelle Denis","thefashionvault@example.com","","VISITOR","2026-03-03 22:19:56.229801+01","Cannes","France","TheFashionVault"
734,"Samuel Clark","fitnesswithsam@example.com","","VISITOR","2026-03-03 22:19:56.230329+01","Gothenburg","Sweden","FitnessWithSam"
735,"Ella Meier","lifeoftheparty@example.com","","VISITOR","2026-03-03 22:19:56.230838+01","Zurich","Switzerland","LifeOfTheParty"
736,"Zara Scott","thebeautyroom@example.com","","VISITOR","2026-03-03 22:19:56.231379+01","Granada","Spain","TheBeautyRoom"
737,"Pia Weiß","foodieadventures@example.com","","VISITOR","2026-03-03 22:19:56.231937+01","Erfurt","Germany","FoodieAdventures"
738,"Jade Taylor","glamlifewithjade@example.com","","VISITOR","2026-03-03 22:19:56.23245+01","Sheffield","United Kingdom","GlamLifeWithJade"
739,"Romane Boucher","techsavvytribe@example.com","","VISITOR","2026-03-03 22:19:56.232983+01","Paris","France","TechSavvyTribe"
740,"Eva Perrin","mindfulmama@example.com","","VISITOR","2026-03-03 22:19:56.233497+01","Avignon","France","MindfulMama"
741,"Benjamin Schlegel","theecowarrior@example.com","","VISITOR","2026-03-03 22:19:56.234017+01","Frankfurt Oder","Germany","TheEcoWarrior"
742,"Elena Scott","vlogandchill@example.com","","VISITOR","2026-03-03 22:19:56.234541+01","Belfast","United Kingdom","VlogAndChill"
743,"Harper Clark","momlifeunfiltered@example.com","","VISITOR","2026-03-03 22:19:56.235049+01","Newquay","United Kingdom","MomLifeUnfiltered"
744,"Luca Lindner","thestyleseeker@example.com","","VISITOR","2026-03-03 22:19:56.235553+01","Kiel","Germany","TheStyleSeeker"
745,"Maya Keller","healthyvibesonly@example.com","","VISITOR","2026-03-03 22:19:56.236042+01","Zurich","Switzerland","HealthyVibesOnly"
746,"Ryan Mitchell","viralcontentcreator@example.com","","VISITOR","2026-03-03 22:19:56.236568+01","Leeds","United Kingdom","ViralContentCreator"
747,"Sophia Allen","thetravelexplorer@example.com","","VISITOR","2026-03-03 22:19:56.237084+01","Lille","France","TheTravelExplorer"
748,"Gabriel Hall","thefashionmaven@example.com","","VISITOR","2026-03-03 22:19:56.237604+01","Cork","Ireland","TheFashionMaven"
749,"Ludovica Sechi","Ludovica.Sechi@example.com","","VISITOR","2026-03-03 22:19:56.238481+01","Palau","Italy",NULL
750,"Gaëlle Morin","fashionandfit@example.com","","VISITOR","2026-03-03 22:19:56.239036+01","Strasbourg","France","FashionAndFit"
751,"Charlotte Morin","thefitnessqueen@example.com","","VISITOR","2026-03-03 22:19:56.239557+01","Saint Tropez","France","TheFitnessQueen"
752,"Amelia Miller","gadgetgirl@example.com","","VISITOR","2026-03-03 22:19:56.240062+01","Barcelona","Spain","GadgetGirl"
753,"Nathan Ziegenbein","veganfoodie@example.com","","VISITOR","2026-03-03 22:19:56.240561+01","Berlin","Germany","VeganFoodie"
754,"Zoe Scott","thebeautyjunkie@example.com","","VISITOR","2026-03-03 22:19:56.241095+01","Granada","Spain","TheBeautyJunkie"
755,"Elena Puddu","Elena.Puddu@example.com","","VISITOR","2026-03-03 22:19:56.241593+01","Cagliari","Italy",NULL
756,"Olivia Green","thefoodieexplorer@example.com","","VISITOR","2026-03-03 22:19:56.242083+01","Manchester","United Kingdom","TheFoodieExplorer"
757,"Anna Zedda","tastytravels@example.com","","VISITOR","2026-03-03 22:19:56.242757+01","Cagliari","Italy","TastyTravels"
758,"Maria Russo","savoreverybite@example.com","","VISITOR","2026-03-03 22:19:56.243272+01","Palermo","Italy","SavorEveryBite"
759,"Ethan Miller","gourmetglutton@example.com","","VISITOR","2026-03-03 22:19:56.243784+01","Manchester","United Kingdom","GourmetGlutton"
760,"Mason Lee","bitesizedbliss@example.com","","VISITOR","2026-03-03 22:19:56.244303+01","London","United Kingdom","BiteSizedBliss"
761,"Giuseppina Messina","flavorsoflife@example.com","","VISITOR","2026-03-03 22:19:56.244826+01","Messina","Italy","FlavorsOfLife"
762,"Sophie Clark","sweettoothsophie@example.com","","VISITOR","2026-03-03 22:19:56.245353+01","Sheffield","United Kingdom","SweetToothSophie"
763,"Jacob Harris","tasteoftheworld@example.com","","VISITOR","2026-03-03 22:19:56.245855+01","Manchester","United Kingdom","TasteOfTheWorld"
764,"Amelia Scott","foodandflavorfanatic@example.com","","VISITOR","2026-03-03 22:19:56.246693+01","Bilbao","Spain","FoodAndFlavorFanatic"
765,"Noah Young","nomnomadventures@example.com","","VISITOR","2026-03-03 22:19:56.247192+01","Torquay","United Kingdom","NomNomAdventures"
766,"Ava Adams","gastronomyguru@example.com","","VISITOR","2026-03-03 22:19:56.247678+01","Birmingham","United Kingdom","GastronomyGuru"
767,"Rosalia Catania","culinarycraze@example.com","","VISITOR","2026-03-03 22:19:56.248253+01","Santa Maria del Focallo","Italy","CulinaryCraze"
768,"Sophie Mathieu","deliciousdestinations@example.com","","VISITOR","2026-03-03 22:19:56.248887+01","Biarritz","France","DeliciousDestinations"
769,"Oliver King","eatpraylovefood@example.com","","VISITOR","2026-03-03 22:19:56.24944+01","Valencia","Spain","EatPrayLoveFood"
770,"Francesca Arena","foodiefrenzy@example.com","","VISITOR","2026-03-03 22:19:56.250049+01","Catania","Italy","FoodieFrenzy"
771,"Carmen Mitchell","cookingwithcarmen@example.com","","VISITOR","2026-03-03 22:19:56.250567+01","St Ives","United Kingdom","CookingWithCarmen"
772,"Lily Green","forkandknifefever@example.com","","VISITOR","2026-03-03 22:19:56.251075+01","Birmingham","United Kingdom","ForkAndKnifeFever"
773,"Jule Jung","thepastryprincess@example.com","","VISITOR","2026-03-03 22:19:56.251578+01","Hamburg","Germany","ThePastryPrincess"
774,"Charlotte Herold","savoryeats@example.com","","VISITOR","2026-03-03 22:19:56.252083+01","Leipzig","Germany","SavoryEats"
775,"Mason Moore","kitchenchronicles@example.com","","VISITOR","2026-03-03 22:19:56.252607+01","London","United Kingdom","KitchenChronicles"
776,"Ethan Wilson","spiceoflife@example.com","","VISITOR","2026-03-03 22:19:56.253149+01","Limerick","Ireland",NULL
777,"Ronja Hahn","forkfulofheaven@example.com","","VISITOR","2026-03-03 22:19:56.255181+01","Munich","Germany","ForkfulOfHeaven"
778,"Agata Grasso","thesaucychef@example.com","","VISITOR","2026-03-03 22:19:56.255591+01","Naples","Italy","TheSaucyChef"
779,"Sina Schubert","foodloverforever@example.com","","VISITOR","2026-03-03 22:19:56.255973+01","Leipzig","Germany","FoodLoverForever"
780,"Gabriel Hall","mouthwateringmaven@example.com","","VISITOR","2026-03-03 22:19:56.25641+01","Athens","Greece","MouthwateringMaven"
781,"Sophia Lee","sweetdelightfulbites@example.com","","VISITOR","2026-03-03 22:19:56.256812+01","Granada","Spain","SweetDelightfulBites"
782,"Luca Scott","tastingtabeltales@example.com","","VISITOR","2026-03-03 22:19:56.2572+01","Belfast","United Kingdom","TastingTableTales"
783,"Zara Moore","bakedgoodness@example.com","","VISITOR","2026-03-03 22:19:56.257612+01","Genoa","Italy","BakedGoodness"
784,"Benjamin Young","gourmetadventures@example.com","","VISITOR","2026-03-03 22:19:56.258008+01","Rome","Italy","GourmetAdventures"
785,"Emily Taylor","sweetsandtreats@example.com","","VISITOR","2026-03-03 22:19:56.258388+01","Dublin","Ireland","SweetsAndTreats"
786,"Liam Scott","flourpower@example.com","","VISITOR","2026-03-03 22:19:56.25879+01","Belfast","United Kingdom","FlourPower"
787,"Zoe Walker","yummyjourney@example.com","","VISITOR","2026-03-03 22:19:56.259289+01","London","United Kingdom","YummyJourney"
788,"Isla Martin","bakingandbites@example.com","","VISITOR","2026-03-03 22:19:56.259798+01","Florence","Italy","BakingAndBites"
789,"Antonia Vogel","flavorsbygrace@example.com","","VISITOR","2026-03-03 22:19:56.260249+01","Ulm","Germany","FlavorsByGrace"
790,"Elsa Clement","culinarywhisperer@example.com","","VISITOR","2026-03-03 22:19:56.260734+01","Arcachon","France","CulinaryWhisperer"
791,"Jackson Evans","forkintheroad@example.com","","VISITOR","2026-03-03 22:19:56.261235+01","Glasgow","United Kingdom","ForkInTheRoad"
792,"Isabella Allen","foodiedelight@example.com","","VISITOR","2026-03-03 22:19:56.261724+01","London","United Kingdom","FoodieDelight"
793,"Amelia Böttger","bakingbonanza@example.com","","VISITOR","2026-03-03 22:19:56.262209+01","Frankfurt","Germany","BakingBonanza"
794,"Filippa Michelakakis","sweettoothsensation@example.com","","VISITOR","2026-03-03 22:19:56.262679+01","Patras","Greece","SweetToothSensation"
795,"Sophie Taylor","hungryforflavor@example.com","","VISITOR","2026-03-03 22:19:56.263145+01","Bristol","United Kingdom","HungryForFlavor"
796,"Lucas Carter","pastryperfection@example.com","","VISITOR","2026-03-03 22:19:56.263619+01","Cork","Ireland","PastryPerfection"
797,"Ella Harris","cookedwithlove@example.com","","VISITOR","2026-03-03 22:19:56.264089+01","Birmingham","United Kingdom","CookedWithLove"
798,"Elisa Friedrich","theflavorsavvy@example.com","","VISITOR","2026-03-03 22:19:56.264629+01","Wolfsburg","Germany","TheFlavorSavvy"
799,"Isabell Günther","gastronomeexplorer@example.com","","VISITOR","2026-03-03 22:19:56.265237+01","Magdeburg","Germany","GastronomeExplorer"
800,"Liam Martin","pieperfect@example.com","","VISITOR","2026-03-03 22:19:56.265766+01","Granada","Spain","PiePerfect"
801,"Isla Walker","flavorsandbites@example.com","","VISITOR","2026-03-03 22:19:56.266259+01","Valencia","Spain","FlavorsAndBites"
802,"Charlotte Taylor","epicureaneuphoria@example.com","","VISITOR","2026-03-03 22:19:56.266765+01","Granada","Spain","EpicureanEuphoria"
803,"Leila Philippe","doughnutdelight@example.com","","VISITOR","2026-03-03 22:19:56.267261+01","Chamonix","France","DoughnutDelight"
804,"Amelia Lee","forkfulfantasy@example.com","","VISITOR","2026-03-03 22:19:56.268026+01","Manchester","United Kingdom","ForkfulFantasy"
805,"Maya Gauthier","tastytreatsbymaya@example.com","","VISITOR","2026-03-03 22:19:56.268519+01","Lille","France","TastyTreatsByMaya"
806,"Olivia Green","thebookworm@example.com","","VISITOR","2026-03-03 22:19:56.26901+01","Naples","Italy","TheBookWorm"
807,"Liam Brown","noveladdict@example.com","","VISITOR","2026-03-03 22:19:56.269484+01","Glasgow","United Kingdom","NovelAddict"
808,"Charlotte White","pageturnerpro@example.com","","VISITOR","2026-03-03 22:19:56.26997+01","Bologna","Italy","PageTurnerPro"
809,"Ethan Miller","literarydreamer@example.com","","VISITOR","2026-03-03 22:19:56.27045+01","Palermo","Italy","LiteraryDreamer"
810,"Mason Lee","bookishadventures@example.com","","VISITOR","2026-03-03 22:19:56.270942+01","Paris","France","BookishAdventures"
811,"Sophia Johnson","fictionlover@example.com","","VISITOR","2026-03-03 22:19:56.271426+01","Malaga","Spain","FictionLover"
812,"Isabella Clark","readingqueen@example.com","","VISITOR","2026-03-03 22:19:56.271901+01","Florence","Italy","ReadingQueen"
813,"Benjamin King","booknookjunkie@example.com","","VISITOR","2026-03-03 22:19:56.272388+01","Alicante","Spain","BookNookJunkie"
814,"Inaya Gauthier","theliterarylife@example.com","","VISITOR","2026-03-03 22:19:56.272886+01","Lyon","France","TheLiteraryLife"
815,"Noah Young","novelnights@example.com","","VISITOR","2026-03-03 22:19:56.273375+01","Dublin","Ireland","NovelNights"
816,"Jennifer Keller","bookishmusings@example.com","","VISITOR","2026-03-03 22:19:56.273845+01","Bonn","Germany","BookishMusings"
817,"Mason Walker","pageflipper@example.com","","VISITOR","2026-03-03 22:19:56.274349+01","Derry","United Kingdom","PageFlipper"
818,"Sophia Taylor","thereadingroom@example.com","","VISITOR","2026-03-03 22:19:56.274859+01","Florence","Italy","TheReadingRoom"
819,"Diane Bourgeois","bookishexplorer@example.com","","VISITOR","2026-03-03 22:19:56.275383+01","Paris","France","BookishExplorer"
820,"Lily White","bibliophileslife@example.com","","VISITOR","2026-03-03 22:19:56.275937+01","Newcastle","United Kingdom","BibliophileLife"
821,"Victoire Joly","readingandrhyme@example.com","","VISITOR","2026-03-03 22:19:56.276439+01","Brest","France","ReadingAndRhyme"
822,"Amelia Scott","booksinbloom@example.com","","VISITOR","2026-03-03 22:19:56.276936+01","Leeds","United Kingdom","BooksInBloom"
823,"Lucas Carter","epicreadsonly@example.com","","VISITOR","2026-03-03 22:19:56.277461+01","Palermo","Italy","EpicReadsOnly"
824,"Chloe Hümmler","librarylover@example.com","","VISITOR","2026-03-03 22:19:56.27797+01","Berlin","Germany","LibraryLover"
825,"Michelle Winkler","novelescapes@example.com","","VISITOR","2026-03-03 22:19:56.278467+01","Halle (Saale)","Germany","NovelEscapes"
826,"Grace Lee","thebookexplorer@example.com","","VISITOR","2026-03-03 22:19:56.278983+01","Paris","France","TheBookExplorer"
827,"Mitrodora Economou","storytellerscorner@example.com","","VISITOR","2026-03-03 22:19:56.279471+01","Patras","Greece","StorytellersCorner"
828,"Amos Hall","bookaddictsanonymous@example.com","","VISITOR","2026-03-03 22:19:56.279981+01","Belfast","United Kingdom","BookAddictsAnonymous"
829,"Zara Baumgartner","poetryandprose@example.com","","VISITOR","2026-03-03 22:19:56.280516+01","Cologne","Germany","PoetryAndProse"
830,"Emily Harris","theshelfiequeen@example.com","","VISITOR","2026-03-03 22:19:56.281018+01","Birmingham","United Kingdom","TheShelfieQueen"
831,"Benjamin Koch","fictionfanatic@example.com","","VISITOR","2026-03-03 22:19:56.281579+01","Augsburg","Germany","FictionFanatic"
832,"Mia Johnson","booksandbrew@example.com","","VISITOR","2026-03-03 22:19:56.282471+01","Genoa","Italy","BooksAndBrew"
833,"Ava Young","thereadingwizard@example.com","","VISITOR","2026-03-03 22:19:56.283054+01","Bath","United Kingdom","TheReadingWizard"
834,"Sophie Tuchner","bookishheart@example.com","","VISITOR","2026-03-03 22:19:56.283574+01","Dortmund","Germany","BookishHeart"
835,"Liam Evans","pagesandpens@example.com","","VISITOR","2026-03-03 22:19:56.2841+01","Genoa","Italy","PagesAndPens"
836,"Ella Clark","wordsandwanderlust@example.com","","VISITOR","2026-03-03 22:19:56.28459+01","Bari","Italy","WordsAndWanderlust"
837,"Assa Benoît","fictionfever@example.com","","VISITOR","2026-03-03 22:19:56.285101+01","Chamonix","France","FictionFever"
838,"Chiara Fontana","thebookvoyager@example.com","","VISITOR","2026-03-03 22:19:56.285604+01","Zurich","Switzerland","TheBookVoyager"
839,"Sophia King","readershaven@example.com","","VISITOR","2026-03-03 22:19:56.286099+01","Glasgow","United Kingdom","ReadersHaven"
840,"Domna Raptis","epicstoryteller@example.com","","VISITOR","2026-03-03 22:19:56.286575+01","Heraklion","Greece","EpicStoryTeller"
841,"Lily Evans","readingrhythms@example.com","","VISITOR","2026-03-03 22:19:56.287095+01","Glasgow","United Kingdom","ReadingRhythms"
842,"Hélène Paris","thebookbuff@example.com","","VISITOR","2026-03-03 22:19:56.287579+01","Lyon","France","TheBookBuff"
843,"Chloe Pierre","poeticsoul@example.com","","VISITOR","2026-03-03 22:19:56.288101+01","Le Havre","France","PoeticSoul"
844,"Amelia Carter","pagescribe@example.com","","VISITOR","2026-03-03 22:19:56.288596+01","Malaga","Spain","PageScribe"
845,"Bérénice Pierre","theliterarylover@example.com","","VISITOR","2026-03-03 22:19:56.289097+01","Le Havre","France","TheLiteraryLover"
846,"Liam Harris","noveljunkie@example.com","","VISITOR","2026-03-03 22:19:56.28957+01","Venice","Italy","NovelJunkie"
847,"Sophie Hall","talesandtreasures@example.com","","VISITOR","2026-03-03 22:19:56.290073+01","Seville","Spain","TalesAndTreasures"
848,"Isabella Walker","bookishvibes@example.com","","VISITOR","2026-03-03 22:19:56.290565+01","Sheffield","United Kingdom","BookishVibes"
849,"Benjamin Zeitler","bookloverforever@example.com","","VISITOR","2026-03-03 22:19:56.291083+01","Munich","Germany","BookLoverForever"
850,"Lily Scott","inkandimagination10@example.com","","VISITOR","2026-03-03 22:19:56.291617+01","Edinburgh","United Kingdom","InkAndImagination10"
851,"Jacob White","readingdreams@example.com","","VISITOR","2026-03-03 22:19:56.292123+01","Dublin","Ireland","ReadingDreams"
852,"Sanaa Renard","literaturelover@example.com","","VISITOR","2026-03-03 22:19:56.292644+01","Calais","France","LiteratureLover"
853,"Zara Harris","thebookjunkie@example.com","","VISITOR","2026-03-03 22:19:56.293135+01","Papa Westray","United Kingdom","TheBookJunkie"
854,"Jack Clark","thenovelnerd@example.com","","VISITOR","2026-03-03 22:19:56.293647+01","Madrid","Spain","TheNovelNerd"
855,"Ella Köstner","storyscribe@example.com","","VISITOR","2026-03-03 22:19:56.294204+01","Leipzig","Germany","StoryScribe"
856,"Walter Wiesner","breakingbadfan@example.com","","VISITOR","2026-03-03 22:19:56.294727+01","Bremen","Germany","BreakingBadFan"
857,"Svenja Beck","SvenjaBeck@example.com","","VISITOR","2026-03-03 22:19:56.295276+01","Strahlsund","Germany","StrangerSvenja"
858,"Rachel Green","friendsforever@example.com","","LOCAL","2026-03-03 22:19:56.295774+01","Tarifa","Spain","FriendsForever"
859,"Michael Weber","theofficememelord@example.com","","VISITOR","2026-03-03 22:19:56.296562+01","Basel","Switzerland","TheOfficeMemeLord"
860,"Rory Ó Leannáin","rory96@example.com","","VISITOR","2026-03-03 22:19:56.297075+01","Cork","Ireland",NULL
861,"Dolores Renard","westworldexplorer@example.com","","VISITOR","2026-03-03 22:19:56.297674+01","Marseille","France","WestworldExplorer"
862,"Denise Lorenz","DeniseLorenz@example.com","","VISITOR","2026-03-03 22:19:56.298192+01","Stuttgart","Germany","DeniseLorenz10"
863,"Tommy Shelby","peakyblindersboss@example.com","","VISITOR","2026-03-03 22:19:56.298696+01","Madrid","Spain","PeakyBlindersBoss"
864,"Sherlock Holmes","sherlockholmesfan@example.com","","VISITOR","2026-03-03 22:19:56.29923+01","Madrid","Spain","SherlockHolmesFan"
865,"Leslie Knope","breakingnewsfanatic@example.com","","VISITOR","2026-03-03 22:19:56.299735+01","Nantes","France","BreakingNewsFanatic"
866,"Maeva Roy","MaevaRoy@example.com","","VISITOR","2026-03-03 22:19:56.300232+01","Calais","France","StrangerThingsWatcher"
867,"Sofia Rodrigues","SofiaRodrigues@example.com","","VISITOR","2026-03-03 22:19:56.300714+01","Lisbon","Portugal","MoneyHeistFan"
868,"Frank Graf","FrankGraf@example.com","","VISITOR","2026-03-03 22:19:56.301226+01","Hamburg","Germany","FrankGraf"
869,"Axelle Le Gall","AxelleLeGall@example.com","","VISITOR","2026-03-03 22:19:56.301723+01","Lille","France","BlackMirrorWatcher"
870,"Saskia Ludwig","SaskiaLudwig@example.com","","VISITOR","2026-03-03 22:19:56.302226+01","Bremen","Germany","SaskiaLudwig"
871,"Queen Elizabeth","crownwatcher@example.com","","VISITOR","2026-03-03 22:19:56.302645+01","Rotterdam","Netherlands","CrownWatcher"
872,"Tony Soprano","thesopranosfan@example.com","","VISITOR","2026-03-03 22:19:56.303064+01","Belfast","United Kingdom","TheSopranosFan"
873,"Robert Cohle","RobertCohle@example.com","","VISITOR","2026-03-03 22:19:56.303468+01","Belfast","United Kingdom","RobertCohle"
874,"Anna Mosby","AnnaMosby@example.com","","VISITOR","2026-03-03 22:19:56.303869+01","Manchester","United Kingdom","AnnaMosby"
875,"Hughie Campbell","theboyswatchers@example.com","","VISITOR","2026-03-03 22:19:56.304277+01","Barcelona","Spain","TheBoysWatchers"
876,"Dean Winchester","supernaturalhunter@example.com","","VISITOR","2026-03-03 22:19:56.304711+01","Madrid","Spain","SupernaturalHunter"
877,"Capucine Adam","CapucineAdam@example.com","","VISITOR","2026-03-03 22:19:56.305151+01","Saint Tropez","France","BetterCallSaulFan"
878,"Nawel Prevost","NawelPrevost@example.com","","VISITOR","2026-03-03 22:19:56.305586+01","Montpellier","France","TheHandmaidsTaleWatcher"
879,"Denise Lorenz","DeniseLorenz10@example.com","","VISITOR","2026-03-03 22:19:56.306054+01","Cologne","Germany","DeniseLorenz"
880,"Matt Murdock","daredevildefender@example.com","","VISITOR","2026-03-03 22:19:56.306583+01","Milan","Italy","DaredevilDefender"
881,"Vanya Hargreeves","theumbrellaacademyfan@example.com","","VISITOR","2026-03-03 22:19:56.306996+01","London","United Kingdom","TheUmbrellaAcademyFan"
882,"Sheldon Cooper","thebigbangtheoryfan@example.com","","VISITOR","2026-03-03 22:19:56.307452+01","Barcelona","Spain","TheBigBangTheoryFan"
883,"Phoebe Pullman","friendsgroup@example.com","","VISITOR","2026-03-03 22:19:56.307912+01","London","United Kingdom","FriendsGroup"
884,"Lorne Malvo","fargofanatic@example.com","","VISITOR","2026-03-03 22:19:56.308345+01","Alicante","Spain","FargoFanatic"
885,"Ruth Wilder","glowfan@example.com","","VISITOR","2026-03-03 22:19:56.308758+01","Galway","Ireland",NULL
886,"Christian Müller","ChristianMuller@example.com","","VISITOR","2026-03-03 22:19:56.309418+01","Dresden","Germany","ChristianCrawl"
887,"Manon Gerber","lostfanatic@example.com","","VISITOR","2026-03-03 22:19:56.309813+01","Zurich","Switzerland","LostInSpace"
888,"Melanie Huber","MelanieHuber@example.com","","VISITOR","2026-03-03 22:19:56.310229+01","Zurich","Switzerland","ZurichFan"
889,"Phoebe Smith","fleabagwatcher@example.com","","VISITOR","2026-03-03 22:19:56.310726+01","London","United Kingdom","FleabagWatcher"
890,"Holden Ford","mindhunterwatcher@example.com","","VISITOR","2026-03-03 22:19:56.311233+01","Granada","Spain","MindhunterWatcher"
891,"Prince Philip","thecrownwatcher@example.com","","VISITOR","2026-03-03 22:19:56.311757+01","Rotterdam","Netherlands","TheCrownWatcher"
892,"Annalise Keating","howtogetawaywithmurderfan@example.com","","VISITOR","2026-03-03 22:19:56.312289+01","Barcelona","Spain","HowToGetAwayWithMurderFan"
893,"Ragnar Lothbrok","vikingsfanatic@example.com","","VISITOR","2026-03-03 22:19:56.31278+01","Bergen","Norway","VikingsFanatic"
894,"Javier Peña","narcoswatcher@example.com","","VISITOR","2026-03-03 22:19:56.313281+01","Belfast","United Kingdom","NarcosWatcher"
895,"Sebastian Schmidt","SebastianSchmidt@example.com","","VISITOR","2026-03-03 22:19:56.320712+01","Hamburg","Germany","SebastianSchmidt"
896,"Din Djarin","themandalorianfan@example.com","","VISITOR","2026-03-03 22:19:56.321329+01","Prague","Czech Republic","TheMandalorianFan"
897,"Kara Zor-El","supergirlfan@example.com","","VISITOR","2026-03-03 22:19:56.321914+01","Malaga","Spain","SupergirlFan"
898,"Eleanor Shellstrop","thegoodplacefan@example.com","","VISITOR","2026-03-03 22:19:56.32271+01","Valencia","Spain","TheGoodPlaceFan"
899,"Valentine Meunier","ValentineMeunier@example.com","","VISITOR","2026-03-03 22:19:56.323363+01","Paris","France","BuffyTheVampireSlayerFan"
900,"Harvey Specter","suitsfan@example.com","","VISITOR","2026-03-03 22:19:56.323944+01","Bristol","United Kingdom","SuitsFan"
901,"Cisco Ramon","theflashfanatic@example.com","","VISITOR","2026-03-03 22:19:56.32448+01","Manchester","United Kingdom","TheFlashFanatic"
902,"Kilian MacClery","kilian@example.com","","VISITOR","2026-03-03 22:19:56.32501+01","Dublin","Ireland",NULL
903,"Yasmine Hubert","YasmineHubert@example.com","","VISITOR","2026-03-03 22:19:56.325547+01","Bidart","France","OzarkWatcher"
904,"Apolline Brunet","ApollineBrunet@example.com","","VISITOR","2026-03-03 22:19:56.326088+01","Arles","France","TheXFilesFan"
905,"Nell Vance","thehauntingofhillhousefan@example.com","","VISITOR","2026-03-03 22:19:56.326541+01","Birmingham","United Kingdom","TheHauntingOfHillHouseFan"
906,"Miles Brunet","MilesBrunet@example.com","","VISITOR","2026-03-03 22:19:56.326971+01","Avignon","France","JazzLover123"
907,"Alexander Schneider","AlexanderSchneider@example.com","","VISITOR","2026-03-03 22:19:56.327416+01","Frankfurt","Germany","AlexanderSchneider"
908,"Thomas Martin","ThomasMartin@example.com","","VISITOR","2026-03-03 22:19:56.327833+01","Paris","France","PopPrincess"
909,"Noemi Orrù","noemi_maestro@example.com","","VISITOR","2026-03-03 22:19:56.328296+01","Cagliari","Italy",NULL
910,"Nicolas Bernard","NicolasBernard@example.com","","VISITOR","2026-03-03 22:19:56.328746+01","Chamonix","France","HipHopHead"
911,"Kurt Dubois","indievibes@example.com","","VISITOR","2026-03-03 22:19:56.329279+01","Paris","France","IndieVibes"
912,"Johnny Cash","countrystar@example.com","","VISITOR","2026-03-03 22:19:56.32983+01","Sheffield","United Kingdom","CountryStar"
913,"Calvin Harris","edmenthusiast@example.com","","VISITOR","2026-03-03 22:19:56.330565+01","Manchester","United Kingdom","EDMEnthusiast"
914,"Beyoncé","rbqueen@example.com","","VISITOR","2026-03-03 22:19:56.331029+01","Madrid","Spain","R&BQueen"
915,"Aretha Franklin","soulsurvivor@example.com","","VISITOR","2026-03-03 22:19:56.331585+01","Barcelona","Spain","SoulSurvivor"
916,"Ozzy Smith","metalhead69@example.com","","VISITOR","2026-03-03 22:19:56.332043+01","London","United Kingdom",NULL
917,"Alice Deiana","punkrockrebel@example.com","","VISITOR","2026-03-03 22:19:56.332514+01","Cagliari","Italy","PunkRockRebel"
918,"Edward King","bluestraveler@example.com","","VISITOR","2026-03-03 22:19:56.332947+01","Edinburgh","United Kingdom","BluesTraveler"
919,"Daniel Fischer","folkhero@example.com","","VISITOR","2026-03-03 22:19:56.333448+01","Leipzig","Germany","FolkHero"
920,"Juli Szőke","reggaevibes@example.com","","VISITOR","2026-03-03 22:19:56.333943+01","Budapest","Hungary","ReggaeVibes"
921,"Thomas Weber","pianoprodigy@example.com","","VISITOR","2026-03-03 22:19:56.334612+01","Leipzig","Germany","PianoProdigy"
922,"Michael Meyer","MichaelMeyer@example.com","","VISITOR","2026-03-03 22:19:56.335191+01","Dusseldorf","Germany","RockQueen"
923,"Carlos Santana","latinrhythms@example.com","","VISITOR","2026-03-03 22:19:56.335738+01","Glasgow","United Kingdom","LatinRhythms"
924,"Patrick Wagner","PatrickWagner@example.com","","VISITOR","2026-03-03 22:19:56.336279+01","Munich","Germany","GospelSoul"
925,"Erzsébet Kovács","pianoman@example.com","","VISITOR","2026-03-03 22:19:56.337444+01","Budapest","Hungary","PianoMan"
926,"Stefania Vasiliou","trapbeats@example.com","","VISITOR","2026-03-03 22:19:56.338049+01","Thessaloniki","Greece","TrapBeats"
927,"Kavinsky","synthwavefan@example.com","","VISITOR","2026-03-03 22:19:56.338531+01","Alicante","Spain","SynthwaveFan"
928,"Radiohead","alternativefan@example.com","","VISITOR","2026-03-03 22:19:56.338977+01","Rotterdam","Netherlands","AlternativeFan"
929,"Marcel Becker","grungeking@example.com","","VISITOR","2026-03-03 22:19:56.339455+01","Frankfurt","Germany","GrungeKing"
930,"Barbara Kowalczyk","dancefloorqueen@example.com","","VISITOR","2026-03-03 22:19:56.339897+01","Krakow","Poland","DanceFloorQueen"
931,"Fred Sheeran","acousticstrummer@example.com","","VISITOR","2026-03-03 22:19:56.340323+01","Leeds","United Kingdom","AcousticStrummer"
932,"Phoebe Bridgers","indiedreamer@example.com","","VISITOR","2026-03-03 22:19:56.340734+01","Belfast","United Kingdom","IndieDreamer"
933,"Sean Paul","dancehallvibes@example.com","","LOCAL","2026-03-03 22:19:56.341152+01","Tarifa","Spain","DanceHallVibes"
934,"Pentatonix","acapellaqueen@example.com","","VISITOR","2026-03-03 22:19:56.341574+01","Granada","Spain","AcapellaQueen"
935,"Julien Dubois","JulienDubois@example.com","","VISITOR","2026-03-03 22:19:56.342014+01","Cannes","France","80sPopStar"
936,"Kevin Thomas","bluegrassking@example.com","","VISITOR","2026-03-03 22:19:56.342412+01","Nice","France","BluegrassKing"
937,"Aline Fischer","AlineFischer@example.com","","VISITOR","2026-03-03 22:19:56.342822+01","Geneva","Switzerland","QueenAline"
938,"Deadmau5","electronicraver@example.com","","VISITOR","2026-03-03 22:19:56.343224+01","Barcelona","Spain","ElectronicRaver"
939,"Daniel Johnson","mellowvibes@example.com","","VISITOR","2026-03-03 22:19:56.343658+01","Brighton","United Kingdom","MellowVibes"
940,"Beatrice Floris","operalover@example.com","","VISITOR","2026-03-03 22:19:56.344092+01","Cagliari","Italy","OperaLover"
941,"Andreas Schulz","folksinger@example.com","","VISITOR","2026-03-03 22:19:56.344519+01","Munich","Germany","FolkSinger"
942,"Heléna Gábor","dancepoplover@example.com","","VISITOR","2026-03-03 22:19:56.345442+01","Pécs","Hungary","DancePopLover"
943,"Valentina Bernasconi","soulsinger@example.com","","VISITOR","2026-03-03 22:19:56.345945+01","Locarno","Switzerland","SoulSinger"
944,"Alexandre Robert","AlexandreRobert@example.com","","VISITOR","2026-03-03 22:19:56.346498+01","Lille","France","RockLegendsFan"
945,"Skrillex","technodj@example.com","","VISITOR","2026-03-03 22:19:56.3471+01","Valencia","Spain","TechnoDJ"
946,"Debbie Harry","punkrockprincess@example.com","","VISITOR","2026-03-03 22:19:56.347713+01","Alicante","Spain","PunkRockPrincess"
947,"Jay-Z","rapruler@example.com","","VISITOR","2026-03-03 22:19:56.348228+01","Barcelona","Spain","RapRuler"
948,"Jimmy Brown","funkmaster@example.com","","VISITOR","2026-03-03 22:19:56.348993+01","Liverpool","United Kingdom","FunkMaster"
949,"Stefan Hoffmann","salsaq@example.com","","VISITOR","2026-03-03 22:19:56.349798+01","Hamburg","Germany","SalsaQ"
950,"Lana Fox","alternativequeen@example.com","","VISITOR","2026-03-03 22:19:56.350383+01","Bristol","United Kingdom","AlternativeQueen"
951,"Armin van Buuren","trancevibes@example.com","","VISITOR","2026-03-03 22:19:56.351179+01","Leeds","United Kingdom","TranceVibes"
952,"Marvin Gayer","funksoulbrother@example.com","","VISITOR","2026-03-03 22:19:56.351714+01","Glasgow","United Kingdom","FunkSoulBrother"
953,"Dorethy Parton","countryqueen@example.com","","VISITOR","2026-03-03 22:19:56.35226+01","Sheffield","United Kingdom","CountryQueen"
954,"Mehmet Yılmaz","experimentalartist@example.com","","VISITOR","2026-03-03 22:19:56.352817+01","Berlin","Germany","ExperimentalArtist"
955,"Ali Kaya","jazzguitarist@example.com","","VISITOR","2026-03-03 22:19:56.353324+01","Stuttgart","Germany","JazzGuitarist"
956,"Robert Hayes","goldengatefan@example.com","","VISITOR","2026-03-03 22:19:56.353859+01","Alicante","Spain","GoldenGateFan"
957,"Ava Murphy","AvaMurphy@example.com","","VISITOR","2026-03-03 22:19:56.354301+01","London","United Kingdom","AvaMurphy"
958,"Sophia Wu","techcityguru@example.com","","VISITOR","2026-03-03 22:19:56.354751+01","Palo Alto","USA","TechCityGuru"
959,"Lucas Martinez","sfshoreline@example.com","","VISITOR","2026-03-03 22:19:56.355188+01","San Francisco","USA","SFShoreline"
960,"Maya Gonzalez","missiondistrictvibes@example.com","","VISITOR","2026-03-03 22:19:56.355629+01","Granada","Spain","MissionDistrictVibes"
961,"Ethan Ross","foggymornings@example.com","","VISITOR","2026-03-03 22:19:56.356081+01","San Francisco","USA","FoggyMornings"
962,"Lily Smith","baybreezebabe@example.com","","VISITOR","2026-03-03 22:19:56.356501+01","Palo Alto","USA","BayBreezeBabe"
963,"Benjamin Lee","siliconvalleypro@example.com","","VISITOR","2026-03-03 22:19:56.356923+01","Bilbao","Spain","SiliconValleyPro"
964,"Margarida Martins","MargaridaMartins@example.com","","VISITOR","2026-03-03 22:19:56.357333+01","Porto","Portugal","SausalitoDreamer"
965,"Maxime Richard","MaximeRichard@example.com","","VISITOR","2026-03-03 22:19:56.357758+01","Paris","France","BerkeleyInnovator"
966,"Chloe Demir","treasureislandsoul@example.com","","VISITOR","2026-03-03 22:19:56.358165+01","Munich","Germany","TreasureIslandSoul"
967,"Mason Clark","pacificasunset@example.com","","VISITOR","2026-03-03 22:19:56.358572+01","Edinburgh","United Kingdom","PacificaSunset"
968,"Elena Allen","alamedaadventurer@example.com","","VISITOR","2026-03-03 22:19:56.359048+01","Barcelona","Spain","AlamedaAdventurer"
969,"Henry Carter","northbayexplorer@example.com","","VISITOR","2026-03-03 22:19:56.359787+01","Berkley","USA","NorthBayExplorer"
970,"Ella Becker","marinmountainhiker@example.com","","VISITOR","2026-03-03 22:19:56.36023+01","Stuttgart","Germany","MarinMountainHiker"
971,"Daniel Beckmann","haightashburyvibes@example.com","","VISITOR","2026-03-03 22:19:56.360644+01","Munich","Germany","HaightAshburyVibes"
972,"Zoe Taylor","castroculturalist@example.com","","VISITOR","2026-03-03 22:19:56.361053+01","Derry","United Kingdom","CastroCulturalist"
973,"Jeffrey Wilson","fishermanswharffan@example.com","","VISITOR","2026-03-03 22:19:56.361469+01","Brighton","United Kingdom","FishermansWharfFan"
974,"Charlotte König","oceanbeachwaves@example.com","","VISITOR","2026-03-03 22:19:56.362001+01","Leipzig","Germany","OceanBeachWaves"
975,"Oliver Lee","missionmuralartist@example.com","","LOCAL","2026-03-03 22:19:56.362559+01","Tarifa","Spain","MissionMuralArtist"
976,"Antoine Petit","AntoinePetit@example.com","","VISITOR","2026-03-03 22:19:56.363095+01","Paris","France","PacBellParkFan"
977,"Emily Moore","sunsetdistrictsoul@example.com","","VISITOR","2026-03-03 22:19:56.363642+01","Edinburgh","United Kingdom","SunsetDistrictSoul"
978,"Aiden Scott","sftechie@example.com","","VISITOR","2026-03-03 22:19:56.364133+01","Bilbao","Spain","SFTechie"
979,"Sophia Lewis","baysidebeauty@example.com","","VISITOR","2026-03-03 22:19:56.364773+01","Berkley","USA","BaysideBeauty"
980,"Oliver Young","baybridgebiker@example.com","","VISITOR","2026-03-03 22:19:56.365399+01","Mountain View","USA","BayBridgeBiker"
981,"Can Yıldız","Canfoodielife@example.com","","VISITOR","2026-03-03 22:19:56.365931+01","Stuttgart","Germany","CanFoodieLife"
982,"Ethan Johnson","embarcaderoexplorer@example.com","","VISITOR","2026-03-03 22:19:56.366469+01","Seville","Spain","EmbarcaderoExplorer"
983,"Isabella Brown","twinpeakspanoramas@example.com","","VISITOR","2026-03-03 22:19:56.366995+01","Dublin","Ireland","TwinPeaksPanoramas"
984,"Aiden Taylor","southbaystartup@example.com","","VISITOR","2026-03-03 22:19:56.36753+01","Barcelona","Spain","SouthBayStartup"
985,"Mia Davis","sfurbanexplorer@example.com","","VISITOR","2026-03-03 22:19:56.368049+01","San Francisco","USA","SFUrbanExplorer"
986,"Sebastian King","marinadistrictvibes@example.com","","VISITOR","2026-03-03 22:19:56.368574+01","San Francisco","USA","MarinaDistrictVibes"
987,"Olivia Lee","sfbayareasurfer@example.com","","VISITOR","2026-03-03 22:19:56.369082+01","San Francisco","USA","SFBayAreaSurfer"
988,"James White","napavineyardlover@example.com","","VISITOR","2026-03-03 22:19:56.369592+01","Malaga","Spain","NapaVineyardLover"
989,"Lily Maier","LilyMaier@example.com","","VISITOR","2026-03-03 22:19:56.370121+01","Cologne","Germany","MarinParkRunner"
990,"Benjamin Scott","santaclaratechie@example.com","","VISITOR","2026-03-03 22:19:56.370635+01","Malaga","Spain","SantaClaraTechie"
991,"Charlotte Fischer","CharlotteFischer@example.com","","VISITOR","2026-03-03 22:19:56.37116+01","Zermatt","Switzerland","SunsetWithCharlotte"
992,"Lucas Wright","paloaltoinnovator@example.com","","VISITOR","2026-03-03 22:19:56.371655+01","Palo Alto","USA","PaloAltoInnovator"
993,"Ava Mühler","angelislandadventurer@example.com","","VISITOR","2026-03-03 22:19:56.372262+01","Leipzig","Germany","AngelIslandAdventurer"
994,"Ethan Taylor","sfbayrunner@example.com","","VISITOR","2026-03-03 22:19:56.372751+01","San Francisco","USA","SFBayRunner"
995,"Maya Evans","civiccenterexplorer@example.com","","VISITOR","2026-03-03 22:19:56.373244+01","London","United Kingdom","CivicCenterExplorer"
996,"Chloe Williams","chloejetsetter@example.com","","VISITOR","2026-03-03 22:19:56.374314+01","London","United Kingdom","ChloeJetSetter"
997,"James Adams","redwoodforestwalker@example.com","","VISITOR","2026-03-03 22:19:56.374807+01","York","United Kingdom","RedwoodForestWalker"
998,"Isabella Turner","oaklandsoul@example.com","","VISITOR","2026-03-03 22:19:56.375318+01","Oakland","USA","OaklandSoul"
999,"Benjamin Clark","sunnyvaletechie@example.com","","VISITOR","2026-03-03 22:19:56.375859+01","Sunnyvale","USA","SunnyvaleTechie"
1000,"Sofia Lopez","bayareaexplorer1@example.com","","VISITOR","2026-03-03 22:19:56.376382+01","Liverpool","United Kingdom","BayAreaExplorer1"
1001,"Alexander Davis","richmonddistrictvibes@example.com","","VISITOR","2026-03-03 22:19:56.376898+01","London","United Kingdom","RichmondDistrictVibes"
1002,"Olivia Scott","muirwoodswanderer@example.com","","VISITOR","2026-03-03 22:19:56.377435+01","Malaga","Spain","MuirWoodsWanderer"
1003,"Aiden Miller","AidenMiller@example.com","","VISITOR","2026-03-03 22:19:56.377983+01","Torquay","United Kingdom","AidenMiller"
1004,"Lily Gonzalez","haywardhiker@example.com","","VISITOR","2026-03-03 22:19:56.378534+01","Granada","Spain","HaywardHiker"
1005,"Ethan Perez","southsfinnovator@example.com","","VISITOR","2026-03-03 22:19:56.379118+01","Belfast","United Kingdom","SouthSFInnovator"
1006,"Ross Geller","rossgeller123@example.com","","LOCAL","2026-03-03 22:19:56.37964+01","Tarifa","Spain","RossGeller123"
1007,"Rachel Green","rachelgreen14@example.com","","VISITOR","2026-03-03 22:19:56.380189+01","London","United Kingdom","RachelGreen14"
1008,"Monika Otto","MonikaOtto@example.com","","VISITOR","2026-03-03 22:19:56.380689+01","Frankfurt","Germany","MonikaOtto"
1009,"Chandler Bing","chandlerbing07@example.com","","VISITOR","2026-03-03 22:19:56.381536+01","Liverpool","United Kingdom","ChandlerBing07"
1010,"Edin Muratović","EdinMuratovic@east.com","","VISITOR","2026-03-03 22:19:56.382065+01","Cologne","Germany","EdinMuratović"
1011,"MarianaJesus","MarianaJesus@example.com","","VISITOR","2026-03-03 22:19:56.382594+01","Porto","Portugal","JoeyTribbiani56"
1012,"Janice Litman","janicelitman22@example.com","","VISITOR","2026-03-03 22:19:56.383082+01","London","United Kingdom","JaniceLitman22"
1013,"Gunther Middleman","guntherlovesrachel@example.com","","VISITOR","2026-03-03 22:19:56.383528+01","London","United Kingdom","GuntherLovesRachel"
1014,"Carol Dubois","CarolDubois@example.com","","VISITOR","2026-03-03 22:19:56.383991+01","Arles","France","CarolWillick23"
1015,"Susan Bunkowski","susanbunkowski11@example.com","","VISITOR","2026-03-03 22:19:56.384482+01","Cork","Ireland","SusanBunkowski11"
1016,"Mike Hannigan","mikehannigan05@example.com","","VISITOR","2026-03-03 22:19:56.384932+01","Bristol","United Kingdom","MikeHannigan05"
1017,"Alessia Manca","Alessia.Manca@example.com","","VISITOR","2026-03-03 22:19:56.385397+01","Olbia","Italy",NULL
1018,"Romain Durand","RomainDurand@example.com","","VISITOR","2026-03-03 22:19:56.38582+01","Strasbourg","France","JackGeller99"
1019,"Judy Geller","judygeller47@example.com","","VISITOR","2026-03-03 22:19:56.386242+01","Boston","USA","JudyGeller47"
1020,"Ben Geller","bengeller91@example.com","","VISITOR","2026-03-03 22:19:56.386709+01","Manchester","United Kingdom","BenGeller91"
1021,"Emily Williams","emily51@example.com","","VISITOR","2026-03-03 22:19:56.387153+01","Oxford","United Kingdom","Emily51"
1022,"Sara Meloni","Sara.Meloni@example.com","","VISITOR","2026-03-03 22:19:56.387576+01","Cagliari","Italy",NULL
1023,"Eddie Menuek","eddiemenuek00@example.com","","VISITOR","2026-03-03 22:19:56.387981+01","Sheffield","United Kingdom","EddieMenuek00"
1024,"Richard Burke","drrichardburke66@example.com","","VISITOR","2026-03-03 22:19:56.388904+01","Seattle","USA","RichardBurke66"
1025,"Jackie Geller","jackiegeller43@example.com","","VISITOR","2026-03-03 22:19:56.389369+01","London","United Kingdom","JackieGeller43"
1026,"Leonor Fernandes","LeonorFernandes@example.com","","VISITOR","2026-03-03 22:19:56.389945+01","Lisbon","Portugal","BuffySummers13"
1027,"Willow Rosenberg","willowrosenberg88@example.com","","VISITOR","2026-03-03 22:19:56.390399+01","London","United Kingdom","WillowRosenberg88"
1028,"Xander Harris","xanderharris22@example.com","","VISITOR","2026-03-03 22:19:56.390848+01","Chicago","USA","XanderHarris22"
1029,"Angel Harald","angelus04@example.com","","VISITOR","2026-03-03 22:19:56.391327+01","Galway","Ireland","Angelus04"
1030,"Eleonora Mura","Eleonora.Mura@example.com","","VISITOR","2026-03-03 22:19:56.391781+01","Cagliari","Italy",NULL
1031,"Faith Lehane","Chicago@example.com","","VISITOR","2026-03-03 22:19:56.392213+01","Chicago","USA",NULL
1032,"Rupert Giles","gilesrupert77@example.com","","VISITOR","2026-03-03 22:19:56.392641+01","Oxford","United Kingdom","GilesRupert77"
1033,"Anya Jenkins","anyajenkins34@example.com","","VISITOR","2026-03-03 22:19:56.393079+01","Tallinn","Estland",NULL
1034,"Julia Brunner","JuliaBrunner@example.com","","VISITOR","2026-03-03 22:19:56.393595+01","Zurich","Switzerland","JuliaBrunner92"
1035,"Tara Maclay","taramaclay59@example.com","","VISITOR","2026-03-03 22:19:56.394115+01","Bristol","United Kingdom","TaraMaclay59"
1036,"Dawn Summers","dawnsummers28@example.com","","VISITOR","2026-03-03 22:19:56.394625+01","Derry","Ireland","DawnSummers28"
1037,"Riley Finn","rileyfinn25@example.com","","VISITOR","2026-03-03 22:19:56.395155+01","Alicante","Spain","RileyFinn25"
1038,"Oz Forster","ozwerewolf17@example.com","","VISITOR","2026-03-03 22:19:56.395663+01","North Ronaldsay","United Kingdom",NULL
1039,"Jonathan Levinson","jonathanlevinson30@example.com","","VISITOR","2026-03-03 22:19:56.396179+01","Cambridge","United Kingdom","JonathanLevinson30"
1040,"Karl Hornby","themaster00@example.com","","VISITOR","2026-03-03 22:19:56.396713+01","Birmingham","United Kingdom","TheMaster00"
1041,"Don Draper","dondraper1960@example.com","","VISITOR","2026-03-03 22:19:56.39721+01","New York City","USA","DonDraper1960"
1042,"Janusz Nowak","JanuszNowak@example.com","","VISITOR","2026-03-03 22:19:56.397783+01","Berlin","Germany","JanuszNowak"
1043,"Peggy Olson","peggyolson17@example.com","","VISITOR","2026-03-03 22:19:56.398316+01","New York City","USA","PeggyOlson17"
1044,"Joan Holloway","joanholloway07@example.com","","VISITOR","2026-03-03 22:19:56.398869+01","New York City","USA","JoanHolloway07"
1045,"Roger Sterling","rogersterling34@example.com","","VISITOR","2026-03-03 22:19:56.399428+01","New York City","USA","RogerSterling34"
1046,"Betty Francis","bettyfrancis88@example.com","","LOCAL","2026-03-03 22:19:56.399952+01","Tarifa","Spain","BettyFrancis88"
1047,"Clément Leroy","ClementLeroy@example.com","","VISITOR","2026-03-03 22:19:56.400457+01","Marseille","France","TrudyCampbell45"
1048,"Giorgia Lai","Giorgia.Lai@example.com","","VISITOR","2026-03-03 22:19:56.400957+01","Olbia","Italy",NULL
1049,"Michael Ginsberg","michaelginsberg21@example.com","","VISITOR","2026-03-03 22:19:56.401492+01","Bristol","United Kingdom","MichaelGinsberg21"
1050,"Ken Cosgrove","kencosgrove30@example.com","","VISITOR","2026-03-03 22:19:56.402006+01","Leeds","United Kingdom","KenCosgrove30"
1051,"Sally Draper","sallydraper19@example.com","","VISITOR","2026-03-03 22:19:56.402835+01","New York City","USA","SallyDraper19"
1052,"Harry Cranston","harrycranston26@example.com","","VISITOR","2026-03-03 22:19:56.403366+01","Cordoba","Spain","HarryCranston26"
1053,"Lane Price","laneprice33@example.com","","VISITOR","2026-03-03 22:19:56.403858+01","Bristol","United Kingdom","LanePrice33"
1054,"Alajos Lakatos","alajos07@example.com","","VISITOR","2026-03-03 22:19:56.404364+01","Budapest","Hungary",NULL
1055,"Henry Francis","henryfrancis45@example.com","","VISITOR","2026-03-03 22:19:56.404878+01","Sheffield","United Kingdom","HenryFrancis45"
1056,"Rory Gilmore","rorygilmore18@example.com","","VISITOR","2026-03-03 22:19:56.405399+01","Hartford","USA","RoryGilmore18"
1057,"Lorelai Gilmore","lorelai.gilmore22@example.com","","VISITOR","2026-03-03 22:19:56.405889+01","Madrid","Spain","LorelaiGilmore22"
1058,"Luke Danes","lukedanes07@example.com","","VISITOR","2026-03-03 22:19:56.406387+01","Madrid","Spain","LukeDanes07"
1059,"Federica Murgia","Federica.Murgia@example.com","","VISITOR","2026-03-03 22:19:56.406877+01","Cagliari","Italy",NULL
1060,"Emily Gilmore","emilygilmore65@example.com","","VISITOR","2026-03-03 22:19:56.40735+01","Windsor","United Kingdom","EmilyGilmore65"
1061,"Richard Moreau","RichardMoreau@example.com","","VISITOR","2026-03-03 22:19:56.407855+01","Cannes","France","RichardGilmore73"
1062,"Paris Geller","parisgeller10@example.com","","VISITOR","2026-03-03 22:19:56.40834+01","Boston","USA","ParisGeller10"
1063,"Dean Forester","deanforester18@example.com","","VISITOR","2026-03-03 22:19:56.408832+01","Leeds","United Kingdom","DeanForester18"
1064,"Jess Mariano","jessmariano05@example.com","","VISITOR","2026-03-03 22:19:56.409332+01","Leeds","United Kingdom","JessMariano05"
1065,"Logan Huntzberger","loganhuntzberger12@example.com","","VISITOR","2026-03-03 22:19:56.409847+01","London","United Kingdom","LoganHuntzberger12"
1066,"Kirk Guillet","kirkguillet52@example.com","","VISITOR","2026-03-03 22:19:56.410344+01","Dublin","Ireland","KirkGuillet52"
1067,"Michel Gerard","michelgerard30@example.com","","VISITOR","2026-03-03 22:19:56.411373+01","Montreal","Canada","MichelGerard30"
1068,"Tana Harrison","tanaharrison08@example.com","","VISITOR","2026-03-03 22:19:56.411892+01","Cork","Ireland","TanaHarrison08"
1069,"Lane Kim","lanekim12@example.com","","VISITOR","2026-03-03 22:19:56.412391+01","Granada","Spain","LaneKim12"
1070,"Valentina Loi","Valentina.Loi@example.com","","VISITOR","2026-03-03 22:19:56.412891+01","Palau","Italy",NULL
1071,"Brandon Walsh","brandonwalsh27@example.com","","VISITOR","2026-03-03 22:19:56.413384+01","Newquay","United Kingdom","BrandonWalsh27"
1072,"Brenda Walsh","brendawalsh23@example.com","","VISITOR","2026-03-03 22:19:56.413898+01","Bilbao","Spain","BrendaWalsh23"
1073,"Mehdi Moreau","MehdiMoreau@example.com","","VISITOR","2026-03-03 22:19:56.414395+01","Marseille","France","KellyTaylor19"
1074,"Donna Martin","donnamartin17@example.com","","VISITOR","2026-03-03 22:19:56.414906+01","Dublin","Ireland","DonnaMartin17"
1075,"Ahmed Mansour","AhmedMansour@example.com","","VISITOR","2026-03-03 22:19:56.415742+01","Bremen","Germany","AhmedMansour"
1076,"Andrea Zuckerman","andreazuckerman25@example.com","","VISITOR","2026-03-03 22:19:56.416353+01","Paris","France","AndreaZuckerman25"
1077,"Aurora Sanna","Aurora21@example.com","","VISITOR","2026-03-03 22:19:56.416886+01","Cagliari","Italy",NULL
1078,"Nat Bussichio","natbussichio29@example.com","","VISITOR","2026-03-03 22:19:56.417467+01","Genoa","Italy","NatBussichio29"
1079,"Luke Perry","lukeperry19@example.com","","VISITOR","2026-03-03 22:19:56.418009+01","Leeds","United Kingdom","LukePerry19"
1080,"Jim Walsh","jimwalsh42@example.com","","VISITOR","2026-03-03 22:19:56.418521+01","Cardiff","United Kingdom","JimWalsh42"
1081,"Abigél Eszes","abigel39@example.com","","VISITOR","2026-03-03 22:19:56.419058+01","Budapest","Hungary",NULL
1082,"Dylan McKay","dylanmckay33@example.com","","VISITOR","2026-03-03 22:19:56.419563+01","Los Angeles","USA",NULL
1083,"Valerie Malone","valeriemalone27@example.com","","VISITOR","2026-03-03 22:19:56.420087+01","Cordoba","Spain","ValerieMalone27"
1084,"Ryan Austin","ryanaustin22@example.com","","VISITOR","2026-03-03 22:19:56.420609+01","Portland","USA",NULL
1085,"Shannon Doherty","shannondoherty18@example.com","","VISITOR","2026-03-03 22:19:56.421136+01","Austin","USA","´"
1086,"Lucas Simon","LucasSimon@example.com","","VISITOR","2026-03-03 22:19:56.421637+01","Toulouse","France",NULL
1087,"Heather Long","heatherLong99@example.com","","VISITOR","2026-03-03 22:19:56.42216+01","Oban","United Kingdom","HeatherLong99"
1088,"Úna Clery","una77@example.com","","VISITOR","2026-03-03 22:19:56.422667+01","Cork","Ireland",NULL
1089,"Lukas Koch","LukasKoch@example.com","","VISITOR","2026-03-03 22:19:56.423196+01","Leipzig","Germany","LukasKoch25"
1090,"Ginny Lucas","ginny16@example.com","","VISITOR","2026-03-03 22:19:56.423688+01","Biarritz","France",NULL
1091,"Camille Favre","CamilleFavre@example.com","","VISITOR","2026-03-03 22:19:56.424179+01","Lausanne","Switzerland","CamilleFav"
1092,"Noemi Egger","NoemiEgger@example.com","","VISITOR","2026-03-03 22:19:56.425003+01","Bern","Switzerland","NoemiLovegood"
1093,"Magdalena Kamińska","Magdalena25@example.com","","VISITOR","2026-03-03 22:19:56.425524+01","Krakow","Poland","Magdalena25"
1094,"Giulia Piras","Giulia.Piras@example.com","","VISITOR","2026-03-03 22:19:56.426074+01","Olbia","Italy",NULL
1095,"Olympe Brun","Olympe.Brun@example.com","","VISITOR","2026-03-03 22:19:56.426592+01","Biarritz","France",NULL
1096,"Felix Bauer","FelixBauer@example.com","","VISITOR","2026-03-03 22:19:56.427097+01","Erfurt","Germany","FelixBauer"
1097,"Sofia Pinna","Sofia.Pinna@example.com","","VISITOR","2026-03-03 22:19:56.427596+01","Palau","Italy",NULL
1098,"Rubeus Hagrid","hagridthekeeper@example.com","","VISITOR","2026-03-03 22:19:56.4281+01","Glasgow","United Kingdom","HagridTheKeeper"
1099,"Manu Legrand","Manu.Legrand@example.com","","VISITOR","2026-03-03 22:19:56.4286+01","Calais","France",NULL
1100,"Francesca Melis","Francesca.Melis@example.com","","VISITOR","2026-03-03 22:19:56.429112+01","Olbia","Italy",NULL
1101,"Bellatrix Bouchard","bellatrix21@example.com","","VISITOR","2026-03-03 22:19:56.42961+01","Lyon","France",NULL
1102,"Tom Riddle","tomriddle23@example.com","","VISITOR","2026-03-03 22:19:56.430093+01","Birmingham","United Kingdom","TomRiddle23"
1103,"Cho Chang","chochang18@example.com","","VISITOR","2026-03-03 22:19:56.430622+01","San Francisco","USA","ChoChang18"
1104,"Magdeleine Dior","dior@example.com","","VISITOR","2026-03-03 22:19:56.431128+01","Paris","France","ParvatiPatil12"
1105,"Rita Gonçalves","RitaGoncalves@example.com","","VISITOR","2026-03-03 22:19:56.431767+01","Porto","Portugal","PadmaPatil15"
1106,"Katniss Everdeen","katnisseverdeen12@example.com","","VISITOR","2026-03-03 22:19:56.432321+01","Seville","Spain","KatnissEverdeen12"
1107,"Florian Hartmann","FlorianHartmann@example.com","","VISITOR","2026-03-03 22:19:56.432865+01","Berlin","Germany","FlorianHartmann"
1108,"Gale Hawthorne","galehawthorne25@example.com","","VISITOR","2026-03-03 22:19:56.433676+01","Barcelona","Spain","GaleHawthorne25"
1109,"Maximilian Richter","MaximilianRichter@example.com","","VISITOR","2026-03-03 22:19:56.434198+01","Leipzig","Germany","MaximilianRichter"
1110,"Tim Klein","TimKlein@example.com","","VISITOR","2026-03-03 22:19:56.434736+01","Berlin","Germany","TimKlein11"
1111,"Julian Wolf","JulianWolf@example.com","","VISITOR","2026-03-03 22:19:56.435239+01","Bremen","Germany","JulianWolf"
1112,"Haymitch Abernathy","haymitchabernathy33@example.com","","VISITOR","2026-03-03 22:19:56.435761+01","Manchester","United Kingdom","HaymitchAbernathy33"
1113,"Chiara Serra","Chiara.Serra@example.com","","VISITOR","2026-03-03 22:19:56.436269+01","Palau","Italy",NULL
1114,"Finnick Odair","finnickodair21@example.com","","VISITOR","2026-03-03 22:19:56.436793+01","Valencia","Spain","FinnickOdair21"
1115,"Johanna Mason","johannamason22@example.com","","VISITOR","2026-03-03 22:19:56.437319+01","Malaga","Spain","JohannaMason22"
1116,"Franciska Herczeg","presidentHerc@example.com","","VISITOR","2026-03-03 22:19:56.437879+01","Budapest","Hungary",NULL
1117,"Jonas Schröder","JonasSchröder@example.com","","VISITOR","2026-03-03 22:19:56.438407+01","Stuttgart","Germany","JonasSchröder"
1118,"Clive Black","clive18@example.com","","VISITOR","2026-03-03 22:19:56.438902+01","Bath","United Kingdom","CliveTheSniper18"
1119,"Martina Carta","Martina.Carta@example.com","","VISITOR","2026-03-03 22:19:56.439414+01","Olbia","Italy",NULL
1120,"Madge Undersee","madgeundersee19@example.com","","VISITOR","2026-03-03 22:19:56.439921+01","Valencia","Spain","MadgeUndersee19"
1121,"Lyra Belacqua","lyrabelacqua01@example.com","","VISITOR","2026-03-03 22:19:56.440429+01","Oxford","United Kingdom","LyraBelacqua01"
1122,"Will Parry","willparry05@example.com","","VISITOR","2026-03-03 22:19:56.440975+01","Edinburgh","United Kingdom","WillParry05"
1123,"Matt Byrnison","Mattbyrnison12@example.com","","VISITOR","2026-03-03 22:19:56.441487+01","Liverpool","United Kingdom","MattByrnison12"
1124,"Serafina Pekkala","serafinapekkala10@example.com","","VISITOR","2026-03-03 22:19:56.442008+01","Reykjavik","Iceland","SerafinaPekkala10"
1125,"Lee Scoresby","leescoresby18@example.com","","VISITOR","2026-03-03 22:19:56.442526+01","North Ronaldsay","United Kingdom","LeeScoresby18"
1126,"David Neumann","DavidNeumann@hollywoodmail.com","","VISITOR","2026-03-03 22:19:56.443034+01","Magdeburg","Germany","DavidNeumann05"
1127,"Mrs. Coulter","mrscoulter22@example.com","","LOCAL","2026-03-03 22:19:56.443544+01","Tarifa","Spain","MrsCoulter22"
1128,"Paul Schwarz","PaulSchwarz@example.com","","VISITOR","2026-03-03 22:19:56.444048+01","Halle (Saale)","Germany","PaulSchwarz"
1129,"Roger Parslow","rogerparslow14@example.com","","VISITOR","2026-03-03 22:19:56.444632+01","Seville","Spain","RogerParslow14"
1130,"Farder Coram","fardercoram17@example.com","","VISITOR","2026-03-03 22:19:56.445152+01","Papa Westray","United Kingdom","FarderCoram17"
1131,"Mary Malone","marymalone25@example.com","","VISITOR","2026-03-03 22:19:56.445675+01","Oxford","United Kingdom","MaryMalone25"
1132,"Léon Firmin","baruch19@example.com","","VISITOR","2026-03-03 22:19:56.446204+01","Lille","France",NULL
1133,"Leon Zimmermann","LeonZimmermann@example.com","","VISITOR","2026-03-03 22:19:56.446743+01","Stuttgart","Germany","LeonZimmermann"
1134,"Ruth Wilson","ruthwilson22@example.com","","VISITOR","2026-03-03 22:19:56.447262+01","Cork","Ireland","RuthWilson22"
1135,"Simon Braun","SimonBraun@example.com","","VISITOR","2026-03-03 22:19:56.447919+01","Karlsruhe","Germany","SimonBraun"
1136,"Niklas Krüger","NiklasKruger@example.com","","VISITOR","2026-03-03 22:19:56.448848+01","Berlin","Germany","TheMaster15"
1137,"Lisbeth Salander","lisbethsalander22@example.com","","VISITOR","2026-03-03 22:19:56.449381+01","Stockholm","Sweden","LisbethSalander22"
1138,"Mikael Blomkvist","mikaelblomkvist14@example.com","","VISITOR","2026-03-03 22:19:56.449896+01","Stockholm","Sweden","MikaelBlomkvist14"
1139,"Harriet Vanger","harrietvanger18@example.com","","VISITOR","2026-03-03 22:19:56.450421+01","Uppsala","Hungary","HarrietVanger18"
1140,"Erika Berger","erikaberger23@example.com","","VISITOR","2026-03-03 22:19:56.450937+01","Stockholm","Sweden","ErikaBerger23"
1141,"Alexander Zalachenko","alexanderzalachenko12@example.com","","VISITOR","2026-03-03 22:19:56.451495+01","Gothenburg","Sweden","AlexanderZalachenko12"
1142,"Nils Bjurman","nilsbjurman17@example.com","","VISITOR","2026-03-03 22:19:56.452017+01","Cork","Ireland","NilsBjurman17"
1143,"Gudrun Zalachenko","gudrunzalachenko21@example.com","","VISITOR","2026-03-03 22:19:56.452543+01","Lyon","France","GudrunZalachenko21"
1144,"Henrik Vanger","henrikvanger15@example.com","","VISITOR","2026-03-03 22:19:56.453053+01","Umea","Sweden",NULL
1145,"Lena Gustavsson","lenagustavsson13@example.com","","VISITOR","2026-03-03 22:19:56.453577+01","Barcelona","Spain","LenaGustavsson13"
1146,"Bjorn Sundstrom","bjornsundstrom16@example.com","","VISITOR","2026-03-03 22:19:56.454077+01","Umea","Sweden",NULL
1147,"Fredrik Ahlberg","fredrikahlberg14@example.com","","VISITOR","2026-03-03 22:19:56.454592+01","Genoa","Italy","FredrikAhlberg14"
1148,"Mimmi Karlsson","mimmikarlsson19@example.com","","VISITOR","2026-03-03 22:19:56.455112+01","Glasgow","United Kingdom","MimmiKarlsson19"
1149,"Fabian Hoffmann","FabianHoffmann@example.com","","VISITOR","2026-03-03 22:19:56.455651+01","Berlin","Germany","FabianHoffmann"
1150,"Sven Eriksson","sveneriksson22@example.com","","VISITOR","2026-03-03 22:19:56.456147+01","Cordoba","Spain","SvenEriksson22"
1151,"Dag Sundvall","dagsundvall23@example.com","","VISITOR","2026-03-03 22:19:56.456659+01","Seville","Spain","DagSundvall23"
1152,"Sophia Gasser","Sophia.Gasser@example.com","","VISITOR","2026-03-03 22:19:56.457157+01","Merano","Italy",NULL
1153,"Antje Sonntag","AntjeSonntag05@example.com","","VISITOR","2026-03-03 22:19:56.457658+01","Kiel","Germany","AntjeSonntag"
1154,"Siobhan Rooney","siobhan12@example.com","","VISITOR","2026-03-03 22:19:56.458157+01","Dublin","Ireland","Siobhan12"
1155,"Roman Roy","romanroy18@example.com","","VISITOR","2026-03-03 22:19:56.458661+01","Belfast","United Kingdom","RomanRoy18"
1156,"Tom Wambsgans","tomwambsgans23@example.com","","VISITOR","2026-03-03 22:19:56.459196+01","Malaga","Spain","TomWambsgans23"
1157,"Anne Eisert","AnneEisert@example.com","","VISITOR","2026-03-03 22:19:56.459759+01","Chemnitz","Germany","AnneEisert"
1158,"Caroline Collingwood","carolinecollingwood16@example.com","","VISITOR","2026-03-03 22:19:56.460302+01","Cork","Ireland","CarolineCollingwood16"
1159,"Connor Roy","connorroy20@example.com","","VISITOR","2026-03-03 22:19:56.460817+01","Madrid","Spain","ConnorRoy20"
1160,"Frank Vazquez","frankvazquez17@example.com","","VISITOR","2026-03-03 22:19:56.461339+01","Ibiza","Spain","FrankVazquez17"
1161,"Gerri Kellman","gerrikellman22@example.com","","VISITOR","2026-03-03 22:19:56.461849+01","Bordeaux","France","GerriKellman22"
1162,"Miriam Maisel","miriammaisel01@example.com","","VISITOR","2026-03-03 22:19:56.462663+01","Belfast","United Kingdom","MiriamMaisel01"
1163,"Miriam Pircher","Miriam.Pircher@example.com","","VISITOR","2026-03-03 22:19:56.463201+01","Sterzing","Italy",NULL
1164,"Susanne Freitag","SusanneFreitag@example.com","","VISITOR","2026-03-03 22:19:56.463748+01","Frankfurt Oder","Germany","SusanneFreitag"
1165,"Abe Weissman","abeweissman14@example.com","","VISITOR","2026-03-03 22:19:56.464238+01","New York City","USA","AbeWeissman14"
1166,"Rose Weissman","roseweissman18@example.com","","VISITOR","2026-03-03 22:19:56.464843+01","Venice","Italy","RoseWeissman18"
1167,"Lenny Bruce","lennybruce23@example.com","","VISITOR","2026-03-03 22:19:56.465409+01","Birmingham","United Kingdom","LennyBruce23"
1168,"Shy Baldwin","shybaldwin17@example.com","","VISITOR","2026-03-03 22:19:56.465932+01","Valencia","Spain","ShyBaldwin17"
1169,"Imogene Cleary","imogenecleary16@example.com","","VISITOR","2026-03-03 22:19:56.466469+01","Belfast","United Kingdom","ImogeneCleary16"
1170,"Ute Bergmann","UteBergmann@example.com","","VISITOR","2026-03-03 22:19:56.46699+01","Frankfurt","Germany","UteBergmann"
1171,"Benjamin Nadler","benjaminnadler22@example.com","","VISITOR","2026-03-03 22:19:56.467561+01","Marseille","France","BenjaminNadler22"
1172,"Jana Eisert","JanaEisert@example.com","","VISITOR","2026-03-03 22:19:56.468079+01","Leipzig","Germany","JanaEisert"
1173,"Logan Echolls","loganecholls05@example.com","","VISITOR","2026-03-03 22:19:56.468586+01","San Diego","USA","LoganEcholls05"
1174,"Samuel Chaput","Samuel.Chaput@example.com","","VISITOR","2026-03-03 22:19:56.469094+01","Paris","France",NULL
1175,"Julia Mair","Lena.Gruber@example.com","","VISITOR","2026-03-03 22:19:56.469596+01","Sterzing","Italy",NULL
1176,"Mac Cindy Garma","macgarma19@example.com","","VISITOR","2026-03-03 22:19:56.470123+01","San Diego","USA","MacGarma19"
1177,"Björn Thiel","BjörnThiel@example.com","","VISITOR","2026-03-03 22:19:56.47063+01","Cologne","Germany","BjörnThiel"
1178,"Christina Echolls","trinaecholls16@example.com","","VISITOR","2026-03-03 22:19:56.471148+01","London","United Kingdom","TrinaEcholls16"
1179,"Elena Rossi","Elena.Rossi@example.com","","VISITOR","2026-03-03 22:19:56.471643+01","Merano","Italy",NULL
1180,"Vince","vince12@example.com","","LOCAL","2026-03-03 22:19:56.472217+01","Tarifa","Spain","Vince12"
1181,"Yanis Laurent","YanisLaurent@example.com","","VISITOR","2026-03-03 22:19:56.472734+01","Lyon","France","ClydeDavis17"
1182,"Sara Pichler","Sara.Pichler01@example.com","","VISITOR","2026-03-03 22:19:56.47324+01","Merano","Italy",NULL
1183,"Morticia Addams","morticiaaddams05@example.com","","VISITOR","2026-03-03 22:19:56.473736+01","Madrid","Spain","MorticiaAddams05"
1184,"Wednesday Addams","wednesdayaddams12@example.com","","VISITOR","2026-03-03 22:19:56.474255+01","Salem","USA",NULL
1185,"Pugsley Addams","pugsleyaddams14@example.com","","VISITOR","2026-03-03 22:19:56.474774+01","Boston","USA","PugsleyAddams14"
1186,"Verena Kofler","Verena.Kofler@example.com","","VISITOR","2026-03-03 22:19:56.475287+01","Bozen","Italy",NULL
1187,"Katharina Winkler","Katharina.Winkler@example.com","","VISITOR","2026-03-03 22:19:56.475804+01","Sterzing","Italy",NULL
1188,"Emma Pál","cousinit20@example.com","","VISITOR","2026-03-03 22:19:56.476328+01","Budapest","Hungary","CousinIt20"
1189,"Lurch","lurch21@example.com","","VISITOR","2026-03-03 22:19:56.476835+01","Madrid","Spain","Lurch21"
1190,"Thoralf Bloss","ThoralfBloss@example.com","","VISITOR","2026-03-03 22:19:56.477644+01","Bremen","Germany","ThoralfBloss"
1191,"Tom Addams","Tomaddams25@example.com","","VISITOR","2026-03-03 22:19:56.478223+01","Sheffield","United Kingdom","TomAddams25"
1192,"Thoralf Haase","ThoralfHaase@example.com","","VISITOR","2026-03-03 22:19:56.478737+01","Frankfurt","Germany","ThoralfHaase"
1193,"Samantha Jones","samanthajones02@example.com","","VISITOR","2026-03-03 22:19:56.479236+01","London","United Kingdom","SamanthaJones02"
1194,"Charlotte York","charlotteyork03@example.com","","VISITOR","2026-03-03 22:19:56.479765+01","London","United Kingdom","CharlotteYork03"
1195,"Miranda Hobbes","mirandahobbes04@example.com","","VISITOR","2026-03-03 22:19:56.480275+01","New York City","USA","MirandaHobbes04"
1196,"John James Preston","big05@example.com","","VISITOR","2026-03-03 22:19:56.480802+01","New York City","USA","Big05"
1197,"Cláudia Gomes","ClaudiaGomes@example.com","","VISITOR","2026-03-03 22:19:56.481368+01","Porto","Portugal","AidanShaw06"
1198,"Lisa Berger","Lisa.Berger@example.com","","VISITOR","2026-03-03 22:19:56.481911+01","Merano","Italy",NULL
1199,"Stanford Blatch","stanfordblatch08@example.com","","VISITOR","2026-03-03 22:19:56.482435+01","Malaga","Spain","StanfordBlatch08"
1200,"Smith Jerrod","smithjerrod09@example.com","","VISITOR","2026-03-03 22:19:56.48301+01","Manchester","United Kingdom","SmithJerrod09"
1201,"Anthony Marantino","anthonymarantino10@example.com","","VISITOR","2026-03-03 22:19:56.483617+01","Glasgow","United Kingdom","AnthonyMarantino10"
1202,"Magda Walter","MagdaWalter@example.com","","VISITOR","2026-03-03 22:19:56.4842+01","Dortmund","Germany","Magda11"
1203,"Louise of the Upper East Side","louiseofupper12@example.com","","VISITOR","2026-03-03 22:19:56.484777+01","Madrid","Spain","LouiseOfTheUpperEastSide12"
1204,"Robert Lehmann","robertlehmann13@example.com","","VISITOR","2026-03-03 22:19:56.485314+01","Cologne","Germany","RobertLehmann13"
1205,"Quentin Lefebvre","QuentinLefebvre@example.com","","VISITOR","2026-03-03 22:19:56.485833+01","Lyon","France","RichardWright14"
1206,"Jana Keller","JanaKeller@example.com","","VISITOR","2026-03-03 22:19:56.486342+01","Hamburg","Germany","JanaKeller"
1207,"Samantha Rossi","samanthafan16@example.com","","VISITOR","2026-03-03 22:19:56.48684+01","Rome","Italy","SamanthaFan16"
1208,"Charlotte Lover","charlottelover17@example.com","","VISITOR","2026-03-03 22:19:56.487345+01","Cork","Ireland","CharlotteLover17"
1209,"Miranda Flower","mirandafan18@example.com","","VISITOR","2026-03-03 22:19:56.487841+01","Belfast","United Kingdom","MirandaFan18"
1210,"Lilian Vidal","Lilian19@example.com","","VISITOR","2026-03-03 22:19:56.488461+01","Biarritz","France",NULL
1211,"Stanford Blatch","stanfordblatchfan20@example.com","","VISITOR","2026-03-03 22:19:56.489031+01","Bristol","United Kingdom","StanfordBlatchFan20"
1212,"Oliver Queen","oliverqueen01@example.com","","VISITOR","2026-03-03 22:19:56.48965+01","Glasgow","United Kingdom","OliverQueen01"
1213,"Felicity Smoak","felicitysmoak02@example.com","","VISITOR","2026-03-03 22:19:56.490248+01","Vancouver","Canada","FelicitySmoak02"
1214,"Hugo Michel","HugoMichel@example.com","","VISITOR","2026-03-03 22:19:56.490811+01","Lyon","France","Diggle03"
1215,"Laurel Lance","laurellance04@example.com","","VISITOR","2026-03-03 22:19:56.49135+01","Manchester","United Kingdom","LaurelLance04"
1216,"Thea Humbert","TheaHumbert@example.com","","VISITOR","2026-03-03 22:19:56.491901+01","Paris","France","TheaQueen05"
1217,"Giulia Rossi","guilia.rossi06@example.com","","VISITOR","2026-03-03 22:19:56.492676+01","Palermo","Italy","RoyHarper06"
1218,"Malcolm Merlyn","malcolmmerlyn07@example.com","","VISITOR","2026-03-03 22:19:56.493232+01","New York City","USA","MalcolmMerlyn07"
1219,"Chiara Ferrari","Chiara.Ferrari08@example.com","","VISITOR","2026-03-03 22:19:56.493732+01","Turin","Italy",NULL
1220,"Talia al Ghul","taliaalghul09@example.com","","VISITOR","2026-03-03 22:19:56.494234+01","Valencia","Spain","TaliaAlGhul09"
1221,"Ray Palmer","raypalmer10@example.com","","VISITOR","2026-03-03 22:19:56.494805+01","London","United Kingdom","RayPalmer10"
1222,"Vince Kurtis","vincekurtis11@example.com","","VISITOR","2026-03-03 22:19:56.495293+01","Granada","Spain","VinceKurtis11"
1223,"Kathrin Richter","KathrinRichter@example.com","","VISITOR","2026-03-03 22:19:56.495768+01","Munich","Germany","KathrinRichter"
1224,"Konstadina Nicolaou","cupid13@example.com","","VISITOR","2026-03-03 22:19:56.496273+01","Heraklion","Greece",NULL
1225,"Shado Walker","shado14@example.com","","VISITOR","2026-03-03 22:19:56.496814+01","Portland","USA","Shado14"
1226,"Sofia Esposito","Sofia.Esposito@example.com","","VISITOR","2026-03-03 22:19:56.497322+01","Naples","Italy",NULL
1227,"William Clayton","williamclayton16@example.com","","VISITOR","2026-03-03 22:19:56.498281+01","Bath","United Kingdom","WilliamClayton16"
1228,"Kate Spencer","katespencer17@example.com","","VISITOR","2026-03-03 22:19:56.498856+01","Windsor","United Kingdom","KateSpencer17"
1229,"Katharina Wünsch","KatharinaWunsch@example.com","","VISITOR","2026-03-03 22:19:56.499412+01","Ulm","Germany","KatharinaWunsch"
1230,"Rayan Bertrand","RayanBertrand@example.com","","VISITOR","2026-03-03 22:19:56.499936+01","Paris","France","ChienNaWei19"
1231,"James Bertinelli","jamesbertinelli20@example.com","","VISITOR","2026-03-03 22:19:56.500458+01","Birmingham","United Kingdom","JamesBertinelli20"
1232,"Martina Bianchi","Martina.Bianchi@example.com","","VISITOR","2026-03-03 22:19:56.500965+01","Rimini","Italy",NULL
1233,"Nana Michelakos","nana02@example.com","","VISITOR","2026-03-03 22:19:56.501456+01","Thessaloniki","Greece",NULL
1234,"Anja Müller","AnjaMuller@example.com","","VISITOR","2026-03-03 22:19:56.501963+01","Frankfurt","Germany","AnjaMuller"
1235,"Sansa Stark","sansasark04@example.com","","VISITOR","2026-03-03 22:19:56.502478+01","Austin","USA","SansaStark04"
1236,"Marcelin Masson","Marcelin05@example.com","","VISITOR","2026-03-03 22:19:56.503025+01","Nantes","France",NULL
1237,"Cersei Lannister","cersielannister06@example.com","","VISITOR","2026-03-03 22:19:56.503545+01","Bilbao","Spain","CerseiLannister06"
1238,"Michaela Frieden","MichaelaFrieden@example.com","","VISITOR","2026-03-03 22:19:56.504062+01","Munich","Germany","MichaelaFrieden"
1239,"Brienne Michel","brienne08@example.com","","VISITOR","2026-03-03 22:19:56.504556+01","Marseille","France",NULL
1240,"Petyr Baelish","petyrbaelish09@example.com","","VISITOR","2026-03-03 22:19:56.505456+01","Cordoba","Spain","PetyrBaelish09"
1241,"Ange Paquet","varys10@example.com","","VISITOR","2026-03-03 22:19:56.505969+01","Arcachon","France","Varys10"
1242,"Nathan Garcia","NathanGarcia@example.com","","VISITOR","2026-03-03 22:19:56.506449+01","Marseille","France","SandorClegane11"
1243,"Melanie Vogel","MelanieVogel@example.com","","VISITOR","2026-03-03 22:19:56.506945+01","Leipzig","Germany","MelanieVogel"
1244,"Theon Greyjoy","theongreyjoy13@example.com","","VISITOR","2026-03-03 22:19:56.507435+01","Madrid","Spain","TheonGreyjoy13"
1245,"Alessia Romano","Alessia.Romano@example.com","","VISITOR","2026-03-03 22:19:56.507978+01","Rome","Italy",NULL
1246,"Jorah Mormont","jorahmormont15@example.com","","VISITOR","2026-03-03 22:19:56.508466+01","Bristol","United Kingdom","JorahMormont15"
1247,"Francesca Ricci","Francesca.Ricci@example.com","","VISITOR","2026-03-03 22:19:56.508961+01","Florence","Italy",NULL
1248,"Robb Stark","robbstark17@example.com","","VISITOR","2026-03-03 22:19:56.509534+01","Cordoba","Spain","RobbStark17"
1249,"Jon Connington","jonconnington18@example.com","","VISITOR","2026-03-03 22:19:56.51006+01","St Ives","United Kingdom","JonConnington18"
1250,"Oberyn Martell","oberynmartell19@example.com","","VISITOR","2026-03-03 22:19:56.510601+01","Edinburgh","United Kingdom","OberynMartell19"
1251,"Federica Marino","Federica.Marino@example.com","","VISITOR","2026-03-03 22:19:56.511127+01","Rome","Italy",NULL
1252,"Paul Roux","PaulRoux@example.com","","VISITOR","2026-03-03 22:19:56.511628+01","Paris","France","xoxoBlair"
1253,"Yanis Augustin","Yanis01@example.com","","VISITOR","2026-03-03 22:19:56.512173+01","Biarritz","France",NULL
1254,"Serena Pelletier","serena02@example.com","","VISITOR","2026-03-03 22:19:56.512712+01","Biarritz","France",NULL
1255,"Estelle Lejeune","Estelle03@example.com","","VISITOR","2026-03-03 22:19:56.513258+01","Bordeaux","France",NULL
1256,"Nate Archibald","natearchibald04@example.com","","VISITOR","2026-03-03 22:19:56.513776+01","London","United Kingdom","NateArchibald04"
1257,"Ludivine Chauvin","Ludivine05@example.com","","VISITOR","2026-03-03 22:19:56.514286+01","Paris","France",NULL
1258,"Suzy Michel","suzy06@example.com","","VISITOR","2026-03-03 22:19:56.514839+01","Toulouse","France",NULL
1259,"Ingrid Dressel","IngridDressel@example.com","","VISITOR","2026-03-03 22:19:56.515335+01","Leipzig","Germany","IngridDressel"
1260,"Vanessa Abrams","vanessaabrams08@example.com","","VISITOR","2026-03-03 22:19:56.515901+01","Alicante","Spain","VanessaAbrams08"
1261,"Georgina Sparks","georginaspark08@example.com","","VISITOR","2026-03-03 22:19:56.516456+01","New York City","USA",NULL
1262,"Valentina Gallo","Valentina.Gallo@example.com","","VISITOR","2026-03-03 22:19:56.516963+01","Palermo","Italy",NULL
1263,"Juliet Sharp","julietsharp10@example.com","","VISITOR","2026-03-03 22:19:56.517791+01","Cordoba","Spain","JulietSharp10"
1264,"Charlie Rhodes","charlierhodes11@example.com","","VISITOR","2026-03-03 22:19:56.518323+01","Glasgow","United Kingdom","CharlieRhodes11"
1265,"Dorota Krupinski","dorotakrupinski12@example.com","","VISITOR","2026-03-03 22:19:56.518899+01","Warsaw","Poland","DorotaKrupinski12"
1266,"Gaia Fontana","gaia_88@example.com","","VISITOR","2026-03-03 22:19:56.51944+01","Milano","Italy",NULL
1267,"Sara Russo","Sara.Russo@scrubsmail.com","","VISITOR","2026-03-03 22:19:56.520011+01","Rome","Italy",NULL
1268,"Simone Gaspard","turk@scrubsmail.com","","VISITOR","2026-03-03 22:19:56.520534+01","Strasbourg","France",NULL
1269,"Irene Richter","IreneRichter@scrubsmail.com","","VISITOR","2026-03-03 22:19:56.521073+01","Leipzig","Germany","IreneRichter"
1270,"Irena Schmidt","IrenaSchmidt@scrubsmail.com","","VISITOR","2026-03-03 22:19:56.521574+01","Kiel","Germany","IrenaSchmidt"
1271,"Christine Auerhammer","ChristineAuerhammer@scrubsmail.com","","VISITOR","2026-03-03 22:19:56.522107+01","Stuttgart","Germany","ChristineAuerhammer"
1272,"Mathurine Lavoie","MathurineLavoie@solieu.com","","VISITOR","2026-03-03 22:19:56.522601+01","Nice","France",NULL
1273,"Robert Kelso","kelso@scrubsmail.com","","VISITOR","2026-03-03 22:19:56.523115+01","Glasgow","United Kingdom","DrKelso"
1274,"Ted Glass","ted-lawer@mail.com","","VISITOR","2026-03-03 22:19:56.523634+01","Bristol","United Kingdom","Ted_Lawyer"
1275,"Enzo David","EnzoDavid@sun.com","","VISITOR","2026-03-03 22:19:56.524138+01","Ajaccio","France","Jordan_Cox"
1276,"Anna Hofer","Anna.Hofer@scrubsmail.com","","VISITOR","2026-03-03 22:19:56.524628+01","Bozen","Italy",NULL
1277,"Clemens Bartlet","Clemensbartlet@mail.com","","VISITOR","2026-03-03 22:19:56.525246+01","Birmingham","United Kingdom","ClemensBartlet"
1278,"Lena Gruber","Lena.Gruber@westmail.com","","VISITOR","2026-03-03 22:19:56.525805+01","Merano","Italy",NULL
1279,"Jan Weisse","JanWeisse@westwingmail.com","","VISITOR","2026-03-03 22:19:56.526515+01","Munich","Germany","JanWeisse"
1280,"Toby Ziegler","tobyziegler@westwingmail.com","","VISITOR","2026-03-03 22:19:56.527123+01","Washington DC","USA","TobyZiegler"
1281,"Emina Hodžić","EminaHod@westmail.com","","VISITOR","2026-03-03 22:19:56.527656+01","Luzern","Switzerland","EminaSea"
1282,"Donna Mossberger","donnamoss@mail.com","","VISITOR","2026-03-03 22:19:56.528243+01","London","United Kingdom","DonnaMoss"
1283,"Josh Lyman","joshlyman@westwingmail.com","","VISITOR","2026-03-03 22:19:56.528774+01","Cork","Ireland","JoshLyman"
1284,"Will Bailey","willbailey@mail.com","","VISITOR","2026-03-03 22:19:56.529313+01","London","United Kingdom","WillBailey"
1285,"Ainsley Hayes","ainsleyhayes@westwingmail.com","","VISITOR","2026-03-03 22:19:56.529852+01","Cork","Ireland","AinsleyHayes"
1286,"Charles Young","charlieyoung@mail.com","","VISITOR","2026-03-03 22:19:56.530362+01","Cambridge","United Kingdom","CharlesYoung"
1287,"Serena Babineaux","serena@mail.com","","VISITOR","2026-03-03 22:19:56.530879+01","Bordeaux","France",NULL
1288,"Marcus James","Marcusbron@mail.com","","VISITOR","2026-03-03 22:19:56.531471+01","Edinburgh","United Kingdom","MarcusJames"
1289,"Christian Richards","ChristianRichards@mail.com","","VISITOR","2026-03-03 22:19:56.532026+01","Bristol","United Kingdom","ChristianRichards"
1290,"Sarah Wiesner","SarahWiesner@mail.com","","VISITOR","2026-03-03 22:19:56.532547+01","Leipzig","Germany",NULL
1291,"Simone Bauer","simone@gymnasticsmail.com","","VISITOR","2026-03-03 22:19:56.546343+01","Bremen","Germany","SimoneBauer"
1292,"Roger Freeman","roger82@mail.com","","VISITOR","2026-03-03 22:19:56.546814+01","Leeds","United Kingdom","Roger82"
1293,"Michael Pflaume","michael@swimmingmail.com","","VISITOR","2026-03-03 22:19:56.547274+01","Hamburg","Germany","MichaelPflaume"
1294,"Theodor Brady","Theodor85@mail.com","","VISITOR","2026-03-03 22:19:56.547771+01","Sheffield","United Kingdom","Theodor85"
1295,"Niki Mylonas","niki@soccermail.com","","VISITOR","2026-03-03 22:19:56.548203+01","Larissa","Greece",NULL
1296,"Stephanie Woods","StephanieWoods@mail.com","","VISITOR","2026-03-03 22:19:56.548634+01","Manchester","United Kingdom","StephanieWoods"
1297,"Michael Jordan","michael@basketballmail.com","","VISITOR","2026-03-03 22:19:56.549071+01","Seville","Spain","MichaelJordan"
1298,"Rafael Nadal","rafael@tennismail.com","","VISITOR","2026-03-03 22:19:56.549508+01","Palma de Mallorca","Spain","RafaelNadal"
1299,"Kevin Bryant","KevinBryant@mail.com","","VISITOR","2026-03-03 22:19:56.549966+01","Manchester","United Kingdom","KevinBryant"
1300,"Sara Jacquet","sara@mail.com","","VISITOR","2026-03-03 22:19:56.55044+01","Nantes","France",NULL
1301,"Paula Ludwig","PaulaLudwig@mail.com","","VISITOR","2026-03-03 22:19:56.550895+01","Cologne","Germany","PaulaLudwig"
1302,"Katia Thayer","katia@gymnasticsmail.com","","VISITOR","2026-03-03 22:19:56.551353+01","Paris","France",NULL
1303,"Pele","pele@footballmail.com","","VISITOR","2026-03-03 22:19:56.551816+01","Alicante","Spain","Pele"
1304,"Pierrot Marie","marie@decathalonmail.com","","VISITOR","2026-03-03 22:19:56.552254+01","Nantes","France",NULL
1305,"Jack Gardner","jack81@mail.com","","VISITOR","2026-03-03 22:19:56.552696+01","Manchester","United Kingdom","Jack81"
1306,"Christiane Eberhardt","ChristianeEberhardt@tennismail.com","","VISITOR","2026-03-03 22:19:56.553146+01","Bielefeld","Germany","ChristianeEberhardt"
1307,"Andre Agassi","andre@tennismail.com","","VISITOR","2026-03-03 22:19:56.553686+01","Las Vegas","USA","AndreAgassi"
1308,"Luigia Cremaschi","Luigia.Cremaschi@sandocean.com","","VISITOR","2026-03-03 22:19:56.554186+01","Naples","Italy",NULL
1309,"Abbigal Wambach","abbigal@mail.com","","VISITOR","2026-03-03 22:19:56.554603+01","Bristol","United Kingdom","Abbigal"
1310,"Zine Miller","zineMiller@mail.com","","VISITOR","2026-03-03 22:19:56.555051+01","Bristol","United Kingdom","ZineMiller"
1311,"Guillaume Vincent","GuillaumeVincent@boxingmail.com","","VISITOR","2026-03-03 22:19:56.5555+01","Menton","France","FloydMayweather"
1312,"Olive Delaney","Olivedelaney@mail.com","","VISITOR","2026-03-03 22:19:56.555919+01","Birmingham","United Kingdom",NULL
1313,"Barbara Ruth","barbaraRuth@mail.com","","VISITOR","2026-03-03 22:19:56.556343+01","London","United Kingdom","BarbaraRuth"
1314,"Sandra Graf","sandra.graf@mail.com","","VISITOR","2026-03-03 22:19:56.556771+01","Bristol","United Kingdom","Sandra.Graf"
1315,"Mia Hamm","miahamm@soccermail.com","","VISITOR","2026-03-03 22:19:56.557195+01","Dublin","Ireland","MiaHamm"
1316,"Silvino Oberto","danica@racemail.com","","VISITOR","2026-03-03 22:19:56.557611+01","Siena","Italy",NULL
1317,"Katrin Zettel","katrin@skiingmail.com","","VISITOR","2026-03-03 22:19:56.558039+01","Glasgow","United Kingdom","KatrinZettel"
1318,"Victoria Geisler","VictoriaGeisler@cricketmail.com","","VISITOR","2026-03-03 22:19:56.558455+01","Stuttgart","Germany","VictoriaGeisler"
1319,"Cristina Perez","cristina@rugbymail.com","","VISITOR","2026-03-03 22:19:56.558875+01","Birmingham","United Kingdom","CristinaPerez"
1320,"Kirsten Jagger","kirsten@figureiceskatingmail.com","","VISITOR","2026-03-03 22:19:56.559754+01","Manchester","United Kingdom",NULL
1321,"Diana Taurasi","diana@basketballmail.com","","VISITOR","2026-03-03 22:19:56.560247+01","Malaga","Spain","DianaTaurasi"
1322,"Albert Pohl","albert@baseballmail.com","","VISITOR","2026-03-03 22:19:56.560763+01","Hamburg","Germany","AlbertPohl"
1323,"Natalie Hummel","natalie@swimmingmail.com","","VISITOR","2026-03-03 22:19:56.561287+01","Berlin","Germany","Natalie Hummel"
1324,"David Forster","david78@mail.com","","VISITOR","2026-03-03 22:19:56.561762+01","Manchester","United Kingdom","David_Forster"
1325,"Lindsey Bell","lindsey85@mail.com","","VISITOR","2026-03-03 22:19:56.562241+01","Edinburgh","United Kingdom","Lindsey85"
1326,"Patty Mills","patty@basketballmail.com","","VISITOR","2026-03-03 22:19:56.562715+01","Manchester","United Kingdom","PattyMills"
1327,"Vanda Poggi","Vanda.Poggi@tennismail.com","","VISITOR","2026-03-03 22:19:56.563214+01","Palermo","Italy",NULL
1328,"Yelena Isinbayeva","yelena@athleticsmail.com","","VISITOR","2026-03-03 22:19:56.563716+01","Nice","France","YelenaIsinbayeva"
1329,"Bridie Teahan","bridie@sandocean.com","","VISITOR","2026-03-03 22:19:56.564232+01","Cork","Ireland",NULL
1330,"Paula Radcliffe","paula@marathonmail.com","","VISITOR","2026-03-03 22:19:56.564748+01","Malaga","Spain","PaulaRadcliffe"
1331,"Joseph Meisner","JosephMeisner@mail.com","","VISITOR","2026-03-03 22:19:56.565243+01","Bremen","Germany","Joseph Meisner"
1332,"Michelle Kwan","michelle@figureiceskatingmail.com","","VISITOR","2026-03-03 22:19:56.565721+01","Granada","Spain","MichelleKwan"
1333,"Matthieu Fournier","MatthieuFournier@solieu.com","","VISITOR","2026-03-03 22:19:56.566206+01","Ajaccio","France","JohanCruyff"
1334,"Micheal Johnson","MichealJohnson@mail.com","","VISITOR","2026-03-03 22:19:56.56668+01","Edinburgh","United Kingdom","MichealJohnson"
1335,"Jackie Joyner-Kersee","jackie@trackmail.com","","VISITOR","2026-03-03 22:19:56.567181+01","Belfast","United Kingdom","JackieJoynerKersey"
1336,"Virgile Fournier","Virgile@hollywoodmail.com","","VISITOR","2026-03-03 22:19:56.567703+01","Toulouse","France",NULL
1337,"Magdalena Becher","MagdalenaBecher@mail.com","","VISITOR","2026-03-03 22:19:56.568233+01","Leipzig","Germany","Magdalena Becher"
1338,"Robert Downton","robert66@mail.com","","VISITOR","2026-03-03 22:19:56.568744+01","Liverpool","United Kingdom","Robert66"
1339,"Charlize Smitherthon","charlize80@mail.com","","VISITOR","2026-03-03 22:19:56.569259+01","Glasgow","United Kingdom","Charlize80"
1340,"Tom Hanks","tom@hollywoodmail.com","","LOCAL","2026-03-03 22:19:56.569773+01","Tarifa","Spain","TomHanks"
1341,"Vera Alesio","Vera.Alesio@sandocean.com","","VISITOR","2026-03-03 22:19:56.570258+01","Genoa","Italy",NULL
1342,"Denzel Washington","denzel@hollywoodmail.com","","VISITOR","2026-03-03 22:19:56.570746+01","Barcelona","Spain","DenzelWashington"
1343,"Antonello Necchi","Antonello.Necchi@sandocean.com","","VISITOR","2026-03-03 22:19:56.571256+01","Rimini","Italy",NULL
1344,"Lena Schmidt","LenaSchmidt@mail.com","","VISITOR","2026-03-03 22:19:56.571738+01","Frankfurt","Germany","LenaSchmidt"
1345,"Kate Winslet","kate@hollywoodmail.com","","VISITOR","2026-03-03 22:19:56.572236+01","Cordoba","Spain","KateWinslet"
1346,"William Gross","will@mail.com","","VISITOR","2026-03-03 22:19:56.572737+01","Dortmund","Germany","WilliamGross"
1347,"Jenny Ludwig","JennyLudwig@mail.com","","VISITOR","2026-03-03 22:19:56.573219+01","Munich","Germany","JennyLudwig"
1348,"Carmen Abatescianni","Carmen.Abatescianni@one.com","","VISITOR","2026-03-03 22:19:56.573949+01","Venice","Italy",NULL
1349,"Johnny Depp","johnny@hollywoodmail.com","","LOCAL","2026-03-03 22:19:56.574404+01","Tarifa","Spain","JohnnyDepp"
1350,"Julia Roberts","julia@hollywoodmail.com","","VISITOR","2026-03-03 22:19:56.574837+01","Barcelona","Spain","JuliaRoberts"
1351,"Noëlla Leclercq","lec@hollywoodmail.com","","VISITOR","2026-03-03 22:19:56.575275+01","Nice","France",NULL
1352,"Lina Jolien","LinaJolien@mail.com","","VISITOR","2026-03-03 22:19:56.575719+01","Edinburgh","United Kingdom","LinaJolien"
1353,"Marina Alesi","Marina.Alesi@sandocean.com","","VISITOR","2026-03-03 22:19:56.576269+01","Cagliari","Italy",NULL
1354,"Eleonora Borgnino","Eleonora.Borgnino@sandocean.com","","VISITOR","2026-03-03 22:19:56.576886+01","Catania","Italy",NULL
1355,"George Hemsworth","GeorgeHemsworth@mail.com","","VISITOR","2026-03-03 22:19:56.577398+01","Bath","United Kingdom","GeorgeHemsworth"
1356,"Emily Blunt","emily82@mail.com","","VISITOR","2026-03-03 22:19:56.577942+01","London","United Kingdom","Emily82"
1357,"Christine Fritsch","ChristineFritsch@mail.com","","VISITOR","2026-03-03 22:19:56.578455+01","Berlin","Germany","ChristineFritsch"
1358,"Gabriella Fabbri","Gabriella.Fabbri@sandocean.com","","VISITOR","2026-03-03 22:19:56.578955+01","Genoa","Italy",NULL
1359,"Tonio Nenci","Tonio.Nenci@sandocean.com","","VISITOR","2026-03-03 22:19:56.57948+01","Rimini","Italy",NULL
1360,"Cate Bridgefield","CateBridgefield@mail.com","","VISITOR","2026-03-03 22:19:56.579961+01","London","United Kingdom","CateBridgefield"
1361,"Daniel Boston","daniel69@mail.com","","VISITOR","2026-03-03 22:19:56.580513+01","London","United Kingdom","Daniel69"
1362,"Eda Stone","EdaStone@mail.com","","VISITOR","2026-03-03 22:19:56.58131+01","Edinburgh","United Kingdom","EdaStone"
1363,"Keanu Reeves","keanu@hollywoodmail.com","","VISITOR","2026-03-03 22:19:56.581835+01","Seattle","USA","KeanuReeves"
1364,"Saorlaith Byrnes","Saorlaith@sandocean.com","","VISITOR","2026-03-03 22:19:56.582528+01","Galway","Ireland",NULL
1365,"Helen Miller","helen76@mail.com","","VISITOR","2026-03-03 22:19:56.583076+01","Belfast","United Kingdom","Helen76"
1366,"Will Ferrell","will.ferrell@hollywoodmail.com","","VISITOR","2026-03-03 22:19:56.583891+01","Los Angeles","USA","WillFerrell"
1367,"Robert Biegel","RobertBiegel@mail.com","","VISITOR","2026-03-03 22:19:56.584525+01","Hamburg","Germany","RobertBiegel"
1368,"Kate Hudson","kate.hudson@hollywoodmail.com","","VISITOR","2026-03-03 22:19:56.585056+01","Santa Barbara","USA","KateHudson"
1369,"Matthew Perry","matthew.perry@hollywoodmail.com","","VISITOR","2026-03-03 22:19:56.585604+01","Seville","Spain","MatthewPerry"
1370,"Ben Affleck","ben@hollywoodmail.com","","VISITOR","2026-03-03 22:19:56.586153+01","Valencia","Spain","BenAffleck"
1371,"Julia Chastain","JuliaChastain@mail.com","","VISITOR","2026-03-03 22:19:56.58666+01","Swansea","United Kingdom","JuliaChastain"
1372,"Sara Lopes","SaraLopes@mail.com","","VISITOR","2026-03-03 22:19:56.587189+01","Porto","Portugal","PaulRudd"
1373,"Ruth Naumann","ruth95@mail.com","","VISITOR","2026-03-03 22:19:56.587701+01","Hannover","Germany","Ruth95"
1374,"Emil Fechner","EmilFechner@mail.com","","VISITOR","2026-03-03 22:19:56.588191+01","Berlin","Germany","EmilFechner"
1375,"Jennifer Orsini","jennifer.Orsini@sandocean.com","","VISITOR","2026-03-03 22:19:56.588717+01","Milan","Italy",NULL
1376,"George Summer","GeorgeSummer@mail.com","","VISITOR","2026-03-03 22:19:56.589223+01","Torquay","United Kingdom","GeorgeSummer"
1377,"Sandra Bullock","sandra@hollywoodmail.com","","VISITOR","2026-03-03 22:19:56.58971+01","Alicante","Spain","SandraBullock"
1378,"Nicolina Guarneri","Nicolina.Guarneri@hollywoodmail.com","","VISITOR","2026-03-03 22:19:56.590231+01","Florence","Italy",NULL
1379,"Jessica Alberts","jessica97@mail.com","","VISITOR","2026-03-03 22:19:56.59074+01","Hamburg","Germany","Jessica97"
1380,"Matt Harald","MattHarald@mail.com","","VISITOR","2026-03-03 22:19:56.591248+01","Cardiff","United Kingdom","MattHarald"
1381,"Tessa Thompson","tessa@hollywoodmail.com","","VISITOR","2026-03-03 22:19:56.591735+01","San Diego","USA","TessaThompson"
1382,"Lorette Pelley","Lorette@mail.com","","VISITOR","2026-03-03 22:19:56.59222+01","Nantes","France",NULL
1383,"Sarah Paulson","sarah@hollywoodmail.com","","VISITOR","2026-03-03 22:19:56.592736+01","Malaga","Spain","SarahPaulson"
1384,"Donald Glover","donald@hollywoodmail.com","","VISITOR","2026-03-03 22:19:56.593249+01","Valencia","Spain","DonaldGlover"
1385,"Filippa Scavo","Filippa.Scavo@sandocean.com","","VISITOR","2026-03-03 22:19:56.593802+01","Bologna","Italy",NULL
1386,"Polycarpe Sauvageot","Polycarpe@mail.com","","VISITOR","2026-03-03 22:19:56.59437+01","Nantes","France",NULL
1387,"Bernard Arnault","bernard@forbesmail.com","","LOCAL","2026-03-03 22:19:56.594916+01","Tarifa","Spain","BernardArnault"
1388,"Severina Acquati","Severina.Acquati@sandocean.com","","VISITOR","2026-03-03 22:19:56.595428+01","Naples","Italy",NULL
1389,"Warren Buffett","warren@forbesmail.com","","VISITOR","2026-03-03 22:19:56.595943+01","Seville","Spain","WarrenBuffett"
1390,"Louis Ellison","louis.ellison@mail.com","","VISITOR","2026-03-03 22:19:56.596455+01","Birmingham","United Kingdom","LouisEllison"
1391,"Norman Page","norman.page@mail.com","","VISITOR","2026-03-03 22:19:56.597601+01","London","United Kingdom","NormanPage"
1392,"Linda Georges","linda@mail.com","","VISITOR","2026-03-03 22:19:56.598144+01","Strasbourg","France",NULL
1393,"Mark Zuckerberg","mark.zuckerberg@forbesmail.com","","VISITOR","2026-03-03 22:19:56.598689+01","Barcelona","Spain","MarkZuckerberg"
1394,"Felicita Vico","felicita.vico@sandocean.com","","VISITOR","2026-03-03 22:19:56.599198+01","Genoa","Italy",NULL
1395,"Mukesh Ambani","mukesh67@mail.com","","VISITOR","2026-03-03 22:19:56.599716+01","Sheffield","United Kingdom","MukeshAmbani"
1396,"Miquel Ortega","MiquelOrtega@mail.com","","VISITOR","2026-03-03 22:19:56.600219+01","Valencia","Spain","MiquelOrtega"
1397,"Karl Geigner","KarlGeigner@mail.com","","VISITOR","2026-03-03 22:19:56.600736+01","Dortmund","Germany","KarlGeigner"
1398,"Francoise Bettencourt Meyers","francoise@forbesmail.com","","VISITOR","2026-03-03 22:19:56.601247+01","Madrid","Spain","FrancoiseBettencourtMeyers"
1399,"Martin Germain","martin@mail.com","","VISITOR","2026-03-03 22:19:56.601747+01","Nice","France",NULL
1400,"Alice Umlauft","alice87@mail.com","","VISITOR","2026-03-03 22:19:56.602257+01","Cologne","Germany","Alice97"
1401,"Yohann Cloutier","Yohann@mail.com","","VISITOR","2026-03-03 22:19:56.602736+01","Nantes","France",NULL
1402,"Elisabeth Martinelli","elisabeth@sandocean.com","","VISITOR","2026-03-03 22:19:56.603267+01","Palermo","Italy",NULL
1403,"Gautam Adani","gautam71@mail.com","","VISITOR","2026-03-03 22:19:56.603784+01","Leeds","United Kingdom","GautamAdani"
1404,"Irida Katsaros","irida@forbesmail.com","","VISITOR","2026-03-03 22:19:56.604276+01","Piraeus","Greece",NULL
1405,"Jack Miller","jack75@mail.com","","VISITOR","2026-03-03 22:19:56.604805+01","London","United Kingdom","Jack75"
1406,"Ingrid Kamprad","IngridKamprad@mail.com","","VISITOR","2026-03-03 22:19:56.605369+01","Malmö","Sweden","IngridKamprad"
1407,"Siegfried Sassoon","siegfried@forbesmail.com","","VISITOR","2026-03-03 22:19:56.605872+01","London","United Kingdom","SiegfriedSassoon"
1408,"Baptistin Charbonneau","Baptistin@mail.com","","VISITOR","2026-03-03 22:19:56.606751+01","Paris","France",NULL
1409,"Michael Bloomberg","michael77@mail.com","","VISITOR","2026-03-03 22:19:56.607282+01","Glasgow","United Kingdom","MichaelBloomberg"
1410,"Viviana Abbate","Viviana@sandocean.com","","VISITOR","2026-03-03 22:19:56.607792+01","Santa Maria del Focallo","Italy",NULL
1411,"Mohamed Girard","MohamedGirard@mail.com","","VISITOR","2026-03-03 22:19:56.60831+01","Marseille","France",NULL
1412,"Richard Braun","richard91@mail.com","","VISITOR","2026-03-03 22:19:56.608819+01","Stuttgart","Germany","Richard91"
1413,"Larry Fink","larry.fink@forbesmail.com","","VISITOR","2026-03-03 22:19:56.609349+01","Alicante","Spain","LarryFink"
1414,"Ralf Lorenz","ralf77@mail.com","","VISITOR","2026-03-03 22:19:56.609906+01","Dusseldorf","Germany","Ralf77"
1415,"Gauvain Traverse","Gauvain@mail.com","","VISITOR","2026-03-03 22:19:56.610433+01","Nantes","France",NULL
1416,"Ken Griffin","ken72@mail.com","","VISITOR","2026-03-03 22:19:56.610936+01","Edinburgh","United Kingdom","KenGriffin"
1417,"Henri Favager","Henri@mail.com","","VISITOR","2026-03-03 22:19:56.611427+01","Nice","France",NULL
1418,"John Paulson","john@forbesmail.com","","VISITOR","2026-03-03 22:19:56.611915+01","Birmingham","United Kingdom","JohnPaulson"
1419,"George Somos","george55@mail.com","","VISITOR","2026-03-03 22:19:56.612453+01","Liverpool","United Kingdom","GeorgeSomos"
1420,"Francette Bouchard","Francette@mail.com","","VISITOR","2026-03-03 22:19:56.612939+01","Nice","France",NULL
1421,"Ray Dalio","ray@forbesmail.com","","VISITOR","2026-03-03 22:19:56.61343+01","Madrid","Spain","RayDalio"
1422,"Lauretta Aggio","Lauretta@sandocean.com","","VISITOR","2026-03-03 22:19:56.613935+01","Santa Maria del Focallo","Italy",NULL
1423,"Gigi Toselli","gigi@models.com","","VISITOR","2026-03-03 22:19:56.614537+01","Venice","Italy",NULL
1424,"Bella Ungaro","bella@models.com","","VISITOR","2026-03-03 22:19:56.615048+01","Rome","Italy",NULL
1425,"Bridget Jenner","BridgetJenner@models.com","","VISITOR","2026-03-03 22:19:56.615552+01","London","United Kingdom","BridgetJenner"
1426,"Cara Delevingne","cara@models.com","","VISITOR","2026-03-03 22:19:56.616078+01","Birmingham","United Kingdom","CaraDelevingne"
1427,"Hannah Bieber","HannahBieber@models.com","","VISITOR","2026-03-03 22:19:56.616584+01","London","United Kingdom","HannahBieber"
1428,"Jourdan Donald","jourdan@models.com","","VISITOR","2026-03-03 22:19:56.617087+01","London","United Kingdom","JourdanDonald"
1429,"Karlie Kloss","karlie@models.com","","VISITOR","2026-03-03 22:19:56.617629+01","Valencia","Spain","KarlieKloss"
1430,"Avril Segal","Avril@models.com","","VISITOR","2026-03-03 22:19:56.618131+01","Paris","France",NULL
1431,"Candice Swanepoel","candice@models.com","","VISITOR","2026-03-03 22:19:56.618632+01","Marseille","France","CandiceSwanepoel"
1432,"Emily Abate","emily@models.com","","VISITOR","2026-03-03 22:19:56.619136+01","Palermo","Italy",NULL
1433,"Irina Leroy","irina@models.com","","VISITOR","2026-03-03 22:19:56.619647+01","Paris","France","IrinaShayk"
1434,"Alexia Blaise","Alexia@models.com","","VISITOR","2026-03-03 22:19:56.620419+01","Paris","France",NULL
1435,"Liu Wen","liu@models.com","","VISITOR","2026-03-03 22:19:56.620957+01","Bari","Italy","LiuWen"
1436,"Margherita Bove","Margherita@models.com","","VISITOR","2026-03-03 22:19:56.621498+01","Bari","Italy",NULL
1437,"Salomé Lyon","Salome@models.com","","VISITOR","2026-03-03 22:19:56.622009+01","Strasbourg","France",NULL
1438,"Joan Smalls","joan@models.com","","VISITOR","2026-03-03 22:19:56.622523+01","Bristol","United Kingdom","JoanSmalls"
1439,"Sabrina Graf","sabrina04@models.com","","VISITOR","2026-03-03 22:19:56.623063+01","Stuttgart","Germany","Sabrina04"
1440,"Anja Langlois","anja@models.com","","VISITOR","2026-03-03 22:19:56.623566+01","Paris","France",NULL
1441,"Stella Arnoni","stella@models.com","","VISITOR","2026-03-03 22:19:56.624077+01","Rome","Italy",NULL
1442,"Sophie Nazario","sophie@models.com","","VISITOR","2026-03-03 22:19:56.624572+01","Milano","Italy",NULL
1443,"Daniela Marques","DanielaMarques@music.com","","VISITOR","2026-03-03 22:19:56.625136+01","Lisbon","Portugal","ArianaGrande"
1444,"Maria Da Silva","MariaDaSilva@music.com","","VISITOR","2026-03-03 22:19:56.625642+01","Locarno","Switzerland","MariaDaSilva"
1445,"Silvia Zanetti","silvia_tango@music.com","","VISITOR","2026-03-03 22:19:56.626137+01","Naples","Italy",NULL
1446,"Valentino Agli","drake@music.com","","VISITOR","2026-03-03 22:19:56.626628+01","Venice","Italy","Drake"
1447,"Lousie Hellner","Louise03@online.com","","VISITOR","2026-03-03 22:19:56.62718+01","Cologne","Germany","Louise03"
1448,"Caitria Kavanaugh","Caitria@music.com","","VISITOR","2026-03-03 22:19:56.627695+01","Limerick","Ireland",NULL
1449,"Kendrick Lamar","kendrick@music.com","","VISITOR","2026-03-03 22:19:56.628221+01","Edinburgh","United Kingdom","KendrickLamar"
1450,"Inès Mercier","InesMercier@music.com","","VISITOR","2026-03-03 22:19:56.628892+01","Geneva","Switzerland","InèsLovesMusic"
1451,"Shawn Mendes","shawn@music.com","","VISITOR","2026-03-03 22:19:56.629441+01","Cordoba","Spain","ShawnMendes"
1452,"Catharina Perry","catie_perry@mail.com","","VISITOR","2026-03-03 22:19:56.62996+01","Bristol","United Kingdom","CatiePerry"
1453,"Justin Lieber","justin88@music.com","","VISITOR","2026-03-03 22:19:56.630479+01","Leeds","United Kingdom","Justin88"
1454,"Lorde Bakker","lorde.bakker@music.com","","VISITOR","2026-03-03 22:19:56.630996+01","Amsterdam","Netherlands","Lorde.bakker"
1455,"Angelina Argyris","weeknd@music.com","","VISITOR","2026-03-03 22:19:56.631527+01","Athens","Greece",NULL
1456,"Livie Paquette","Livie@music.com","","VISITOR","2026-03-03 22:19:56.632055+01","Strasbourg","France",NULL
1457,"Eva Amoretto","Eva.Amoretto@music.com","","VISITOR","2026-03-03 22:19:56.632591+01","Cagliari","Italy",NULL
1458,"Therese Larsen","ThereseLarsen@music.com","","VISITOR","2026-03-03 22:19:56.633098+01","Bergen","Norway","ThereseLarsen"
1459,"Alicia Rose","alicia_rose@music.com","","VISITOR","2026-03-03 22:19:56.633606+01","London","United Kingdom","AliciaRose"
1460,"Mauro Ventura","Mauro.Ventura@music.com","","VISITOR","2026-03-03 22:19:56.634102+01","Naples","Italy",NULL
1461,"Noëlla Jacquet","sia@music.com","","VISITOR","2026-03-03 22:19:56.634674+01","Marseille","France",NULL
1462,"Bruno Maller","bruno91@music.com","","VISITOR","2026-03-03 22:19:56.635258+01","Sheffield","United Kingdom","Bruno91"
1463,"Lison Bourreau","lizzo@music.com","","VISITOR","2026-03-03 22:19:56.635749+01","Lyon","France",NULL
1464,"Rihanna","rihanna@music.com","","VISITOR","2026-03-03 22:19:56.63624+01","Valencia","Spain","Rihanna"
1465,"Charlie Puth","charlie@music.com","","VISITOR","2026-03-03 22:19:56.636772+01","Copenhagen","Denmark","CharliePuth"
1466,"Camila Cabello","camila@music.com","","VISITOR","2026-03-03 22:19:56.637327+01","Naples","Italy","CamilaCabello"
1467,"Patrícia Soares","PatríciaSoares@music.com","","VISITOR","2026-03-03 22:19:56.637835+01","Lisbon","Portugal","MileyCyrus"
1468,"Adrien Morel","AdrienMorel@music.com","","VISITOR","2026-03-03 22:19:56.638364+01","Paris","France","SamSmith"
1469,"Frank Ocean","frank@music.com","","VISITOR","2026-03-03 22:19:56.638974+01","Bristol","United Kingdom","FrankOcean"
1470,"Travis Scott","travis@music.com","","VISITOR","2026-03-03 22:19:56.639527+01","London","United Kingdom","TravisScott"
1471,"Anselme Arthur","tylerthecreator@music.com","","VISITOR","2026-03-03 22:19:56.640074+01","Strasbourg","France",NULL
1472,"Izabella Magyar","izabella@music.com","","VISITOR","2026-03-03 22:19:56.640608+01","Budapest","Hungary",NULL
1473,"Aurora Bassani","Aurora.Bassani@music.com","","VISITOR","2026-03-03 22:19:56.641143+01","Rimini","Italy",NULL
1474,"Lady Gaga","gaga@music.com","","VISITOR","2026-03-03 22:19:56.641689+01","Madrid","Spain","LadyGaga"
1475,"Apollonia Pellegrini","Apollonia.Pellegrini@music.com","","VISITOR","2026-03-03 22:19:56.642219+01","Rome","Italy",NULL
1476,"Kesha Smith","kesha@music.com","","VISITOR","2026-03-03 22:19:56.642897+01","Leeds","United Kingdom","Kesha"
1477,"Lotte Bach","lotte.bach@music.com","","VISITOR","2026-03-03 22:19:56.643495+01","Munich","Germany","LotteBach"
1478,"Maria Nilsson","MariaNilsson@music.com","","VISITOR","2026-03-03 22:19:56.644046+01","Stockholm","Sweden","MariaNilsson"
1479,"Doris White","DorisWhite@music.com","","VISITOR","2026-03-03 22:19:56.644574+01","London","United Kingdom","DorisWhite"
1480,"Carmen König","Carmen79@music.com","","VISITOR","2026-03-03 22:19:56.64527+01","Stuttgart","Germany","Carmen79"
1481,"Jael Balvin","jbalvin@music.com","","VISITOR","2026-03-03 22:19:56.645796+01","Sheffield","United Kingdom","JBalvin"
1482,"Swae Lee","swae@music.com","","VISITOR","2026-03-03 22:19:56.646312+01","Seville","Spain","SwaeLee"
1483,"Andreia Almeida","AndreiaAlmeida@music.com","","VISITOR","2026-03-03 22:19:56.64685+01","Porto","Portugal","LilWayne"
1484,"Tyler Hubbard","tyler@music.com","","VISITOR","2026-03-03 22:19:56.647375+01","Madrid","Spain","TylerHubbard"
1485,"Niall Horan","niall@music.com","","VISITOR","2026-03-03 22:19:56.647892+01","Helsinki","Finland","NiallHoran"
1486,"John Legend","john@music.com","","VISITOR","2026-03-03 22:19:56.648677+01","Bilbao","Spain","JohnLegend"
1487,"Jennifer Lopez","jlo@music.com","","VISITOR","2026-03-03 22:19:56.649328+01","Barcelona","Spain","JLo"
1488,"Chiarina Tiraboschi","Chiarina.Tiraboschi@music.com","","VISITOR","2026-03-03 22:19:56.649891+01","Palermo","Italy",NULL
1489,"Filipa Ribeiro","FilipaRibeiro@music.com","","VISITOR","2026-03-03 22:19:56.650463+01","Lisbon","Portugal","ChrisBrown"
1490,"Fatime Berisha","FatimeBerisha@music.com","","VISITOR","2026-03-03 22:19:56.651014+01","Basel","Switzerland","FatimeLovesJazz"
1491,"Neil Tyson","neil@science.com","","VISITOR","2026-03-03 22:19:56.651538+01","Cambridge","United Kingdom","NeilTyson"
1492,"Jane Goodall","jane@science.com","","VISITOR","2026-03-03 22:19:56.652067+01","Valencia","Spain","JaneGoodall"
1493,"Stephan Koch","stephan83@science.com","","VISITOR","2026-03-03 22:19:56.652633+01","Leipzig","Germany","stephan83"
1494,"Albert Moreau","albert@science.com","","VISITOR","2026-03-03 22:19:56.653191+01","Paris","France","AlbertAinsworth"
1495,"Katherine Johnson","katherine@science.com","","LOCAL","2026-03-03 22:19:56.65373+01","Tarifa","Spain","KatherineJohnson"
1496,"Sébastien Andre","andre@science.com","","VISITOR","2026-03-03 22:19:56.654625+01","Paris","France","JimAl-Khalili"
1497,"Frank Arnold","FrankArnold@science.com","","VISITOR","2026-03-03 22:19:56.655206+01","Leipzig","Germany","FrankArnold"
1498,"Mary Roux","mary@science.com","","VISITOR","2026-03-03 22:19:56.655816+01","Nantes","France","MaryClinton"
1499,"Vera Rubin","vera@science.com","","VISITOR","2026-03-03 22:19:56.656439+01","Porto","Portugal","VeraRubin"
1500,"Richard Dawkins","richard@science.com","","VISITOR","2026-03-03 22:19:56.657088+01","Cork","Ireland","RichardDawkins"
1501,"Lisa Randall","lisa@science.com","","VISITOR","2026-03-03 22:19:56.657704+01","Liverpool","United Kingdom","LisaRandall"
1502,"Brian Greene","brian@science.com","","VISITOR","2026-03-03 22:19:56.658295+01","Seville","Spain","BrianGreene"
1503,"Michael Mayer","michael@science.com","","VISITOR","2026-03-03 22:19:56.65877+01","Lille","France","MichaelMayer"
1504,"Marie Moser","marie@science.com","","VISITOR","2026-03-03 22:19:56.659235+01","Zurich","Switzerland","MarieMoser"
1505,"Paul Vincent","paul@science.com","","VISITOR","2026-03-03 22:19:56.65969+01","Bordeaux","France","PaulNurse"
1506,"George Church","george@science.com","","VISITOR","2026-03-03 22:19:56.660133+01","Cambridge","United Kingdom","GeorgeChurch"
1507,"Sara Borrell Corrà","sara@science.com","","VISITOR","2026-03-03 22:19:56.660655+01","Florence","Italy",NULL
1508,"Apolline Gauthier","Apolline@science.com","","VISITOR","2026-03-03 22:19:56.661114+01","Lille","France",NULL
1509,"Shinya Yamanaka","shinya@science.com","","VISITOR","2026-03-03 22:19:56.661566+01","Alicante","Spain","ShinyaYamanaka"
1510,"David Attenborough","david@science.com","","VISITOR","2026-03-03 22:19:56.662026+01","Barcelona","Spain","DavidAttenborough"
1511,"Oriane Bureau","sunny@google.com","","VISITOR","2026-03-03 22:19:56.662485+01","Paris","France",NULL
1512,"Tim Cook","tim70@mail.com","","VISITOR","2026-03-03 22:19:56.662911+01","Glasgow","United Kingdom","TimCook"
1513,"Lilou Béringer","Lilou@microsoft.com","","VISITOR","2026-03-03 22:19:56.663342+01","Paris","France",NULL
1514,"Rachele Landi","Rachele.Landi@one.com","","VISITOR","2026-03-03 22:19:56.663961+01","Turin","Italy",NULL
1515,"Blandine Daniel","Blandine@jpmorgan.com","","VISITOR","2026-03-03 22:19:56.664446+01","Paris","France",NULL
1516,"Brian Chesky","brian@airbnb.com","","VISITOR","2026-03-03 22:19:56.664888+01","Bilbao","Spain","BrianChesky"
1517,"Marillyn Hewson","marillyn@lockheed.com","","VISITOR","2026-03-03 22:19:56.665339+01","Bilbao","Spain","MarillynHewson"
1518,"Arthur Bellerose","arthur@dell.com","","VISITOR","2026-03-03 22:19:56.665792+01","Strasbourg","France",NULL
1519,"Florian Lefevre","FlorianLefevre@pepsico.com","","VISITOR","2026-03-03 22:19:56.666275+01","Avignon","France","IndraNooyi"
1520,"Anne Thomas","anne@xerox.com","","VISITOR","2026-03-03 22:19:56.666706+01","Paris","France","AnneMulcahy"
1521,"Astride Gilson","Astride@facebook.com","","VISITOR","2026-03-03 22:19:56.667113+01","Marseille","France",NULL
1522,"Emil Spiegel","EmilSpiegel@mail.com","","VISITOR","2026-03-03 22:19:56.667522+01","Berlin","Germany","EmilSpiegel"
1523,"Benjamin Morel","ben@tech.com","","VISITOR","2026-03-03 22:19:56.667917+01","Paris","France","BigBenWatcher"
1524,"Ella Morgan","ella@london.com","","VISITOR","2026-03-03 22:19:56.668582+01","Madrid","Spain","LondonEyeFan"
1525,"Tom Parker","tom@london.com","","VISITOR","2026-03-03 22:19:56.668979+01","London","United Kingdom","BoroughMarketBite"
1526,"Lily Thompson","lily.thompson@tech.com","","VISITOR","2026-03-03 22:19:56.669386+01","Paris","France","WestminsterWanderer"
1527,"Jérémy Mercier","JeremyMercier@mail.com","","VISITOR","2026-03-03 22:19:56.669786+01","Marseille","France","CamdenVibes"
1528,"Sophie Daumler","sophie02@london.com","","VISITOR","2026-03-03 22:19:56.6702+01","Cologne","Germany","KensingtonCulture"
1529,"Michael Laube","michael64@london.com","","VISITOR","2026-03-03 22:19:56.670593+01","Hannover","Germany","HydeParkHiker"
1530,"Gabriela Schmidt","GabrielaSchmidt@mail.com","","VISITOR","2026-03-03 22:19:56.67098+01","Hamburg","Germany","GabrielaSchmidt"
1531,"Charlotte Green","charlotte@london.com","","VISITOR","2026-03-03 22:19:56.671361+01","Madrid","Spain","OxfordCircusShopper"
1532,"James Wright","james@london.com","","VISITOR","2026-03-03 22:19:56.671745+01","Belfast","United Kingdom","BrickLaneExplorer"
1533,"Olivia Moore","olivia@london.com","","VISITOR","2026-03-03 22:19:56.672182+01","Alicante","Spain","PiccadillyLover"
1534,"Benjamin Scott","benjamin@london.com","","VISITOR","2026-03-03 22:19:56.67259+01","Bilbao","Spain","CoventGardenFan"
1535,"Emily Dupont","emily@mail.com","","VISITOR","2026-03-03 22:19:56.672978+01","Biarritz","France","ShoreditchSnapper"
1536,"Harry Turner","harry@london.com","","VISITOR","2026-03-03 22:19:56.673412+01","Seville","Spain","TheShardSeeker"
1537,"Lily Kessler","lily95@mail.com","","VISITOR","2026-03-03 22:19:56.673837+01","Stuttgart","Germany","Lily95"
1538,"Lucas Evans","lucas@london.com","","VISITOR","2026-03-03 22:19:56.674242+01","London","United Kingdom","TowerBridgeFanatic"
1539,"Mia Mitchell","mia@london.com","","VISITOR","2026-03-03 22:19:56.674639+01","Liverpool","United Kingdom","RegentStreetRambler"
1540,"Jacob Martin","jacob@mail.com","","VISITOR","2026-03-03 22:19:56.675064+01","Toulouse","France","GreenwichExplorer"
1541,"Amanda Baker","amanda@london.com","","VISITOR","2026-03-03 22:19:56.675453+01","London","United Kingdom","BrixtonBeat"
1542,"Charlotte Baumgartner","CharlotteBaumgartner@mail.com","","VISITOR","2026-03-03 22:19:56.675854+01","Leipzig","Germany","CharlotteBaumgartner"
1543,"Tina Lampert","tina@times.com","","VISITOR","2026-03-03 22:19:56.676279+01","Nantes","France","TimesSquareTina"
1544,"Brandon Thomas","brandon@brooklyn.com","","VISITOR","2026-03-03 22:19:56.676701+01","Valencia","Spain","BrooklynBrandon"
1545,"Catherine Green","catherine@centralpark.com","","VISITOR","2026-03-03 22:19:56.677139+01","Edinburgh","United Kingdom","CentralParkCatherine"
1546,"Diego Leggièri","diego.87@one.com","","VISITOR","2026-03-03 22:19:56.677544+01","Bologna","Italy",NULL
1547,"Amore Benetton","Amore.Benetton@sandocean.com","","VISITOR","2026-03-03 22:19:56.677947+01","Santa Maria del Focallo","Italy",NULL
1548,"Ella Martinez","ella@empirestate.com","","VISITOR","2026-03-03 22:19:56.678453+01","Birmingham","United Kingdom","EmpireStateElla"
1549,"William Smith","william.smith@street.com","","VISITOR","2026-03-03 22:19:56.678946+01","London","United Kingdom","William.Smith"
1550,"Sophie Brown","sophie@soho.com","","VISITOR","2026-03-03 22:19:56.679463+01","Cordoba","Spain","SoHoSophie"
1551,"Felix Turner","felix@fifthavenue.com","","VISITOR","2026-03-03 22:19:56.679986+01","Granada","Spain","FifthAvenueFelix"
1552,"Grace Lee","grace@greenwichvillage.com","","VISITOR","2026-03-03 22:19:56.680472+01","Birmingham","United Kingdom","GreenwichVillageGrace"
1553,"Charlie Thomas","charlie@chinatown.com","","VISITOR","2026-03-03 22:19:56.68136+01","Helsinki","Finland","ChinatownCharlie"
1554,"Hannah Williams","hannah@harlem.com","","VISITOR","2026-03-03 22:19:56.681892+01","Sheffield","United Kingdom","HarlemHannah"
1555,"Nate Davis","nate@nycskateboarder.com","","VISITOR","2026-03-03 22:19:56.6824+01","Madrid","Spain","NYCskateboarderNate"
1556,"Terry Moore","terry@timessquare.com","","VISITOR","2026-03-03 22:19:56.682893+01","Manchester","United Kingdom","TimesSquareTerry"
1557,"Eve Roberts","eve@village.com","","VISITOR","2026-03-03 22:19:56.683413+01","Saint Tropez","France","EastVillageEve"
1558,"Ursula Moser","ursula@eastside.com","","VISITOR","2026-03-03 22:19:56.683921+01","Geneva","Switzerland","EastSideUrsula"
1559,"Brandon White","brandon@bronx.com","","VISITOR","2026-03-03 22:19:56.684442+01","New York City","USA","BronxBrandon"
1560,"Cora Gray","cora@coneyisland.com","","VISITOR","2026-03-03 22:19:56.684979+01","Birmingham","United Kingdom","ConeyIslandCora"
1561,"Erika Rais","Erika.Rais@one.com","","VISITOR","2026-03-03 22:19:56.685495+01","Milan","Italy",NULL
1562,"Yasmin Al-Sayed","YasminAl-Sayed@follow.com","","VISITOR","2026-03-03 22:19:56.685984+01","Geneva","Switzerland","FollowYasmin"
1563,"Sophie Johnson","sophie@seattleskyline.com","","VISITOR","2026-03-03 22:19:56.686606+01","Seattle","USA","SeattleSkylineSophie"
1564,"Audrey Lefebvre","Audrey@land.com","","VISITOR","2026-03-03 22:19:56.687221+01","Brest","France",NULL
1565,"Vera Clark","vera@vancouver.com","","VISITOR","2026-03-03 22:19:56.687746+01","Bristol","United Kingdom","VancouverVera"
1566,"Tim Brown","tim@tacoma.com","","VISITOR","2026-03-03 22:19:56.688304+01","Tacoma","USA","TacomaTim"
1567,"Olivia Lippi","olivia@olympia.com","","VISITOR","2026-03-03 22:19:56.688835+01","Triest","Italy","OlympiaOlivia"
1568,"Bea Mulder","bea@bellingham.com","","VISITOR","2026-03-03 22:19:56.689363+01","Amsterdam","Netherlands","BellinghamBea"
1569,"Will Harris","will@whistler.com","","VISITOR","2026-03-03 22:19:56.689878+01","Barcelona","Spain","WhistlerWill"
1570,"Amy Walker","amy@astoria.com","","VISITOR","2026-03-03 22:19:56.690379+01","Edinburgh","United Kingdom","AstoriaAmy"
1571,"Maggie Taylor","maggie@rainier.com","","VISITOR","2026-03-03 22:19:56.690889+01","St Ives","United Kingdom","MountRainierMaggie"
1572,"Paul Roberts","paul@pugetsound.com","","VISITOR","2026-03-03 22:19:56.6914+01","Malaga","Spain","PugetSoundPaul"
1573,"Katharina Klein","KatharinaKlein@mail.com","","VISITOR","2026-03-03 22:19:56.691907+01","Berlin","Germany","KatharinaKlein"
1574,"Clara Durand","clara@cascades.com","","VISITOR","2026-03-03 22:19:56.692409+01","Arcachon","France","CascadesClara"
1575,"Riley Green","riley@raincity.com","","VISITOR","2026-03-03 22:19:56.692914+01","Aarhus","Denmark","RainCityRiley"
1576,"Sophie Turner","sophie@sanjuan.com","","VISITOR","2026-03-03 22:19:56.693381+01","Valencia","Spain","SanJuanSophie"
1577,"Inès Petit","Ines@portlandia.com","","VISITOR","2026-03-03 22:19:56.693884+01","Bordeaux","France",NULL
1578,"Clara Lippi","clara@columbiariver.com","","VISITOR","2026-03-03 22:19:56.694373+01","Triest","Italy","ColumbiaRiverClara"
1579,"Eddie Martinez","eddie@eugene.com","","VISITOR","2026-03-03 22:19:56.694884+01","Eugene","USA","EugeneEddie"
1580,"Lila Walker","lila@leavenworth.com","","VISITOR","2026-03-03 22:19:56.695376+01","Alicante","Spain","LeavenworthLila"
1581,"Vince King","vince@vancouverbc.com","","VISITOR","2026-03-03 22:19:56.696038+01","Vancouver","Canada","VancouverVince"
1582,"Chloé Richard","Chloe@olympicpeninsula.com","","VISITOR","2026-03-03 22:19:56.696527+01","Monaco City","Monaco","OlympicPeninsulaChloe"
1583,"Sam Thompson","sam@waverider.com","","VISITOR","2026-03-03 22:19:56.697114+01","Granada","Spain","WaveRiderSam"
1584,"Manon Robert","maya@surfgirl.com","","VISITOR","2026-03-03 22:19:56.697715+01","Bidart","France","SurferGirlManon"
1585,"Zack Johnson","zack@oceanbreez.com","","VISITOR","2026-03-03 22:19:56.698311+01","Glasgow","United Kingdom","OceanBreezZack"
1586,"Holly Matthews","holly@hangten.com","","VISITOR","2026-03-03 22:19:56.698913+01","Bristol","United Kingdom","HangTenHolly"
1587,"Jake Wilson","jake@barrelrider.com","","VISITOR","2026-03-03 22:19:56.699477+01","Vancouver","Canada","BarrelRiderJake"
1588,"Sophie Turner","sophie@saltysurf.com","","LOCAL","2026-03-03 22:19:56.700053+01","Tarifa","Spain","SaltWaterSophie"
1589,"Teresa Alves","TeresaAlves@surfboard.com","","VISITOR","2026-03-03 22:19:56.700655+01","Faro","Portugal","SurfboardSteve"
1590,"Bella Green","bella@bigwave.com","","VISITOR","2026-03-03 22:19:56.701275+01","Santa Maria del Focallo","Italy","BigWaveBella"
1591,"Tom Braun","tom@tidalwave.com","","VISITOR","2026-03-03 22:19:56.701868+01","Berlin","Germany","TidalWaveTom"
1592,"Camille Thomas","sally@sunsetsurfer.com","","VISITOR","2026-03-03 22:19:56.702432+01","Bidart","France","SunsetSurferCamille"
1593,"Noé Lengyel","Noe@ridingthebreak.com","","VISITOR","2026-03-03 22:19:56.703035+01","Budapest","Hungary","RidingTheBreakNoe"
1594,"Penolope Lopez","penolope@atlanticwave.com","","VISITOR","2026-03-03 22:19:56.703673+01","Corralejo","Spain","AtlanticWavePeno"
1595,"Laura Ferrari","Laura.Ferrari@shaka.com","","VISITOR","2026-03-03 22:19:56.704271+01","Rome","Italy",NULL
1596,"Brody Smith","brody@beachbum.com","","VISITOR","2026-03-03 22:19:56.704863+01","New York City","USA","BeachBumBrody"
1597,"Giorgia Pappa","Giorgia@surfseas.com","","VISITOR","2026-03-03 22:19:56.70544+01","Athens","Greece","SurfNSeasGiorgia"
1598,"Ella Martinez","ella@surfinshark.com","","VISITOR","2026-03-03 22:19:56.705978+01","London","United Kingdom","TheSurfinSharkElla"
1599,"Thomas Vogel","thomas@tropicstrav.com","","VISITOR","2026-03-03 22:19:56.706552+01","Hamburg","Germany","TropicsThomas"
1600,"Lena White","lena@waves4life.com","","VISITOR","2026-03-03 22:19:56.707084+01","Luxembourg","Luxembourg","Waves4LifeLena"
1601,"Beau Walker","beau@boardwalkbeau.com","","VISITOR","2026-03-03 22:19:56.707731+01","Barcelona","Spain","BoardwalkBeau"
1602,"Soraia Carvalho","SoraiaCarvalho@bikiniboarder.com","","VISITOR","2026-03-03 22:19:56.708338+01","Faro","Portugal","BikiniBoarderKara"
1603,"Anna Gruber","anna@zenmaster.com","","VISITOR","2026-03-03 22:19:56.708891+01","Salzburg","Austria","ZenMasterLila"
1604,"Nina Patel","nina@namaste.com","","VISITOR","2026-03-03 22:19:56.709447+01","London","United Kingdom","NamasteNina"
1605,"Sophie Johnson","sophie@serenity.com","","VISITOR","2026-03-03 22:19:56.709984+01","Valencia","Spain","SerenitySophie"
1606,"Ava Dubois","ava@breathewithava.com","","VISITOR","2026-03-03 22:19:56.710565+01","Arles","France","BreatheWithAva"
1607,"Maya Bosch","maya@flowinggrace.com","","VISITOR","2026-03-03 22:19:56.711121+01","Amsterdam","Netherlands","FlowingGraceMaya"
1608,"Elena Brown","elena@yogachic.com","","VISITOR","2026-03-03 22:19:56.711694+01","Brighton","United Kingdom","YogaChicElena"
1609,"Sam Pavesi","sam@theyogaguru.com","","VISITOR","2026-03-03 22:19:56.71381+01","Santa Maria del Focallo","Italy","TheYogaGuruSam"
1610,"Léa Martin","Lea@peacefulpalms.com","","VISITOR","2026-03-03 22:19:56.714383+01","Lyon","France","PeacefulPalms"
1611,"Frederike Bauer","FrederikeBauer@soulstretch.com","","VISITOR","2026-03-03 22:19:56.714998+01","Hamburg","Germany","SoulStretchFrederike"
1612,"Olivia Cucinotta","olivia@yogavibes.com","","VISITOR","2026-03-03 22:19:56.71555+01","Venice","Italy","YogaVibesOlivia"
1613,"Sophie Albanesi","sophie@innerpeace.com","","VISITOR","2026-03-03 22:19:56.716118+01","Santa Maria del Focallo","Italy","InnerPeaceSophie"
1614,"Hannah White","hannah@zenyoga.com","","VISITOR","2026-03-03 22:19:56.716897+01","Seville","Spain","ZenYogaHannah"
1615,"Harper King","harper@holistic.com","","VISITOR","2026-03-03 22:19:56.717534+01","Alicante","Spain","HolisticHarper"
1616,"Maya Roberts","maya@mindfulyoga.com","","VISITOR","2026-03-03 22:19:56.718152+01","London","United Kingdom","MindfulMaya"
1617,"Lily Harris","lily@bendandbreathe.com","","VISITOR","2026-03-03 22:19:56.718761+01","Belfast","United Kingdom","BendAndBreatheLily"
1618,"Zoe Miesbach","zoe@salutation.com","","VISITOR","2026-03-03 22:19:56.719335+01","Cologne","Germany","SunSalutationZoe"
1619,"Tessa Walker","tessa@tranquil.com","","LOCAL","2026-03-03 22:19:56.719946+01","Tarifa","Spain","TranquilTessa"
1620,"Maura Ragno","maura@asanaadventure.com","","VISITOR","2026-03-03 22:19:56.720537+01","Santa Maria del Focallo","Italy",NULL
1621,"Marine Bernard","Marine@flexandflow.com","","VISITOR","2026-03-03 22:19:56.721133+01","Nice","France","FlexAndFlow"
1622,"Eva Benenati","eva@theyogaexplorer.com","","VISITOR","2026-03-03 22:19:56.721727+01","Santa Maria del Focallo","Italy","TheYogaExplorerEva"
1623,"Claudia Velasco Ortiz","claudia.velasco.o@enlace.es","","LOCAL","2026-03-08 11:01:45.152239+01","Tarifa","Spain",NULL
1624,"Samuel Torres Galdós","s.torres.g@construye.es","","LOCAL","2026-03-08 11:01:14.73627+01","Tarifa","Spain",NULL
1625,"Natalia Salazar Mora","n.salazar.mora@vanguardia.es","","LOCAL","2026-03-08 11:00:54.00541+01","Tarifa","Spain",NULL
1626,"Fernando Ríos Vargas","f.rios.vargas@ciencias.es","","LOCAL","2026-03-08 11:00:19.502115+01","Tarifa","Spain",NULL
1627,"Isabel Quintana Rojas","i.quintana.r@estilo.es","","LOCAL","2026-03-08 10:59:46.229776+01","Tarifa","Spain",NULL
1628,"Nicolás Paredes Méndez","n.paredes.m@red.es","","LOCAL","2026-03-08 10:58:47.950621+01","Tarifa","Spain",NULL
1629,"Beatriz Olivares Guerra","b.olivares.g@comunicaciones.es","","LOCAL","2026-03-08 10:57:19.289225+01","Tarifa","Spain",NULL
1630,"Diego Navarro Duque","diego.navarro.d@empresa.es","","LOCAL","2026-03-08 10:56:31.484701+01","Tarifa","Spain",NULL
1631,"Camila Montoya Serrano","c.montoya.s@academia.es","","LOCAL","2026-03-08 10:54:09.835121+01","Tarifa","Spain",NULL
1632,"Hugo Lozano Castillo","h.lozano.c@webmail.es","","LOCAL","2026-03-08 10:53:29.88208+01","Tarifa","Spain",NULL
1633,"Valeria Jiménez Bravo","v.jimenez.bravo@diseno.es","","LOCAL","2026-03-08 10:52:34.877831+01","Tarifa","Spain",NULL
1634,"Sebastián Ibarra Flores","sibarra.flores@consultoria.es","","LOCAL","2026-03-08 10:51:19.345618+01","Tarifa","Spain",NULL
1635,"Sofía Heredia Nazario","s.heredia.n@nube.es","","LOCAL","2026-03-08 10:50:08.909081+01","Tarifa","Spain",NULL
1636,"Adrián Gallego Santos","adrian.gallego.s@servicios.es","","LOCAL","2026-03-08 10:48:38.17962+01","Tarifa","Spain",NULL
1637,"Martina Ferrer Blanco","martina.ferrer.b@global.com","","LOCAL","2026-03-08 10:48:00.843837+01","Tarifa","Spain",NULL
1638,"Rodrigo Escudero Peña","r.escudero.p@proyectos.es","","LOCAL","2026-03-08 10:46:56.982686+01","Tarifa","Spain",NULL
1639,"Elena De la Cruz Montes","elena.delacruz.m@estudio.es","","LOCAL","2026-03-08 10:45:26.014548+01","Tarifa","Spain",NULL
1640,"Mateo Castañeda Vidal","m.castaneda.vidal@red.es","","LOCAL","2026-03-08 10:44:30.471195+01","Tarifa","Spain",NULL
1641,"Lucía Beltrán Orozco","lucia.beltran.o@correo.es","","LOCAL","2026-03-08 10:43:22.431161+01","Tarifa","Spain",NULL
1642,"Javier Alarcón Ruiz","j.alarcon.ruiz@ficticia.es","","LOCAL","2026-03-08 10:42:46.701391+01","Tarifa","Spain",NULL
1665,"Claudia Romero Diez","claudia.romero.d@icloud.com","","LOCAL","2026-03-11 20:11:14.345535+01","Tarifa","Spain",NULL
1666,"Sebastián Vega Beltrán","sebv.escritor@gmail.com","","LOCAL","2026-03-11 20:10:08.686101+01","Tarifa","Spain",NULL
1667,"Daniela Aguilar Crespo","daniela.aguilar@telefonica.net","","LOCAL","2026-03-11 20:08:48.052296+01","Tarifa","Spain",NULL
1668,"Ricardo Ramos Suero","r.ramos.tarifa@proton.me","","LOCAL","2026-03-11 20:07:14.25059+01","Tarifa","Spain",NULL
1669,"Valeria Ferrer Domínguez","v.ferrer.lectura@gmail.com","","LOCAL","2026-03-11 20:03:32.745996+01","Tarifa","Spain",NULL
1670,"Marcos Serrano Peña","marcos_serrano_85@correo.es","","LOCAL","2026-03-11 20:02:42.448751+01","Tarifa","Spain",NULL
1671,"Isabel Ibáñez Torres","isa.ibanez@yahoo.com","","LOCAL","2026-03-11 20:01:16.262143+01","Tarifa","Spain",NULL
1672,"Adrián Lozano Gil","adri.lozano.books@outlook.es","","LOCAL","2026-03-11 19:59:50.395408+01","Tarifa","Spain",NULL
1673,"Alba Guerrero Pascual","alba.guerrero.p@me.com","","LOCAL","2026-03-11 19:59:08.842034+01","Tarifa","Spain",NULL
1674,"Pablo Cano Medina","pablo.cano.levante@gmail.com","","LOCAL","2026-03-11 19:58:35.111634+01","Tarifa","Spain",NULL
1675,"Sofía Lara Blanco","sofia.larab@gestion.es","","LOCAL","2026-03-11 07:51:06.251457+01","Tarifa","Spain",NULL
1676,"Diego Morales Ortega","diego.morales.surf@gmail.com","","LOCAL","2026-03-11 07:50:30.218817+01","Tarifa","Spain",NULL
1677,"Elena Vidal Garrido","elenavidal_92@hotmail.com","","LOCAL","2026-03-11 07:49:54.98446+01","Tarifa","Spain",NULL
1678,"Javier Méndez Rubio","javi.mendez.tarifa@protonmail.com","","LOCAL","2026-03-11 07:49:11.368181+01","Tarifa","Spain",NULL
1679,"Martina Navarro Soler","martina.nav@icloud.com","","LOCAL","2026-03-11 07:48:39.218027+01","Tarifa","Spain",NULL
1680,"Hugo Jiménez Castro","hugo_j_castro@yahoo.es","","LOCAL","2026-03-11 07:43:56.298688+01","Tarifa","Spain",NULL
1681,"Carmen Ortiz Núñez","carmen.ortiz@telefonica.net","","LOCAL","2026-03-11 07:43:20.809546+01","Tarifa","Spain",NULL
1682,"Mateo Ruiz Delgado","m.ruiz.vientos@outlook.com","","LOCAL","2026-03-11 07:42:31.097654+01","Tarifa","Spain",NULL
1683,"Lucía Fernández Santos","lucia.tarifabooks@gmail.com","","LOCAL","2026-03-11 07:42:01.591589+01","Tarifa","Spain",NULL
1684,"Alejandro García Marín","al.garcia88@correo.es","","LOCAL","2026-03-11 07:40:24.760978+01","Tarifa","Spain",NULL
1685,"Lani Nalu","welcometoparadisedream@example.com","","LOCAL","2026-03-09 11:28:05.192474+01","Tarifa","Spain",NULL
1686,"Søren Bakke","soren.kitesurf@nordicnet.no","","LOCAL","2026-03-12 09:15:22.451233+01","Tarifa","Spain",NULL
1687,"Emma Whitlock","emma.wh.nomad@gmail.com","","LOCAL","2026-03-12 10:22:11.102344+01","Tarifa","Spain",NULL
1688,"Lukas Müller","l.mueller.design@web.de","","LOCAL","2026-03-12 11:05:44.88219+01","Tarifa","Spain",NULL
1689,"Chloé Lefebvre","chloe.tarifa@orange.fr","","LOCAL","2026-03-12 12:45:30.551002+01","Tarifa","Spain",NULL
1690,"Jasper van der Meer","jasper.vdmeer@ziggo.nl","","LOCAL","2026-03-12 14:10:05.112233+01","Tarifa","Spain",NULL
1691,"Aria Rossi","rossi.aria@libero.it","","LOCAL","2026-03-12 15:33:18.992831+01","Tarifa","Spain",NULL
1692,"Oliver Smith","olliver.smith.uk@outlook.com","","LOCAL","2026-03-12 16:55:40.441552+01","Tarifa","Spain",NULL
1693,"Freja Jensen","freja.j@danishmail.dk","","LOCAL","2026-03-13 08:20:12.66211+01","Tarifa","Spain",NULL
1694,"Liam O’Connor","liam.kite.tarifa@gmail.com","","LOCAL","2026-03-13 09:12:33.771223+01","Tarifa","Spain",NULL
1695,"Anika Sharma","anika.sharma.coder@gmail.com","","LOCAL","2026-03-13 10:45:01.332445+01","Tarifa","Spain",NULL
1696,"Sebastian Meyer","s.meyer.yoga@gmx.de","","LOCAL","2026-03-13 11:20:55.112998+01","Tarifa","Spain",NULL
1697,"Zoë Williams","zoe.waves@icloud.com","","LOCAL","2026-03-13 13:05:44.221004+01","Tarifa","Spain",NULL
1698,"Matteo Bianchi","m.bianchi@proton.me","","LOCAL","2026-03-13 14:50:18.552113+01","Tarifa","Spain",NULL
1699,"Sofia Lindberg","sofia.swede@yahoo.se","","LOCAL","2026-03-13 16:22:30.991882+01","Tarifa","Spain",NULL
1700,"Julian Bennett","jules.bennett@me.com","","LOCAL","2026-03-14 07:15:10.442331+01","Tarifa","Spain",NULL
1701,"Noa Cohen","noa.cohen.tarifa@gmail.com","","LOCAL","2026-03-14 08:40:22.112665+01","Tarifa","Spain",NULL
1702,"Klara Nowak","klara.n.art@wp.pl","","LOCAL","2026-03-14 09:12:55.772331+01","Tarifa","Spain",NULL
1703,"Finn Gallagher","finn.g@irishabroad.ie","","LOCAL","2026-03-14 10:05:33.88122+01","Tarifa","Spain",NULL
1704,"Yuki Tanaka","yuki.tanaka@tokyomail.jp","","LOCAL","2026-03-14 11:22:44.552119+01","Tarifa","Spain",NULL
1705,"Isabella Costa","bella.costa@uol.com.br","","LOCAL","2026-03-14 12:45:11.992884+01","Tarifa","Spain",NULL
1706,"Leyla Weiss","leyla.weiss@tarifa.com","","LOCAL","2026-03-23 20:16:26.37359+01","Tarifa","Spain",NULL
1707,"Aileen Jenkins","aileen.jenkins@tarifa.com","","LOCAL","2026-03-23 20:14:48.877888+01","Tarifa","Spain",NULL
1708,"Jayda Osborn","jayda.osborn@tarifa.com","","LOCAL","2026-03-23 20:13:32.95091+01","Tarifa","Spain",NULL
1709,"Fletcher Blevins","fletcher.blevins@tarifa.com","","LOCAL","2026-03-23 20:12:27.435111+01","Tarifa","Spain",NULL
1710,"Anya Burch","anya.burch@tarifa.com","","LOCAL","2026-03-23 20:10:52.927778+01","Tarifa","Spain",NULL
1711,"Lilly Murillo","lilly.murillo@tarifa.com","","LOCAL","2026-03-23 20:09:45.107127+01","Tarifa","Spain",NULL
1712,"Emilee Haas","emilee.haas@tarifa.com","","LOCAL","2026-03-23 20:07:51.966602+01","Tarifa","Spain",NULL
1713,"Matteo Chambers","matteo.chambers@tarifa.com","","LOCAL","2026-03-23 20:06:45.247365+01","Tarifa","Spain",NULL
1714,"Jayda Joseph","jayda.joseph@tarifa.com","","LOCAL","2026-03-23 20:05:37.083207+01","Tarifa","Spain",NULL
1715,"Sarai Moon","sarai.moon@tarifa.com","","LOCAL","2026-03-23 20:04:34.751374+01","Tarifa","Spain",NULL
1716,"Premek Smolova","Premek.Smolova@network.com","","VISITOR","2026-03-25 22:02:37.997216+01","Praque","Czech Republic",NULL
1717,"Bronislava Bobalová","Bronislava.Bobalova@network.com","","VISITOR","2026-03-25 22:03:41.731318+01","Prague","Czech Republic",NULL
1718,"Erika Prazak","Erika.Prazak@network.com","","VISITOR","2026-03-25 22:04:27.200328+01","Prague","Czech Republic",NULL
1719,"Vanda Sedlacek","Vanda.Sedlacek@network.com","","VISITOR","2026-03-25 22:05:23.642278+01","Prague","Czech Republic",NULL
1720,"Gudmund Poulsen","Gudmund.Poulsen@network.com","","VISITOR","2026-03-25 22:06:20.822702+01","Kopenhagen","Denmark",NULL
1721,"Evy Mortensen","Eny.Mortensen@network.com","","VISITOR","2026-03-25 22:07:04.235217+01","Kopenhagen","Denmark",NULL
1722,"Jolanda Daelman","Jolanda.Daelman@network.com","","VISITOR","2026-03-25 22:08:09.902778+01","Rotterdam","Netherlands",NULL
1723,"Felix Van Cann","Felix.VanCann@network.com","","VISITOR","2026-03-25 22:08:59.766857+01","Den Haag","Netherlands",NULL
1724,"Agatha Dirkx","agatha.Dirkx@network.com","","VISITOR","2026-03-25 22:09:38.134045+01","Amsterdam","Netherlands",NULL
1725,"Sjoerd Van Middlesworth","Sjoerd.VanMiddlesworth@network.com","","VISITOR","2026-03-25 22:10:17.01855+01","Rotterdam","Netherlands",NULL
1726,"Patricia Van den Heuvel","Patricia.VandenHeuvel@network.com","","VISITOR","2026-03-25 22:11:39.05433+01","Delft","Netherlands",NULL
1727,"Katinka Van Asch","Katinka.VanAsch@network.com","","VISITOR","2026-03-25 22:12:20.049772+01","Den Haag","Netherlands",NULL
1728,"Alex Mulder","Alex.Mulder@network.com","","VISITOR","2026-03-25 22:12:59.117974+01","Rotterdam","Netherlands",NULL
1729,"Rini Hoedemaeker","Rini.Hoedemaeker@network.com","","VISITOR","2026-03-25 22:13:36.613617+01","Rotterdam","Netherlands",NULL
1730,"Liina Laitinen","Liina.Laitinen@finn.com","","VISITOR","2026-03-25 22:14:22.337673+01","Helsinki","Finland",NULL
1731,"Saimi Venäläinen","Saimi.Venalainen@finn.com","","VISITOR","2026-03-25 22:15:19.95039+01","Tampere","Finland",NULL
1732,"Talvikki Hakala","Talvikki.Hakala@finn.com","","VISITOR","2026-03-25 22:16:04.309864+01","Oulu","Finland",NULL
1733,"Pilvi Hämäläinen","Pilvi.Hamalainen@finn.com","","VISITOR","2026-03-25 22:16:49.266609+01","Oulu","Finland",NULL
1734,"Liina Toivonen","Liina.Toivonen@finn.com","","VISITOR","2026-03-25 22:18:37.997525+01","Tampere","Finland",NULL
1735,"Aira Turunen","Aira.Turunen@finn.com","","VISITOR","2026-03-25 22:23:47.041287+01","Oulu","Finland",NULL
1736,"Fredrika Jokela","Fredrika.Jokela@finn.com","","VISITOR","2026-03-25 22:24:27.57806+01","Tampere","Finland",NULL
1737,"Terhi Niskanen","Terhi.Niskanen@finn.com","","VISITOR","2026-03-25 22:25:10.852041+01","Helsinki","Finland",NULL
1738,"Mathilde Camus","Mathilde.Camus@journey.com","","VISITOR","2026-03-25 22:26:42.715999+01","Biarritz","France",NULL
1739,"Solenne Leroy","Solenne.Leroy@plus.com","","VISITOR","2026-03-25 22:27:25.453037+01","Bidart","France",NULL
1740,"Alexis Deforest","Alexis.Deforest@plus.com","","VISITOR","2026-03-25 22:27:59.702218+01","Arcachon","France",NULL
1741,"Séphora Monet","Sephora.Monet@plus.com","","VISITOR","2026-03-25 22:28:31.532398+01","Biarritz","France",NULL
1742,"Sabine Giraud","Sabine.Giraud@plus.com","","VISITOR","2026-03-25 22:29:00.202109+01","Biarritz","France",NULL
1743,"Olalla Pereyra","Olalla.Pereyra@tarifa.com","","LOCAL","2026-03-26 21:10:46.879364+01","Tarifa","Spain",NULL
1744,"Xoel Coello","Xoel.Coello@free.com","","VISITOR","2026-03-26 21:11:45.227847+01","San Sebastian","Spain",NULL
1745,"Iria Ferreiro","Iria.Ferreiro@free.com","","VISITOR","2026-03-26 21:12:29.809921+01","Bilbao","Spain",NULL
1746,"Giannis Kokkinou","Giannis.Kokkinou@hellas.com","","VISITOR","2026-03-26 21:13:16.307852+01","Athens","Greece",NULL
1747,"Polina Megalos","Polina.Megalos@hellas.com","","VISITOR","2026-03-26 21:14:35.815953+01","Thessaloniki","Greece",NULL
1748,"Zenovia Vassiliou","Zenovia.Vassiliou@hellas.com","","VISITOR","2026-03-26 21:15:00.304409+01","Thessaloniki","Greece",NULL
1749,"Charikleia Papakonstantinou","Charikleia.Papakonstantinou@greece.com","","VISITOR","2026-03-26 21:15:31.861616+01","Thessaloniki","Greece",NULL
1750,"Tatiana Papadimitriou","Tatiana.Papadimitriou@hellas.com","","VISITOR","2026-03-26 21:16:03.424245+01","Thessaloniki","Greece",NULL
1751,"Martha Antonopoulou","Martha.Atonopoulou@hellas.com","","VISITOR","2026-03-26 21:16:31.485405+01","Athens","Greece",NULL
1752,"Lihi Yaffe","Lihi.Yaffe@hello.com","","VISITOR","2026-03-26 21:18:22.794941+01","Tel Aviv","Isreal",NULL
1753,"Elísabet Alexandersson","Elisabet.Alexandersson@ice.com","","VISITOR","2026-03-26 21:20:00.432773+01","Reykjavik","Iceland",NULL
1754,"Sonja Björnsson","Sonja.Bjornsson@ice.com","","VISITOR","2026-03-26 21:20:33.961434+01","Reykjavik","Iceland",NULL
1755,"Kieran Murdock","Kieran.Murdock@four.com","","VISITOR","2026-03-26 21:21:07.688939+01","Limerick","Ireland",NULL
1756,"Róisín Sloan","Roisin.Sloan@four.com","","VISITOR","2026-03-26 21:21:48.934007+01","Dublin","Ireland",NULL
1757,"Keita Shinoda","Keita.Shinoda@zen.com","","VISITOR","2026-03-27 22:18:02.217209+01","Ishigaki","Japan",NULL
1758,"Mariko Nishikawa","Mariko.Nishikawa@zen.com","","VISITOR","2026-03-27 22:18:30.505111+01","Naoshima","Japan",NULL
1759,"Nao Nakabayashi","Nao.Nakabayashi@zen.com","","VISITOR","2026-03-27 22:18:59.566291+01","Naoshima","Japan",NULL
1760,"Hiroko Shirakawa","Hiroko.Shirakawa@zen.com","","VISITOR","2026-03-27 22:19:34.31976+01","Osaka","Japan",NULL
1761,"Neve Mag Uidhir","Neve@sandocean.com","","VISITOR","2026-03-28 22:47:59.71804+01","Sligo","Ireland",NULL
1762,"Clíona Carran","cliona_sligo@sandocean.com","","VISITOR","2026-03-28 22:48:39.338585+01","Sligo","Ireland",NULL
1763,"Caitlín Neil","caitlin83@sandocean.com","","VISITOR","2026-03-28 22:49:32.354735+01","Galway","Ireland",NULL
1764,"Ulick Halloran","ulick@sandocean.com","","VISITOR","2026-03-28 22:50:06.927891+01","Dingle","Ireland",NULL
1765,"Fiona Villa","fiona.villa@example.com","","VISITOR","2026-04-01 21:37:26.700267+02","Naples","Italy",NULL
1766,"Vanessa Teixeira","VanessaTeixeira@mail.com","","LOCAL","2026-04-03 09:16:26.37359+02","Tarifa","Spain",NULL
1767,"Marta Moreira","MartaMoreira@mail.com","","VISITOR","2026-04-21 07:14:48.877888+02","Lagos","Portugal",NULL
1768,"Liliana Correia","LilianaCorreia@portugal.com","","VISITOR","2026-04-21 17:13:32.95091+02","Pico","Portugal",NULL
1769,"Diana Mendes","Diana Mendes@portugal.com","","VISITOR","2026-04-02 16:12:27.435111+02","Nazaré","Portugal",NULL
1770,"Sílvia Cardoso","SílviaCardoso@portugal.com","","VISITOR","2026-04-04 13:10:52.927778+02","Nazaré","Portugal",NULL
1771,"Vera Cunha","VeraCunha@portugal.com","","VISITOR","2026-04-01 11:09:45.107127+02","Lisbon","Portugal",NULL
1772,"Alexandra Barbosa","AlexandraBarbosa@portugal.com","","VISITOR","2026-04-03 09:07:51.966602+02","Porto","Portugal",NULL
1773,"Carla Rocha","CarlaRocha@portugal.com","","VISITOR","2026-04-02 14:06:45.247365+02","Faro","Portugal",NULL
1774,"Bruna Castro","BrunaCastro@portugal.com","","VISITOR","2026-04-01 22:05:37.083207+02","Lisbon","Portugal",NULL
1775,"Jéssica Pinto","JessicaPinto@tarifa.com","","LOCAL","2026-04-01 10:05:34.751374+02","Tarifa","Spain",NULL
1776,"Tatiana Cavaco","TatianaCavaco@mail.com","","LOCAL","2026-04-03 09:26:26.37359+02","Tarifa","Spain",NULL
1777,"Raquel Amaral","RaquelAmaral@mail.com","","VISITOR","2026-04-21 17:14:48.877888+02","Lagos","Portugal",NULL
1778,"Érica Machado","EricaMachado@portugal.com","","VISITOR","2026-04-21 12:13:32.95091+02","Pico","Portugal",NULL
1779,"Mónica Viegas","MonicaViegas@portugal.com","","VISITOR","2026-04-02 16:18:27.435111+02","Nazaré","Portugal",NULL
1780,"Bárbara Vicente","BarbaraVicente@portugal.com","","VISITOR","2026-04-04 13:10:12.927778+02","Nazaré","Portugal",NULL
1781,"Iara Freitas","IaraFreitas@portugal.com","","VISITOR","2026-04-01 11:29:15.107127+02","Lisbon","Portugal",NULL
1782,"Neuza Duarte","NeuzaDuarte@portugal.com","","VISITOR","2026-04-03 14:03:51.966602+02","Porto","Portugal",NULL
1783,"Soraia Tavares","SoraiaTavares@portugal.com","","VISITOR","2026-04-02 12:06:35.247365+02","Faro","Portugal",NULL
1784,"Yara Borges","YaraBorges@portugal.com","","VISITOR","2026-04-01 12:05:00.083207+02","Lisbon","Portugal",NULL
1785,"Luísa Magalhães","LuisaMagalhaes@tarifa.com","","LOCAL","2026-04-01 14:04:34.751374+02","Tarifa","Spain",NULL
1786,"Helena Ramos","HelenaRamos@mail.com","","LOCAL","2026-04-03 19:15:26.37359+02","Tarifa","Spain",NULL
1787,"Telma Figueiredo","TelmaFigueiredo@mail.com","","VISITOR","2026-04-21 17:33:48.877888+02","Lagos","Portugal",NULL
1788,"Cátia Simões","CatiaSimoes@portugal.com","","VISITOR","2026-04-21 17:44:44.95091+02","Madeira","Portugal",NULL
1789,"Isabel Nunes","IsabelNunes@portugal.com","","VISITOR","2026-04-02 14:35:27.435111+02","Nazaré","Portugal",NULL
1790,"Débora Fonseca","DeboraFonseca@portugal.com","","VISITOR","2026-04-04 23:10:52.927778+02","Nazaré","Portugal",NULL
1791,"Adriana Paiva","AdrianaPaiva@portugal.com","","VISITOR","2026-04-01 21:19:45.107127+02","Lisbon","Portugal",NULL
1792,"Elsa Brás","ElsaBras@portugal.com","","VISITOR","2026-04-03 15:22:51.966602+02","Porto","Portugal",NULL
1793,"Natália Neto","NataliaNeto@portugal.com","","VISITOR","2026-04-02 23:23:45.247365+02","Faro","Portugal",NULL
1794,"Sónia Sequeira","SoniaSequeira@portugal.com","","VISITOR","2026-04-01 20:00:37.083207+02","Lisbon","Portugal",NULL
1795,"Rosa Monteiro","RosaMonteiro@tarifa.com","","LOCAL","2026-04-01 10:00:55.751374+02","Tarifa","Spain",NULL
1796,"João Silva","JoaoSilva@mail.com","","LOCAL","2026-04-03 11:33:26.37459+02","Tarifa","Spain",NULL
1797,"Ricardo Santos","RicardoSantos@mail.com","","VISITOR","2026-04-02 17:24:48.875688+02","Lagos","Portugal",NULL
1798,"Tiago Ferreira","TiagoFerreira@portugal.com","","VISITOR","2026-04-04 14:13:32.95091+02","Pico","Portugal",NULL
1799,"Diogo Pereira","DiogoPereira@portugal.com","","VISITOR","2026-04-02 11:48:27.439111+02","Nazaré","Portugal",NULL
1800,"Pedro Oliveira","PedroOliveira@portugal.com","","VISITOR","2026-04-04 23:00:12.923778+02","Nazaré","Portugal",NULL
1801,"Francisco Costa","FranciscoCosta@portugal.com","","VISITOR","2026-04-01 21:09:15.157127+02","Lisbon","Portugal",NULL
1802,"Rui Rodrigues","RuiRodrigues@portugal.com","","VISITOR","2026-04-03 04:04:51.966602+02","Porto","Portugal",NULL
1803,"Bruno Martins","BrunoMartins@portugal.com","","VISITOR","2026-04-02 02:08:35.247365+02","Faro","Portugal",NULL
1804,"Gonçalo Fernandes","GoncaloFernandes@portugal.com","","VISITOR","2026-04-01 08:05:00.084207+02","Lisbon","Portugal",NULL
1805,"Miguel Gonçalves","MiguelGoncalves@tarifa.com","","LOCAL","2026-04-01 06:54:34.751374+02","Tarifa","Spain",NULL
1806,"Paulo Gomes","PauloGomes@mail.com","","LOCAL","2026-04-03 09:01:26.37359+02","Tarifa","Spain",NULL
1807,"André Lopes","AndreLopes@mail.com","","VISITOR","2026-04-21 07:54:48.877488+02","Lagos","Portugal",NULL
1808,"Nuno Marques","Nuno Marques@portugal.com","","VISITOR","2026-04-21 22:44:44.09091+02","Madeira","Portugal",NULL
1809,"Luís Soares","LuisSoaress@portugal.com","","VISITOR","2026-04-02 15:35:27.435111+02","Nazaré","Portugal",NULL
1810,"Marco Almeida","MarcoAlmeida@portugal.com","","VISITOR","2026-04-04 21:55:52.927778+02","Nazaré","Portugal",NULL
1811,"Hugo Ribeiro","HugoRibeiro@portugal.com","","VISITOR","2026-04-01 17:55:45.107127+02","Lisbon","Portugal",NULL
1812,"Fábio Alves","FabioAlves@portugal.com","","VISITOR","2026-04-03 15:44:51.966602+02","Porto","Portugal",NULL
1813,"Rafael Carvalho","RafaelCarvalho@portugal.com","","VISITOR","2026-04-02 22:55:45.255365+02","Faro","Portugal",NULL
1814,"Daniel Teixeira","DanielTeixeira@portugal.com","","VISITOR","2026-04-01 20:42:00.083207+02","Lisbon","Portugal",NULL
1815,"Théo Bonnet","TheoBonnet@tarifa.com","","LOCAL","2026-04-01 10:55:55.751374+02","Tarifa","Spain",NULL
1816,"Loïc Martinez","LoicMartinez@tarifa.com","","LOCAL","2026-04-01 09:03:55.752174+02","Tarifa","Spain",NULL
1817,"Alexis Francois","AlexisFrancois@tarifa.com","","LOCAL","2026-04-01 14:44:55.754274+02","Tarifa","Spain",NULL
1818,"Nelson Moreira","NelsonMoreira@tarifa.com","","LOCAL","2026-04-01 12:32:55.783374+02","Tarifa","Spain",NULL
1819,"Corinne Zimmermann","CorinneZimmermann@mail.com","","LOCAL","2026-04-03 11:33:26.37459+02","Tarifa","Spain",NULL
1820,"Alice Gasser","AliceGasser@mail.com","","VISITOR","2026-04-05 17:24:48.875688+02","Zermatt","Switzerland",NULL
1821,"Leyla Yıldız","LeylaYıldız@swiss.com","","VISITOR","2026-04-04 14:23:32.95091+02","Luzern","Switzerland",NULL
1822,"Fabienne Schmid","FabienneSchmid@swissl.com","","VISITOR","2026-04-02 21:48:27.439111+02","Lausanne","Switzerland",NULL
1823,"Amélie Martin","AmelieMartin@swiss.com","","VISITOR","2026-04-04 23:00:42.923778+02","Lausanne","Switzerland",NULL
1824,"Flavia Galli","FlaviaGalli@swiss.com","","VISITOR","2026-04-01 21:09:15.157127+02","Basel","Switzerland",NULL
1825,"Tamara Baumann","TamaraBaumann@swiss.com","","VISITOR","2026-04-05 14:04:51.966602+02","Zurich","Switzerland",NULL
1826,"Joëlle Widmer","JoelleWidmer@swiss.com","","VISITOR","2026-04-02 09:08:35.247365+02","Locarno","Switzerland",NULL
1827,"Marta Oliveira","MartaOliveira@swiss.com","","VISITOR","2026-04-01 07:25:00.084207+02","Basel","Switzerland",NULL
1828,"Selina Lüthi","SelinaLuthi@tarifa.com","","LOCAL","2026-04-01 16:54:34.751374+02","Tarifa","Spain",NULL
1829,"Sandra Kaufmann","SandraKaufmann@mail.com","","LOCAL","2026-04-03 19:31:26.37359+02","Tarifa","Spain",NULL
1830,"Eva Vogt","EvaVogt@mail.com","","VISITOR","2026-04-21 07:44:46.877488+02","Zermatt","Switzerland",NULL
1831,"Thomas Müller","ThomasMuller@swiss.com","","VISITOR","2026-04-05 20:42:41.09091+02","Bern","Switzerland",NULL
1832,"Luca Meier","LucaMeier@swiss.com","","VISITOR","2026-04-02 13:31:27.435111+02","Lausanne","Switzerland",NULL
1833,"Marco Schmid","MarcoSchmid@swiss.com","","VISITOR","2026-04-04 23:59:52.927778+02","Lausanne","Switzerland",NULL
1834,"David Keller","DavidKeller@swiss.com","","VISITOR","2026-04-01 12:45:42.107127+02","Basel","Switzerland",NULL
1835,"Alessandro Ferrari","AlessandroFerrari@swiss.com","","VISITOR","2026-04-03 10:24:51.966602+02","Zurich","Switzerland",NULL
1836,"Julien Robert","JulienRobert@swiss.com","","VISITOR","2026-04-05 07:35:45.255365+02","Locarno","Switzerland",NULL
1837,"Simon Weber","SimonWeber@swiss.com","","VISITOR","2026-04-01 22:12:00.083207+02","Basel","Switzerland",NULL
1838,"Christian Egger","ChristianEgger@swiss.com","","VISITOR","2026-04-01 07:25:45.107127+02","Basel","Switzerland",NULL
1839,"Dragan Stanković","DraganStankovic@swiss.com","","VISITOR","2026-04-03 11:24:51.966602+02","Zurich","Switzerland",NULL
1840,"Samuel Brunner","SamuelBrunner@swiss.com","","VISITOR","2026-04-02 20:15:45.255365+02","Locarno","Switzerland",NULL
1841,"Nicolas Baumann","NicolasBaumann@swiss.com","","VISITOR","2026-04-01 18:42:00.083207+02","Basel","Switzerland",NULL
1842,"Kevin Huber","KevinHuber@tarifa.com","","VISITOR","2026-04-01 17:32:11.751374+02","Bern","Switzerland",NULL
1843,"Daniel Fischer","DanielFischer@tarifa.com","","LOCAL","2026-04-01 19:42:21.752174+02","Tarifa","Spain",NULL
1844,"Matteo Bernasconi","MatteoBernasconi@tarifa.com","","LOCAL","2026-04-01 08:17:51.754274+02","Tarifa","Spain",NULL
1845,"Edin Hasanović","EdinHasanovic@tarifa.com","","LOCAL","2026-04-01 08:39:29.783374+02","Tarifa","Spain",NULL
1846,"Katharina Wagner","katharina.wagner@example.at","+43 664 1234567","VISITOR","2026-04-05 21:05:35.165792+02","Vienna","Austria",NULL
1847,"Julia Müller","j.mueller@testmail.at","+43 676 2345678","VISITOR","2026-04-05 21:05:35.165792+02","Graz","Austria",NULL
1848,"Lisa Pichler","lisa.pichler@pichler.at","+43 650 3456789","VISITOR","2026-04-05 21:05:35.165792+02","Linz","Austria",NULL
1849,"Melanie Steiner","m.steiner@example.at","+43 660 4567890","VISITOR","2026-04-05 21:05:35.165792+02","Salzburg","Austria",NULL
1850,"Laura Moser","laura.moser@moser.at","+43 699 5678901","VISITOR","2026-04-05 21:05:35.165792+02","Innsbruck","Austria",NULL
1851,"Nicole Hofer","n.hofer@test.at","+43 664 6789012","VISITOR","2026-04-05 21:05:35.165792+02","Klagenfurt","Austria",NULL
1852,"Elena Berger","elena.berger@berger.at","+43 676 7890123","VISITOR","2026-04-05 21:05:35.165792+02","Villach","Austria",NULL
1853,"Jasmin Fischer","j.fischer@fischer.at","+43 650 8901234","VISITOR","2026-04-05 21:05:35.165792+02","Wels","Austria",NULL
1854,"Verena Schmid","verena.schmid@example.at","+43 660 9012345","VISITOR","2026-04-05 21:05:35.165792+02","Sankt Pölten","Austria",NULL
1855,"Sabrina Weber","s.weber@weber-logic.at","+43 699 0123456","VISITOR","2026-04-05 21:05:35.165792+02","Dornbirn","Austria",NULL
1856,"Sophie Reiter","sophie.reiter@reiter.at","+43 664 1112233","VISITOR","2026-04-05 21:05:35.165792+02","Wiener Neustadt","Austria",NULL
1857,"Hannah Winkler","h.winkler@winkler.at","+43 676 2223344","VISITOR","2026-04-05 21:05:35.165792+02","Steyr","Austria",NULL
1858,"Marlene Wallner","marlene.wallner@wallner.at","+43 650 3334455","VISITOR","2026-04-05 21:05:35.165792+02","Feldkirch","Austria",NULL
1859,"Viktoria Auer","v.auer@auer.at","+43 660 4445566","VISITOR","2026-04-05 21:05:35.165792+02","Bregenz","Austria",NULL
1860,"Kerstin Mayr","kerstin.mayr@mayr.at","+43 699 5556677","VISITOR","2026-04-05 21:05:35.165792+02","Wolfsberg","Austria",NULL
1861,"Emina Hadžić","emina.hadzic@hadzic.at","+43 664 6667788","VISITOR","2026-04-05 21:05:35.165792+02","Baden","Austria",NULL
1862,"Maria Nowak","m.nowak@nowak.at","+43 676 7778899","VISITOR","2026-04-05 21:05:35.165792+02","Leoben","Austria",NULL
1863,"Fatma Yıldız","fatma.yildiz@yildiz.at","+43 650 8889900","VISITOR","2026-04-05 21:05:35.165792+02","Klosterneuburg","Austria",NULL
1864,"Jelena Stojković","j.stojkovic@stojkovic.at","+43 660 9990011","VISITOR","2026-04-05 21:05:35.165792+02","Traun","Austria",NULL
1865,"Anja Kaufmann","anja.kaufmann@kaufmann.at","+43 699 1113333","VISITOR","2026-04-05 21:05:35.165792+02","Krems","Austria",NULL
1866,"Theresa Egger","t.egger@egger.at","+43 664 2224444","VISITOR","2026-04-05 21:05:35.165792+02","Leonding","Austria",NULL
1867,"Valentina Leitner","v.leitner@leitner.at","+43 676 3335555","VISITOR","2026-04-05 21:05:35.165792+02","Amstetten","Austria",NULL
1868,"Magdalena Ebner","m.ebner@ebner.at","+43 650 4446666","VISITOR","2026-04-05 21:05:35.165792+02","Kapfenberg","Austria",NULL
1869,"Miriam Weiss","miriam.weiss@weiss.at","+43 660 5557777","VISITOR","2026-04-05 21:05:35.165792+02","Lustenau","Austria",NULL
1870,"Elif Demir","e.demir@demir.at","+43 699 6668888","VISITOR","2026-04-05 21:05:35.165792+02","Mödling","Austria",NULL
1871,"Sandra Brunner","sandra.brunner@brunner.at","+43 664 7779999","VISITOR","2026-04-05 21:05:35.165792+02","Hallein","Austria",NULL
1872,"Clara Schwarz","c.schwarz@schwarz.at","+43 676 8880000","VISITOR","2026-04-05 21:05:35.165792+02","Kufstein","Austria",NULL
1873,"Ivana Horvat","ivana.horvat@horvat.at","+43 650 9991111","VISITOR","2026-04-05 21:05:35.165792+02","Traiskirchen","Austria",NULL
1874,"Tamara Wolf","tamara.wolf@wolf.at","+43 660 1112222","VISITOR","2026-04-05 21:05:35.165792+02","Schwechat","Austria",NULL
1875,"Leyla Kurt","l.kurt@kurt.at","+43 699 2223333","VISITOR","2026-04-05 21:05:35.165792+02","Braunau am Inn","Austria",NULL
1876,"Petra Baumgartner","p.baumgartner@baumgartner.at","+43 664 3334444","VISITOR","2026-04-05 21:05:35.165792+02","Ansfelden","Austria",NULL
1877,"Amra Suljić","amra.suljic@suljic.at","+43 676 4445555","VISITOR","2026-04-05 21:05:35.165792+02","Saalfelden","Austria",NULL
1878,"Leonie Winkler","l.winkler@winkler-tech.at","+43 650 5556666","VISITOR","2026-04-05 21:05:35.165792+02","Achenkirch","Austria",NULL
1879,"Lukas Gruber","lukas.gruber@gruber.at","+43 660 6667777","VISITOR","2026-04-05 21:05:35.165792+02","Tulln","Austria",NULL
1880,"Thomas Huber","t.huber@huber.at","+43 699 7778888","VISITOR","2026-04-05 21:05:35.165792+02","Hohenems","Austria",NULL
1881,"David Wagner","david.wagner@wagner.at","+43 664 8889999","VISITOR","2026-04-05 21:05:35.165792+02","Spittal an der Drau","Austria",NULL
1882,"Michael Müller","m.mueller@mueller.at","+43 676 9990000","VISITOR","2026-04-05 21:05:35.165792+02","Telfs","Austria",NULL
1883,"Stefan Pichler","stefan.pichler@pichler.at","+43 650 1114444","VISITOR","2026-04-05 21:05:35.165792+02","Ternitz","Austria",NULL
1884,"Alexander Steiner","a.steiner@steiner.at","+43 660 2225555","VISITOR","2026-04-05 21:05:35.165792+02","Perchtoldsdorf","Austria",NULL
1885,"Daniel Moser","d.moser@moser.at","+43 699 3336666","VISITOR","2026-04-05 21:05:35.165792+02","Feldkirchen in Kärnten","Austria",NULL
1886,"Andreas Hofer","a.hofer@hofer.at","+43 664 4447777","VISITOR","2026-04-05 21:05:35.165792+02","Bludenz","Austria",NULL
1887,"Christian Berger","c.berger@berger.at","+43 676 5558888","VISITOR","2026-04-05 21:05:35.165792+02","Bad Ischl","Austria",NULL
1888,"Philipp Fischer","p.fischer@fischer.at","+43 650 6669999","VISITOR","2026-04-05 21:05:35.165792+02","Eisenstadt","Austria",NULL
1889,"Edin Muratović","e.muratovic@muratovic.at","+43 660 7770000","VISITOR","2026-04-05 21:05:35.165792+02","Gmunden","Austria",NULL
1890,"Sebastian Schmid","s.schmid@schmid.at","+43 699 8881111","VISITOR","2026-04-05 21:05:35.165792+02","Schwaz","Austria",NULL
1891,"Marko Jurić","marko.juric@juric.at","+43 664 9992222","VISITOR","2026-04-05 21:05:35.165792+02","Achenkirch","Austria",NULL
1892,"Mehmet Kaya","m.kaya@kaya.at","+43 676 1113333","VISITOR","2026-04-05 21:05:35.165792+02","Lienz","Austria",NULL
1893,"Florian Weber","f.weber@weber.at","+43 650 2224444","VISITOR","2026-04-05 21:05:35.165792+02","Wörgl","Austria",NULL
1894,"Jana Nováková","jana.novakova@example.cz","+420721000001","VISITOR","2026-04-06 20:08:36.945413+02","Prague","Czech Republic",NULL
1895,"Petra Svobodová","petra.svobodova@example.cz","+420721000002","VISITOR","2026-04-06 20:08:36.945413+02","Brno","Czech Republic",NULL
1896,"Lucie Novotná","lucie.novotna@example.cz","+420721000003","VISITOR","2026-04-06 20:08:36.945413+02","Ostrava","Czech Republic",NULL
1897,"Kateřina Dvořáková","katerina.dvorakova@example.cz","+420721000004","VISITOR","2026-04-06 20:08:36.945413+02","Plzeň","Czech Republic",NULL
1898,"Lenka Černá","lenka.cerna@example.cz","+420721000005","VISITOR","2026-04-06 20:08:36.945413+02","Liberec","Czech Republic",NULL
1899,"Veronika Procházková","veronika.prochazkova@example.cz","+420721000006","VISITOR","2026-04-06 20:08:36.945413+02","Prague","Czech Republic",NULL
1900,"Michaela Kučerová","michaela.kucerova@example.cz","+420721000007","VISITOR","2026-04-06 20:08:36.945413+02","Brno","Czech Republic",NULL
1901,"Tereza Veselá","tereza.vesela@example.cz","+420721000008","VISITOR","2026-04-06 20:08:36.945413+02","Ostrava","Czech Republic",NULL
1902,"Martina Horáková","martina.horakova@example.cz","+420721000009","VISITOR","2026-04-06 20:08:36.945413+02","Plzeň","Czech Republic",NULL
1903,"Adéla Němcová","adela.nemcova@example.cz","+420721000010","VISITOR","2026-04-06 20:08:36.945413+02","Liberec","Czech Republic",NULL
1904,"Markéta Marková","marketa.markova@example.cz","+420721000011","VISITOR","2026-04-06 20:08:36.945413+02","Prague","Czech Republic",NULL
1905,"Hana Pokorná","hana.pokorna@example.cz","+420721000012","VISITOR","2026-04-06 20:08:36.945413+02","Brno","Czech Republic",NULL
1906,"Kristýna Pospíšilová","kristyna.pospisilova@example.cz","+420721000013","LOCALE","2026-04-06 20:08:36.945413+02","Tarifa","Spain",NULL
1907,"Barbora Háková","barbora.hakova@example.cz","+420721000014","LOCALE","2026-04-06 20:08:36.945413+02","Tarifa","Spain",NULL
1908,"Eliška Králová","eliska.kralova@example.cz","+420721000015","VISITOR","2026-04-06 20:08:36.945413+02","Liberec","Czech Republic",NULL
1909,"Anna Jelínková","anna.jelinkova@example.cz","+420721000016","VISITOR","2026-04-06 20:08:36.945413+02","Prague","Czech Republic",NULL
1910,"Monika Benešová","monika.benesova@example.cz","+420721000017","VISITOR","2026-04-06 20:08:36.945413+02","Brno","Czech Republic",NULL
1911,"Eva Fialová","eva.fialova@example.cz","+420721000018","VISITOR","2026-04-06 20:08:36.945413+02","Ostrava","Czech Republic",NULL
1912,"Zuzana Sedláčková","zuzana.sedlackova@example.cz","+420721000019","VISITOR","2026-04-06 20:08:36.945413+02","Plzeň","Czech Republic",NULL
1913,"Karolina Doležalová","karolina.dolezalova@example.cz","+420721000020","VISITOR","2026-04-06 20:08:36.945413+02","Liberec","Czech Republic",NULL
1914,"Nikola Zemanová","nikola.zemanova@example.cz","+420721000021","VISITOR","2026-04-06 20:08:36.945413+02","Prague","Czech Republic",NULL
1915,"Denisa Kolářová","denisa.kolarova@example.cz","+420721000022","VISITOR","2026-04-06 20:08:36.945413+02","Brno","Czech Republic",NULL
1916,"Pavla Krejčí","pavla.krejci@example.cz","+420721000023","VISITOR","2026-04-06 20:08:36.945413+02","Ostrava","Czech Republic",NULL
1917,"Ivana Navrátilová","ivana.navratilova@example.cz","+420721000024","VISITOR","2026-04-06 20:08:36.945413+02","Plzeň","Czech Republic",NULL
1918,"Simona Čermáková","simona.cermakova@example.cz","+420721000025","VISITOR","2026-04-06 20:08:36.945413+02","Liberec","Czech Republic",NULL
1919,"Alena Valentová","alena.valentova@example.cz","+420721000026","VISITOR","2026-04-06 20:08:36.945413+02","Prague","Czech Republic",NULL
1920,"Dagmar Blažková","dagmar.blazkova@example.cz","+420721000027","VISITOR","2026-04-06 20:08:36.945413+02","Brno","Czech Republic",NULL
1921,"Jitka Matoušková","jitka.matouskova@example.cz","+420721000028","VISITOR","2026-04-06 20:08:36.945413+02","Ostrava","Czech Republic",NULL
1922,"Gabriela Kopecká","gabriela.kopecka@example.cz","+420721000029","LOCALE","2026-04-06 20:08:36.945413+02","Tarifa","Spain",NULL
1923,"Natálie Musilová","natalie.musilova@example.cz","+420721000030","LOCALE","2026-04-06 20:08:36.945413+02","Tarifa","Spain",NULL
1924,"Aneta Šimková","aneta.simkova@example.cz","+420721000031","LOCALE","2026-04-06 20:08:36.945413+02","Tarifa","Spain",NULL
1925,"Andrea Kadlecová","andrea.kadlecova@example.cz","+420721000032","LOCALE","2026-04-06 20:08:36.945413+02","Tarifa","Spain",NULL
1926,"Šárka Dostálová","sarka.dostalova@example.cz","+420721000033","VISITOR","2026-04-06 20:08:36.945413+02","Ostrava","Czech Republic",NULL
1927,"Ludmila Soukupová","ludmila.soukupova@example.cz","+420721000034","VISITOR","2026-04-06 20:08:36.945413+02","Plzeň","Czech Republic",NULL
1928,"Romana Štěpánková","romana.stepankova@example.cz","+420721000035","VISITOR","2026-04-06 20:08:36.945413+02","Liberec","Czech Republic",NULL
1929,"Klára Marešová","klara.maresova@example.cz","+420721000036","VISITOR","2026-04-06 20:08:36.945413+02","Prague","Czech Republic",NULL
1930,"Jolana Pavlíková","jolana.pavlikova@example.cz","+420721000037","VISITOR","2026-04-06 20:08:36.945413+02","Brno","Czech Republic",NULL
1931,"Vendula Havlíčková","vendula.havlickova@example.cz","+420721000038","VISITOR","2026-04-06 20:08:36.945413+02","Ostrava","Czech Republic",NULL
1932,"Linda Hrušková","linda.hruskova@example.cz","+420721000039","VISITOR","2026-04-06 20:08:36.945413+02","Plzeň","Czech Republic",NULL
1933,"Dominika Svatošová","dominika.svatosova@example.cz","+420721000040","VISITOR","2026-04-06 20:08:36.945413+02","Liberec","Czech Republic",NULL
1934,"Viktorie Křížová","viktorie.krizova@example.cz","+420721000041","VISITOR","2026-04-06 20:08:36.945413+02","Prague","Czech Republic",NULL
1935,"Sára Bartošová","sara.bartosova@example.cz","+420721000042","VISITOR","2026-04-06 20:08:36.945413+02","Brno","Czech Republic",NULL
1936,"Anežka Vlčková","anezka.vlckova@example.cz","+420721000043","VISITOR","2026-04-06 20:08:36.945413+02","Ostrava","Czech Republic",NULL
1937,"Sabina Poláková","sabina.polakova@example.cz","+420721000044","VISITOR","2026-04-06 20:08:36.945413+02","Plzeň","Czech Republic",NULL
1938,"Nela Konečná","nela.konecna@example.cz","+420721000045","VISITOR","2026-04-06 20:08:36.945413+02","Liberec","Czech Republic",NULL
1939,"Julie Malá","julie.mala@example.cz","+420721000046","VISITOR","2026-04-06 20:08:36.945413+02","Prague","Czech Republic",NULL
1940,"Alice Holubová","alice.holubova@example.cz","+420721000047","VISITOR","2026-04-06 20:08:36.945413+02","Brno","Czech Republic",NULL
1941,"Adriana Štěpánová","adriana.stepanova@example.cz","+420721000048","VISITOR","2026-04-06 20:08:36.945413+02","Ostrava","Czech Republic",NULL
1942,"Beata Říhová","beata.rihova@example.cz","+420721000049","VISITOR","2026-04-06 20:08:36.945413+02","Plzeň","Czech Republic",NULL
1943,"Elena Tichá","elena.ticha@example.cz","+420721000050","VISITOR","2026-04-06 20:08:36.945413+02","Liberec","Czech Republic",NULL
1944,"Diana Vávrová","diana.vavrova@example.cz","+420721000051","VISITOR","2026-04-06 20:08:36.945413+02","Prague","Czech Republic",NULL
1945,"Mariana Bednářová","mariana.bednarova@example.cz","+420721000052","VISITOR","2026-04-06 20:08:36.945413+02","Brno","Czech Republic",NULL
1946,"Olena Shevchenko","olena.shevchenko@example.cz","+420721000053","VISITOR","2026-04-06 20:08:36.945413+02","Ostrava","Czech Republic",NULL
1947,"Mariya Horvat","mariya.horvat@example.cz","+420721000054","VISITOR","2026-04-06 20:08:36.945413+02","Plzeň","Czech Republic",NULL
1948,"Sofia Nguyen","sofia.nguyen@example.cz","+420721000055","VISITOR","2026-04-06 20:08:36.945413+02","Liberec","Czech Republic",NULL
1949,"Kamila Urbanová","kamila.urbanova@example.cz","+420721000056","VISITOR","2026-04-06 20:08:36.945413+02","Prague","Czech Republic",NULL
1950,"Dana Vaněčková","dana.vaneckova@example.cz","+420721000057","VISITOR","2026-04-06 20:08:36.945413+02","Brno","Czech Republic",NULL
1951,"Iveta Kuchařová","iveta.kucharova@example.cz","+420721000058","VISITOR","2026-04-06 20:08:36.945413+02","Ostrava","Czech Republic",NULL
1952,"Radka Pešková","radka.peskova@example.cz","+420721000059","VISITOR","2026-04-06 20:08:36.945413+02","Plzeň","Czech Republic",NULL
1953,"Blanka Švecová","blanka.svecova@example.cz","+420721000060","VISITOR","2026-04-06 20:08:36.945413+02","Liberec","Czech Republic",NULL
1954,"Věra Matějková","vera.matejkova@example.cz","+420721000061","VISITOR","2026-04-06 20:08:36.945413+02","Prague","Czech Republic",NULL
1955,"Marcela Jandyová","marcela.jandyova@example.cz","+420721000062","VISITOR","2026-04-06 20:08:36.945413+02","Brno","Czech Republic",NULL
1956,"Renata Burešová","renata.buresova@example.cz","+420721000063","VISITOR","2026-04-06 20:08:36.945413+02","Ostrava","Czech Republic",NULL
1957,"Darina Řezníčková","darina.reznickova@example.cz","+420721000064","VISITOR","2026-04-06 20:08:36.945413+02","Plzeň","Czech Republic",NULL
1958,"Miriam Ševčíková","miriam.sevcikova@example.cz","+420721000065","VISITOR","2026-04-06 20:08:36.945413+02","Liberec","Czech Republic",NULL
1959,"Nikol Tomášková","nikol.tomaskova@example.cz","+420721000066","VISITOR","2026-04-06 20:08:36.945413+02","Prague","Czech Republic",NULL
1960,"Leona Kratochvílová","leona.kratochvilova@example.cz","+420721000067","VISITOR","2026-04-06 20:08:36.945413+02","Brno","Czech Republic",NULL
1961,"Ester Loučková","ester.louckova@example.cz","+420721000068","VISITOR","2026-04-06 20:08:36.945413+02","Ostrava","Czech Republic",NULL
1962,"Rozálie Strnadová","rozalie.strnadova@example.cz","+420721000069","VISITOR","2026-04-06 20:08:36.945413+02","Plzeň","Czech Republic",NULL
1963,"Žaneta Havlová","zaneta.havlova@example.cz","+420721000070","VISITOR","2026-04-06 20:08:36.945413+02","Liberec","Czech Republic",NULL
1964,"Jan Novák","jan.novak@example.cz","+420721000071","VISITOR","2026-04-06 20:08:36.945413+02","Prague","Czech Republic",NULL
1965,"Petr Svoboda","petr.svoboda@example.cz","+420721000072","VISITOR","2026-04-06 20:08:36.945413+02","Brno","Czech Republic",NULL
1966,"Jiří Novotný","jiri.novotny@example.cz","+420721000073","VISITOR","2026-04-06 20:08:36.945413+02","Ostrava","Czech Republic",NULL
1967,"Martin Dvořák","martin.dvorak@example.cz","+420721000074","VISITOR","2026-04-06 20:08:36.945413+02","Plzeň","Czech Republic",NULL
1968,"Tomáš Černý","tomas.cerny@example.cz","+420721000075","VISITOR","2026-04-06 20:08:36.945413+02","Liberec","Czech Republic",NULL
1969,"Pavel Procházka","pavel.prochazka@example.cz","+420721000076","VISITOR","2026-04-06 20:08:36.945413+02","Prague","Czech Republic",NULL
1970,"Jaroslav Kučera","jaroslav.kucera@example.cz","+420721000077","VISITOR","2026-04-06 20:08:36.945413+02","Brno","Czech Republic",NULL
1971,"Michal Veselý","michal.vesely@example.cz","+420721000078","VISITOR","2026-04-06 20:08:36.945413+02","Ostrava","Czech Republic",NULL
1972,"František Horák","frantisek.horak@example.cz","+420721000079","VISITOR","2026-04-06 20:08:36.945413+02","Plzeň","Czech Republic",NULL
1973,"Lukáš Němec","lukas.nemec@example.cz","+420721000080","VISITOR","2026-04-06 20:08:36.945413+02","Liberec","Czech Republic",NULL
1974,"Jakub Marek","jakub.marek@example.cz","+420721000081","VISITOR","2026-04-06 20:08:36.945413+02","Prague","Czech Republic",NULL
1975,"Marek Pospíšil","marek.pospisil@example.cz","+420721000082","VISITOR","2026-04-06 20:08:36.945413+02","Brno","Czech Republic",NULL
1976,"David Pokorný","david.pokorny@example.cz","+420721000083","VISITOR","2026-04-06 20:08:36.945413+02","Ostrava","Czech Republic",NULL
1977,"Adam Hájek","adam.hajek@example.cz","+420721000084","VISITOR","2026-04-06 20:08:36.945413+02","Plzeň","Czech Republic",NULL
1978,"Filip Král","filip.kral@example.cz","+420721000085","VISITOR","2026-04-06 20:08:36.945413+02","Liberec","Czech Republic",NULL
1979,"Matěj Jelínek","matej.jelinek@example.cz","+420721000086","VISITOR","2026-04-06 20:08:36.945413+02","Prague","Czech Republic",NULL
1980,"Ondřej Beneš","ondrej.benes@example.cz","+420721000087","VISITOR","2026-04-06 20:08:36.945413+02","Brno","Czech Republic",NULL
1981,"Daniel Fiala","daniel.fiala@example.cz","+420721000088","VISITOR","2026-04-06 20:08:36.945413+02","Ostrava","Czech Republic",NULL
1982,"Josef Sedláček","josef.sedlacek@example.cz","+420721000089","VISITOR","2026-04-06 20:08:36.945413+02","Plzeň","Czech Republic",NULL
1983,"Václav Doležal","vaclav.dolezal@example.cz","+420721000090","VISITOR","2026-04-06 20:08:36.945413+02","Liberec","Czech Republic",NULL
1984,"Patrik Zeman","patrik.zeman@example.cz","+420721000091","VISITOR","2026-04-06 20:08:36.945413+02","Prague","Czech Republic",NULL
1985,"Kryštof Kolář","krystof.kolar@example.cz","+420721000092","VISITOR","2026-04-06 20:08:36.945413+02","Brno","Czech Republic",NULL
1986,"Matyáš Krejčí","matyas.krejci@example.cz","+420721000093","LOCALE","2026-04-06 20:08:36.945413+02","Tarifa","Spain",NULL
1987,"Aleš Navrátil","ales.navratil@example.cz","+420721000094","LOCALE","2026-04-06 20:08:36.945413+02","Tarifa","Spain",NULL
1988,"Robert Čermák","robert.cermak@example.cz","+420721000095","VISITOR","2026-04-06 20:08:36.945413+02","Liberec","Czech Republic",NULL
1989,"Roman Valenta","roman.valenta@example.cz","+420721000096","LOCALE","2026-04-06 20:08:36.945413+02","Tarifa","Spain",NULL
1990,"Dominik Blažek","dominik.blazek@example.cz","+420721000097","VISITOR","2026-04-06 20:08:36.945413+02","Brno","Czech Republic",NULL
1991,"Ivan Shevchenko","ivan.shevchenko@example.cz","+420721000098","VISITOR","2026-04-06 20:08:36.945413+02","Ostrava","Czech Republic",NULL
1992,"Richard Kopecký","richard.kopecky@example.cz","+420721000099","VISITOR","2026-04-06 20:08:36.945413+02","Plzeň","Czech Republic",NULL
1993,"Tuan Nguyen","tuan.nguyen@example.cz","+420721000100","VISITOR","2026-04-06 20:08:36.945413+02","Liberec","Czech Republic",NULL
1994,"Joanna Zielińska","joanna.zielinska@example.pl","+48600100207","VISITOR","2026-04-06 20:31:20.64126+02","Warsaw","Poland",NULL
1995,"Monika Szymańska","monika.szymanska@example.pl","+48600100208","VISITOR","2026-04-06 20:31:20.64126+02","Kraków","Poland",NULL
1996,"Aleksandra Woźniak","aleksandra.wozniak@example.pl","+48600100209","VISITOR","2026-04-06 20:31:20.64126+02","Wrocław","Poland",NULL
1997,"Natalia Kozłowska","natalia.kozlowska@example.pl","+48600100210","VISITOR","2026-04-06 20:31:20.64126+02","Gdańsk","Poland",NULL
1998,"Marta Jankowska","marta.jankowska@example.pl","+48600100211","VISITOR","2026-04-06 20:31:20.64126+02","Poznań","Poland",NULL
1999,"Karolina Mazur","karolina.mazur@example.pl","+48600100212","VISITOR","2026-04-06 20:31:20.64126+02","Warsaw","Poland",NULL
2000,"Paulina Kwiatkowska","paulina.kwiatkowska@example.pl","+48600100213","VISITOR","2026-04-06 20:31:20.64126+02","Kraków","Poland",NULL
2001,"Kinga Krawczyk","kinga.krawczyk@example.pl","+48600100214","VISITOR","2026-04-06 20:31:20.64126+02","Wrocław","Poland",NULL
2002,"Patrycja Kaczmarek","patrycja.kaczmarek@example.pl","+48600100215","VISITOR","2026-04-06 20:31:20.64126+02","Gdańsk","Poland",NULL
2003,"Klaudia Piotrowska","klaudia.piotrowska@example.pl","+48600100216","VISITOR","2026-04-06 20:31:20.64126+02","Poznań","Poland",NULL
2004,"Julia Grabowska","julia.grabowska@example.pl","+48600100217","VISITOR","2026-04-06 20:31:20.64126+02","Warsaw","Poland",NULL
2005,"Zuzanna Pawłowska","zuzanna.pawlowska@example.pl","+48600100218","VISITOR","2026-04-06 20:31:20.64126+02","Kraków","Poland",NULL
2006,"Maja Michalska","maja.michalska@example.pl","+48600100219","LOCALE","2026-04-06 20:31:20.64126+02","Tarifa","Spain",NULL
2007,"Wiktoria Król","wiktoria.krol@example.pl","+48600100220","LOCALE","2026-04-06 20:31:20.64126+02","Tarifa","Spain",NULL
2008,"Oliwia Nowicka","oliwia.nowicka@example.pl","+48600100221","VISITOR","2026-04-06 20:31:20.64126+02","Poznań","Poland",NULL
2009,"Olena Bondarenko","olena.bondarenko@example.pl","+48600100222","VISITOR","2026-04-06 20:31:20.64126+02","Warsaw","Poland",NULL
2010,"Mariya Shevchenko","mariya.shevchenko@example.pl","+48600100223","VISITOR","2026-04-06 20:31:20.64126+02","Kraków","Poland",NULL
2011,"Aneta Adamczyk","aneta.adamczyk@example.pl","+48600100224","VISITOR","2026-04-06 20:31:20.64126+02","Wrocław","Poland",NULL
2012,"Beata Dudek","beata.dudek@example.pl","+48600100225","VISITOR","2026-04-06 20:31:20.64126+02","Gdańsk","Poland",NULL
2013,"Jan Nowak","jan.nowak@example.pl","+48600100226","VISITOR","2026-04-06 20:31:20.64126+02","Poznań","Poland",NULL
2014,"Andrzej Kowalski","andrzej.kowalski@example.pl","+48600100227","VISITOR","2026-04-06 20:31:20.64126+02","Warsaw","Poland",NULL
2015,"Piotr Wiśniewski","piotr.wisniewski@example.pl","+48600100228","VISITOR","2026-04-06 20:31:20.64126+02","Kraków","Poland",NULL
2016,"Krzysztof Wójcik","krzysztof.wojcik@example.pl","+48600100229","VISITOR","2026-04-06 20:31:20.64126+02","Wrocław","Poland",NULL
2017,"Tomasz Kowalczyk","tomasz.kowalczyk@example.pl","+48600100230","VISITOR","2026-04-06 20:31:20.64126+02","Gdańsk","Poland",NULL
2018,"Paweł Kamiński","pawel.kaminski@example.pl","+48600100231","VISITOR","2026-04-06 20:31:20.64126+02","Poznań","Poland",NULL
2019,"Marcin Zieliński","marcin.zielinski@example.pl","+48600100232","VISITOR","2026-04-06 20:31:20.64126+02","Warsaw","Poland",NULL
2020,"Michał Szymański","michal.szymanski@example.pl","+48600100233","VISITOR","2026-04-06 20:31:20.64126+02","Kraków","Poland",NULL
2021,"Jakub Woźniak","jakub.wozniak@example.pl","+48600100234","VISITOR","2026-04-06 20:31:20.64126+02","Wrocław","Poland",NULL
2022,"Adam Kozłowski","adam.kozlowski@example.pl","+48600100235","VISITOR","2026-04-06 20:31:20.64126+02","Gdańsk","Poland",NULL
2023,"Mateusz Jankowski","mateusz.jankowski@example.pl","+48600100236","LOCALE","2026-04-06 20:31:20.64126+02","Tarifa","Spain",NULL
2024,"Łukasz Mazur","lukasz.mazur@example.pl","+48600100237","VISITOR","2026-04-06 20:31:20.64126+02","Warsaw","Poland",NULL
2025,"Kamil Kwiatkowski","kamil.kwiatkowski@example.pl","+48600100238","VISITOR","2026-04-06 20:31:20.64126+02","Kraków","Poland",NULL
2026,"Oleksandr Boyko","oleksandr.boyko@example.pl","+48600100239","VISITOR","2026-04-06 20:31:20.64126+02","Wrocław","Poland",NULL
2027,"Bartosz Krawczyk","bartosz.krawczyk@example.pl","+48600100240","VISITOR","2026-04-06 20:31:20.64126+02","Gdańsk","Poland",NULL
2028,"Agata Nowak","agata.nowak@example.pl","+48600100301","VISITOR","2026-04-06 20:34:13.548704+02","Łódź","Poland",NULL
2029,"Piotr Pawlak","piotr.pawlak@example.pl","+48600100302","VISITOR","2026-04-06 20:34:13.548704+02","Szczecin","Poland",NULL
2030,"Magdalena Wójcik","magdalena.wojcik@example.pl","+48600100303","VISITOR","2026-04-06 20:34:13.548704+02","Bydgoszcz","Poland",NULL
2031,"Krzysztof Mazurek","krzysztof.mazurek@example.pl","+48600100304","VISITOR","2026-04-06 20:34:13.548704+02","Lublin","Poland",NULL
2032,"Ewa Kaczmarczyk","ewa.kaczmarczyk@example.pl","+48600100305","VISITOR","2026-04-06 20:34:13.548704+02","Białystok","Poland",NULL
2033,"Tomasz Krawczyk","tomasz.krawczyk@example.pl","+48600100306","VISITOR","2026-04-06 20:34:13.548704+02","Katowice","Poland",NULL
2034,"Anna Adamczyk","anna.adamczyk@example.pl","+48600100307","VISITOR","2026-04-06 20:34:13.548704+02","Gdynia","Poland",NULL
2035,"Michał Dudek","michal.dudek@example.pl","+48600100308","VISITOR","2026-04-06 20:34:13.548704+02","Częstochowa","Poland",NULL
2036,"Katarzyna Zając","katarzyna.zajac@example.pl","+48600100309","VISITOR","2026-04-06 20:34:13.548704+02","Radom","Poland",NULL
2037,"Andrzej Król","andrzej.krol@example.pl","+48600100310","VISITOR","2026-04-06 20:34:13.548704+02","Sosnowiec","Poland",NULL
2038,"Małgorzata Wieczorek","malgorzata.wieczorek@example.pl","+48600100311","VISITOR","2026-04-06 20:34:13.548704+02","Toruń","Poland",NULL
2039,"Paweł Wróbel","pawel.wrobel@example.pl","+48600100312","VISITOR","2026-04-06 20:34:13.548704+02","Kielce","Poland",NULL
2040,"Barbara Majewska","barbara.majewska@example.pl","+48600100313","VISITOR","2026-04-06 20:34:13.548704+02","Gliwice","Poland",NULL
2041,"Marcin Olszewski","marcin.olszewski@example.pl","+48600100314","VISITOR","2026-04-06 20:34:13.548704+02","Zabrze","Poland",NULL
2042,"Alicja Stępień","alicja.stepien@example.pl","+48600100315","VISITOR","2026-04-06 20:34:13.548704+02","Olsztyn","Poland",NULL
2043,"Jakub Jaworski","jakub.jaworski@example.pl","+48600100316","VISITOR","2026-04-06 20:34:13.548704+02","Bielsko-Biała","Poland",NULL
2044,"Dorota Malinowska","dorota.malinowska@example.pl","+48600100317","VISITOR","2026-04-06 20:34:13.548704+02","Rzeszów","Poland",NULL
2045,"Łukasz Nowicki","lukasz.nowicki@example.pl","+48600100318","VISITOR","2026-04-06 20:34:13.548704+02","Ruda Śląska","Poland",NULL
2046,"Marta Witkowska","marta.witkowska@example.pl","+48600100319","VISITOR","2026-04-06 20:34:13.548704+02","Rybnik","Poland",NULL
2047,"Rafał Walczak","rafal.walczak@example.pl","+48600100320","VISITOR","2026-04-06 20:34:13.548704+02","Tychy","Poland",NULL
2048,"Zofia Sikora","zofia.sikora@example.pl","+48600100321","VISITOR","2026-04-06 20:34:13.548704+02","Dąbrowa Górnicza","Poland",NULL
2049,"Mateusz Baran","mateusz.baran@example.pl","+48600100322","VISITOR","2026-04-06 20:34:13.548704+02","Płock","Poland",NULL
2050,"Natalia Rutkowska","natalia.rutkowska@example.pl","+48600100323","VISITOR","2026-04-06 20:34:13.548704+02","Elbląg","Poland",NULL
2051,"Grzegorz Michalski","grzegorz.michalski@example.pl","+48600100324","VISITOR","2026-04-06 20:34:13.548704+02","Gorzów Wielkopolski","Poland",NULL
2052,"Beata Ostrowska","beata.ostrowska@example.pl","+48600100325","VISITOR","2026-04-06 20:34:13.548704+02","Wałbrzych","Poland",NULL
2053,"Kamil Barczyk","kamil.barczyk@example.pl","+48600100326","VISITOR","2026-04-06 20:34:13.548704+02","Włocławek","Poland",NULL
2054,"Urszula Kowalczyk","urszula.kowalczyk@example.pl","+48600100327","VISITOR","2026-04-06 20:34:13.548704+02","Zielona Góra","Poland",NULL
2055,"Damian Tomaszewski","damian.tomaszewski@example.pl","+48600100328","VISITOR","2026-04-06 20:34:13.548704+02","Tarnów","Poland",NULL
2056,"Karolina Pietrzak","karolina.pietrzak@example.pl","+48600100329","VISITOR","2026-04-06 20:34:13.548704+02","Chorzów","Poland",NULL
2057,"Robert Marciniak","robert.marciniak@example.pl","+48600100330","VISITOR","2026-04-06 20:34:13.548704+02","Kalisz","Poland",NULL
2058,"Patrycja Jasińska","patrycja.jasinska@example.pl","+48600100331","LOCALE","2026-04-06 20:34:13.548704+02","Tarifa","Spain",NULL
2059,"Artur Zawadzki","artur.zawadzki@example.pl","+48600100332","LOCALE","2026-04-06 20:34:13.548704+02","Tarifa","Spain",NULL
2060,"Elżbieta Sadowska","elzbieta.sadowska@example.pl","+48600100333","LOCALE","2026-04-06 20:34:13.548704+02","Tarifa","Spain",NULL
2061,"Szymon Bąk","szymon.bak@example.pl","+48600100334","VISITOR","2026-04-06 20:34:13.548704+02","Słupsk","Poland",NULL
2062,"Monika Jakóbiak","monika.jakobiak@example.pl","+48600100335","LOCALE","2026-04-06 20:34:13.548704+02","Tarifa","Spain",NULL
2063,"Dominik Chmielewski","dominik.chmielewski@example.pl","+48600100336","VISITOR","2026-04-06 20:34:13.548704+02","Jastrzębie-Zdrój","Poland",NULL
2064,"Renata Borkowska","renata.borkowska@example.pl","+48600100337","VISITOR","2026-04-06 20:34:13.548704+02","Jelenia Góra","Poland",NULL
2065,"Maciej Sawicki","maciej.sawicki@example.pl","+48600100338","VISITOR","2026-04-06 20:34:13.548704+02","Nowy Sącz","Poland",NULL
2066,"Justyna Sokołowska","justyna.sokolowska@example.pl","+48600100339","VISITOR","2026-04-06 20:34:13.548704+02","Konin","Poland",NULL
2067,"Sebastian Maciejewski","sebastian.maciejewski@example.pl","+48600100340","VISITOR","2026-04-06 20:34:13.548704+02","Piotrków Trybunalski","Poland",NULL
2068,"Iwona Kucharska","iwona.kucharska@example.pl","+48600100341","VISITOR","2026-04-06 20:34:13.548704+02","Inowrocław","Poland",NULL
2069,"Filip Gajewski","filip.gajewski@example.pl","+48600100342","VISITOR","2026-04-06 20:34:13.548704+02","Mysłowice","Poland",NULL
2070,"Paulina Sikorska","paulina.sikorska@example.pl","+48600100343","VISITOR","2026-04-06 20:34:13.548704+02","Piła","Poland",NULL
2071,"Wojciech Krajewski","wojciech.krajewski@example.pl","+48600100344","VISITOR","2026-04-06 20:34:13.548704+02","Lubin","Poland",NULL
2072,"Edyta Szulc","edyta.szulc@example.pl","+48600100345","VISITOR","2026-04-06 20:34:13.548704+02","Ostrów Wielkopolski","Poland",NULL
2073,"Patryk Głowacki","patryk.glowacki@example.pl","+48600100346","VISITOR","2026-04-06 20:34:13.548704+02","Ostrowiec Świętokrzyski","Poland",NULL
2074,"Wioletta Brzezińska","wioletta.brzezinska@example.pl","+48600100347","VISITOR","2026-04-06 20:34:13.548704+02","Suwałki","Poland",NULL
2075,"Mariusz Wysocki","mariusz.wysocki@example.pl","+48600100348","VISITOR","2026-04-06 20:34:13.548704+02","Gniezno","Poland",NULL
2076,"Kinga Wasilewska","kinga.wasilewska@example.pl","+48600100349","VISITOR","2026-04-06 20:34:13.548704+02","Stargard","Poland",NULL
2077,"Daniel Kaczmarczyk","daniel.kaczmarczyk@example.pl","+48600100350","VISITOR","2026-04-06 20:34:13.548704+02","Głogów","Poland",NULL
2078,"Anne Jensen","anne.jensen@example.dk","+4520100001","VISITOR","2026-04-06 20:38:58.602682+02","Copenhagen","Denmark",NULL
2079,"Mette Nielsen","mette.nielsen@example.dk","+4520100002","VISITOR","2026-04-06 20:38:58.602682+02","Aarhus","Denmark",NULL
2080,"Camilla Hansen","camilla.hansen@example.dk","+4520100003","VISITOR","2026-04-06 20:38:58.602682+02","Odense","Denmark",NULL
2081,"Louise Pedersen","louise.pedersen@example.dk","+4520100004","VISITOR","2026-04-06 20:38:58.602682+02","Aalborg","Denmark",NULL
2082,"Maria Andersen","maria.andersen@example.dk","+4520100005","VISITOR","2026-04-06 20:38:58.602682+02","Esbjerg","Denmark",NULL
2083,"Emma Christensen","emma.christensen@example.dk","+4520100006","VISITOR","2026-04-06 20:38:58.602682+02","Randers","Denmark",NULL
2084,"Sofia Larsen","sofia.larsen@example.dk","+4520100007","VISITOR","2026-04-06 20:38:58.602682+02","Kolding","Denmark",NULL
2085,"Ida Sørensen","ida.sorensen@example.dk","+4520100008","VISITOR","2026-04-06 20:38:58.602682+02","Horsens","Denmark",NULL
2086,"Freja Rasmussen","freja.rasmussen@example.dk","+4520100009","VISITOR","2026-04-06 20:38:58.602682+02","Vejle","Denmark",NULL
2087,"Julie Jørgensen","julie.jorgensen@example.dk","+4520100010","VISITOR","2026-04-06 20:38:58.602682+02","Roskilde","Denmark",NULL
2088,"Lærke Madsen","laerke.madsen@example.dk","+4520100011","VISITOR","2026-04-06 20:38:58.602682+02","Helsingør","Denmark",NULL
2089,"Sara Kristensen","sara.kristensen@example.dk","+4520100012","VISITOR","2026-04-06 20:38:58.602682+02","Herning","Denmark",NULL
2090,"Nadia Olsen","nadia.olsen@example.dk","+4520100013","LOCALE","2026-04-06 20:38:58.602682+02","Tarifa","Spain",NULL
2091,"Yasmin Poulsen","yasmin.poulsen@example.dk","+4520100014","LOCALE","2026-04-06 20:38:58.602682+02","Tarifa","Spain",NULL
2092,"Leyla Knudsen","leyla.knudsen@example.dk","+4520100015","VISITOR","2026-04-06 20:38:58.602682+02","Næstved","Denmark",NULL
2093,"Amalie Møller","amalie.moller@example.dk","+4520100016","VISITOR","2026-04-06 20:38:58.602682+02","Fredericia","Denmark",NULL
2094,"Mathilde Johansen","mathilde.johansen@example.dk","+4520100017","VISITOR","2026-04-06 20:38:58.602682+02","Viborg","Denmark",NULL
2095,"Karoline Thomsen","karoline.thomsen@example.dk","+4520100018","VISITOR","2026-04-06 20:38:58.602682+02","Køge","Denmark",NULL
2096,"Peter Jensen","peter.jensen@example.dk","+4520100019","VISITOR","2026-04-06 20:38:58.602682+02","Holstebro","Denmark",NULL
2097,"Thomas Nielsen","thomas.nielsen@example.dk","+4520100020","VISITOR","2026-04-06 20:38:58.602682+02","Taastrup","Denmark",NULL
2098,"Michael Hansen","michael.hansen@example.dk","+4520100021","VISITOR","2026-04-06 20:38:58.602682+02","Slagelse","Denmark",NULL
2099,"Mikkel Pedersen","mikkel.pedersen@example.dk","+4520100022","LOCALE","2026-04-06 20:38:58.602682+02","Tarifa","Spain",NULL
2100,"Andreas Andersen","andreas.andersen@example.dk","+4520100023","VISITOR","2026-04-06 20:38:58.602682+02","Sønderborg","Denmark",NULL
2101,"Christian Christensen","christian.christensen@example.dk","+4520100024","VISITOR","2026-04-06 20:38:58.602682+02","Svendborg","Denmark",NULL
2102,"Mads Larsen","mads.larsen@example.dk","+4520100025","VISITOR","2026-04-06 20:38:58.602682+02","Holbæk","Denmark",NULL
2103,"Rasmus Sørensen","rasmus.sorensen@example.dk","+4520100026","VISITOR","2026-04-06 20:38:58.602682+02","Hjørring","Denmark",NULL
2104,"Magnus Rasmussen","magnus.rasmussen@example.dk","+4520100027","VISITOR","2026-04-06 20:38:58.602682+02","Frederikshavn","Denmark",NULL
2105,"Jonas Jørgensen","jonas.jorgensen@example.dk","+4520100028","VISITOR","2026-04-06 20:38:58.602682+02","Copenhagen","Denmark",NULL
2106,"Omar Bakir","omar.bakir@example.dk","+4520100029","VISITOR","2026-04-06 20:38:58.602682+02","Aarhus","Denmark",NULL
2107,"Emil Madsen","emil.madsen@example.dk","+4520100030","VISITOR","2026-04-06 20:38:58.602682+02","Odense","Denmark",NULL
2108,"Maria Nilsson","maria.nilsson@example.se","+46701000004","VISITOR","2026-04-06 20:56:30.631379+02","Stockholm","Sweden",NULL
2109,"Malin Eriksson","malin.eriksson@example.se","+46701000005","VISITOR","2026-04-06 20:56:30.631379+02","Gothenburg","Sweden",NULL
2110,"Elin Larsson","elin.larsson@example.se","+46701000006","VISITOR","2026-04-06 20:56:30.631379+02","Malmö","Sweden",NULL
2111,"Hanna Olsson","hanna.olsson@example.se","+46701000007","VISITOR","2026-04-06 20:56:30.631379+02","Uppsala","Sweden",NULL
2112,"Julia Persson","julia.persson@example.se","+46701000008","VISITOR","2026-04-06 20:56:30.631379+02","Västerås","Sweden",NULL
2113,"Amanda Svensson","amanda.svensson@example.se","+46701000009","VISITOR","2026-04-06 20:56:30.631379+02","Örebro","Sweden",NULL
2114,"Sofia Gustafsson","sofia.gustafsson@example.se","+46701000010","VISITOR","2026-04-06 20:56:30.631379+02","Linköping","Sweden",NULL
2115,"Alice Bergström","alice.bergstrom@example.se","+46701000011","VISITOR","2026-04-06 20:56:30.631379+02","Helsingborg","Sweden",NULL
2116,"Ebba Lindberg","ebba.lindberg@example.se","+46701000012","VISITOR","2026-04-06 20:56:30.631379+02","Jönköping","Sweden",NULL
2117,"Maja Sjögren","maja.sjogren@example.se","+46701000013","VISITOR","2026-04-06 20:56:30.631379+02","Norrköping","Sweden",NULL
2118,"Fatoumata Diop","fatoumata.diop@example.se","+46701000014","VISITOR","2026-04-06 20:56:30.631379+02","Lund","Sweden",NULL
2119,"Leyla Demir","leyla.demir@example.se","+46701000015","VISITOR","2026-04-06 20:56:30.631379+02","Umeå","Sweden",NULL
2120,"Linnea Holm","linnea.holm@example.se","+46701000016","VISITOR","2026-04-06 20:56:30.631379+02","Gävle","Sweden",NULL
2121,"Klara Wallin","klara.wallin@example.se","+46701000017","VISITOR","2026-04-06 20:56:30.631379+02","Borås","Sweden",NULL
2122,"Yasmin Ali","yasmin.ali@example.se","+46701000018","VISITOR","2026-04-06 20:56:30.631379+02","Södertälje","Sweden",NULL
2123,"Johan Andersson","johan.andersson@example.se","+46701000019","VISITOR","2026-04-06 20:56:30.631379+02","Stockholm","Sweden",NULL
2124,"Mikael Johansson","mikael.johansson@example.se","+46701000020","VISITOR","2026-04-06 20:56:30.631379+02","Gothenburg","Sweden",NULL
2125,"Erik Karlsson","erik.karlsson@example.se","+46701000021","VISITOR","2026-04-06 20:56:30.631379+02","Malmö","Sweden",NULL
2126,"Andreas Nilsson","andreas.nilsson@example.se","+46701000022","VISITOR","2026-04-06 20:56:30.631379+02","Uppsala","Sweden",NULL
2127,"Fredrik Eriksson","fredrik.eriksson@example.se","+46701000023","VISITOR","2026-04-06 20:56:30.631379+02","Västerås","Sweden",NULL
2128,"Daniel Larsson","daniel.larsson@example.se","+46701000024","VISITOR","2026-04-06 20:56:30.631379+02","Örebro","Sweden",NULL
2129,"Marcus Olsson","marcus.olsson@example.se","+46701000025","VISITOR","2026-04-06 20:56:30.631379+02","Linköping","Sweden",NULL
2130,"Alexander Persson","alexander.persson@example.se","+46701000026","VISITOR","2026-04-06 20:56:30.631379+02","Helsingborg","Sweden",NULL
2131,"Elias Svensson","elias.svensson@example.se","+46701000027","VISITOR","2026-04-06 20:56:30.631379+02","Jönköping","Sweden",NULL
2132,"Oscar Gustafsson","oscar.gustafsson@example.se","+46701000028","VISITOR","2026-04-06 20:56:30.631379+02","Norrköping","Sweden",NULL
2133,"Mohammed Hassan","mohammed.hassan@example.se","+46701000029","VISITOR","2026-04-06 20:56:30.631379+02","Stockholm","Sweden",NULL
2134,"Adam Lindgren","adam.lindgren@example.se","+46701000030","VISITOR","2026-04-06 20:56:30.631379+02","Gothenburg","Sweden",NULL
2135,"Maria Andersen","maria.andersen@example.no","+4790010005","VISITOR","2026-04-06 21:13:15.696402+02","Oslo","Norway",NULL
2136,"Emma Pedersen","emma.pedersen@example.no","+4790010006","VISITOR","2026-04-06 21:13:15.696402+02","Bergen","Norway",NULL
2137,"Nora Kristiansen","nora.kristiansen@example.no","+4790010007","VISITOR","2026-04-06 21:13:15.696402+02","Trondheim","Norway",NULL
2138,"Thea Karlsen","thea.karlsen@example.no","+4790010008","VISITOR","2026-04-06 21:13:15.696402+02","Stavanger","Norway",NULL
2139,"Hanna Knutsen","hanna.knutsen@example.no","+4790010009","VISITOR","2026-04-06 21:13:15.696402+02","Bærum","Norway",NULL
2140,"Julie Svendsen","julie.svendsen@example.no","+4790010010","VISITOR","2026-04-06 21:13:15.696402+02","Kristiansand","Norway",NULL
2141,"Karoline Eriksen","karoline.eriksen@example.no","+4790010011","VISITOR","2026-04-06 21:13:15.696402+02","Drammen","Norway",NULL
2142,"Malin Jensen","malin.jensen@example.no","+4790010012","VISITOR","2026-04-06 21:13:15.696402+02","Asker","Norway",NULL
2143,"Sara Haugen","sara.haugen@example.no","+4790010013","VISITOR","2026-04-06 21:13:15.696402+02","Lillestrøm","Norway",NULL
2144,"Anette Bøe","anette.boe@example.no","+4790010014","VISITOR","2026-04-06 21:13:15.696402+02","Fredrikstad","Norway",NULL
2145,"Leyla Ahmed","leyla.ahmed@example.no","+4790010015","VISITOR","2026-04-06 21:13:15.696402+02","Sandnes","Norway",NULL
2146,"Amira Hassan","amira.hassan@example.no","+4790010016","VISITOR","2026-04-06 21:13:15.696402+02","Tromsø","Norway",NULL
2147,"Elena Popova","elena.popova@example.no","+4790010017","VISITOR","2026-04-06 21:13:15.696402+02","Ålesund","Norway",NULL
2148,"Sunniva Lunde","sunniva.lunde@example.no","+4790010018","VISITOR","2026-04-06 21:13:15.696402+02","Sandefjord","Norway",NULL
2149,"Kristian Johansen","kristian.johansen@example.no","+4790010019","VISITOR","2026-04-06 21:13:15.696402+02","Nordre Follo","Norway",NULL
2150,"Morten Hansen","morten.hansen@example.no","+4790010020","VISITOR","2026-04-06 21:13:15.696402+02","Oslo","Norway",NULL
2151,"Andreas Larsen","andreas.larsen@example.no","+4790010021","VISITOR","2026-04-06 21:13:15.696402+02","Bergen","Norway",NULL
2152,"Marius Nilsen","marius.nilsen@example.no","+4790010022","VISITOR","2026-04-06 21:13:15.696402+02","Trondheim","Norway",NULL
2153,"Daniel Andersen","daniel.andersen@example.no","+4790010023","VISITOR","2026-04-06 21:13:15.696402+02","Stavanger","Norway",NULL
2154,"Magnus Pedersen","magnus.pedersen@example.no","+4790010024","VISITOR","2026-04-06 21:13:15.696402+02","Kristiansand","Norway",NULL
2155,"Jonas Kristiansen","jonas.kristiansen@example.no","+4790010025","VISITOR","2026-04-06 21:13:15.696402+02","Drammen","Norway",NULL
2156,"Alexander Karlsen","alexander.karlsen@example.no","+4790010026","VISITOR","2026-04-06 21:13:15.696402+02","Tromsø","Norway",NULL
2157,"Thomas Knutsen","thomas.knutsen@example.no","+4790010027","VISITOR","2026-04-06 21:13:15.696402+02","Bodø","Norway",NULL
2158,"Omar Ali","omar.ali@example.no","+4790010028","VISITOR","2026-04-06 21:13:15.696402+02","Oslo","Norway",NULL
2159,"Erik Svendsen","erik.svendsen@example.no","+4790010029","VISITOR","2026-04-06 21:13:15.696402+02","Bergen","Norway",NULL
2160,"Henrik Lunde","henrik.lunde@example.no","+4790010030","VISITOR","2026-04-06 21:13:15.696402+02","Tønsberg","Norway",NULL
2161,"Daan de Jong","daan.dejong@example.nl","+31612345601","VISITOR","2026-04-06 21:31:25.587857+02","Amsterdam","Netherlands",NULL
2162,"Sophie van Dijk","sophie.vandijk@example.nl","+31612345602","VISITOR","2026-04-06 21:31:25.587857+02","Rotterdam","Netherlands",NULL
2163,"Sem Bakker","sem.bakker@example.nl","+31612345603","VISITOR","2026-04-06 21:31:25.587857+02","Utrecht","Netherlands",NULL
2164,"Julia Janssen","julia.janssen@example.nl","+31612345604","VISITOR","2026-04-06 21:31:25.587857+02","The Hague","Netherlands",NULL
2165,"Lucas Visser","lucas.visser@example.nl","+31612345605","VISITOR","2026-04-06 21:31:25.587857+02","Eindhoven","Netherlands",NULL
2166,"Mila Smit","mila.smit@example.nl","+31612345606","VISITOR","2026-04-06 21:31:25.587857+02","Tilburg","Netherlands",NULL
2167,"Levi Meijer","levi.meijer@example.nl","+31612345607","VISITOR","2026-04-06 21:31:25.587857+02","Groningen","Netherlands",NULL
2168,"Emma de Groot","emma.degroot@example.nl","+31612345608","VISITOR","2026-04-06 21:31:25.587857+02","Almere","Netherlands",NULL
2169,"Finn Mulder","finn.mulder@example.nl","+31612345609","VISITOR","2026-04-06 21:31:25.587857+02","Breda","Netherlands",NULL
2170,"Nora Vos","nora.vos@example.nl","+31612345610","VISITOR","2026-04-06 21:31:25.587857+02","Nijmegen","Netherlands",NULL
2171,"Milan Bosch","milan.bosch@example.nl","+31612345611","VISITOR","2026-04-06 21:31:25.587857+02","Enschede","Netherlands",NULL
2172,"Tess Hendriks","tess.hendriks@example.nl","+31612345612","VISITOR","2026-04-06 21:31:25.587857+02","Haarlem","Netherlands",NULL
2173,"Luuk Dekker","luuk.dekker@example.nl","+31612345613","VISITOR","2026-04-06 21:31:25.587857+02","Arnhem","Netherlands",NULL
2174,"Sara Brouwer","sara.brouwer@example.nl","+31612345614","VISITOR","2026-04-06 21:31:25.587857+02","Zaanstad","Netherlands",NULL
2175,"Bram de Wit","bram.dewit@example.nl","+31612345615","VISITOR","2026-04-06 21:31:25.587857+02","Den Bosch","Netherlands",NULL
2176,"Zoë van Leeuwen","zoe.vanleeuwen@example.nl","+31612345616","VISITOR","2026-04-06 21:31:25.587857+02","Amersfoort","Netherlands",NULL
2177,"Jesse van den Berg","jesse.vandenberg@example.nl","+31612345617","VISITOR","2026-04-06 21:31:25.587857+02","Dordrecht","Netherlands",NULL
2178,"Liv van der Meer","liv.vandermeer@example.nl","+31612345618","VISITOR","2026-04-06 21:31:25.587857+02","Leiden","Netherlands",NULL
2179,"Noah Klein","noah.klein@example.nl","+31612345619","VISITOR","2026-04-06 21:31:25.587857+02","Maastricht","Netherlands",NULL
2180,"Anna Schouten","anna.schouten@example.nl","+31612345620","VISITOR","2026-04-06 21:31:25.587857+02","Zwolle","Netherlands",NULL
2181,"Sam de Bruijn","sam.debruijn@example.nl","+31612345621","VISITOR","2026-04-06 21:31:25.587857+02","Zoetermeer","Netherlands",NULL
2182,"Eva de Vos","eva.devos@example.nl","+31612345622","VISITOR","2026-04-06 21:31:25.587857+02","Emmen","Netherlands",NULL
2183,"Thomas Willems","thomas.willems@example.nl","+31612345623","VISITOR","2026-04-06 21:31:25.587857+02","Ede","Netherlands",NULL
2184,"Lotte van Vliet","lotte.vanvliet@example.nl","+31612345624","VISITOR","2026-04-06 21:31:25.587857+02","Delft","Netherlands",NULL
2185,"Max van Dongen","max.vandongen@example.nl","+31612345625","VISITOR","2026-04-06 21:31:25.587857+02","Heerlen","Netherlands",NULL
2186,"Fleur van Doorn","fleur.vandoorn@example.nl","+31612345626","VISITOR","2026-04-06 21:31:25.587857+02","Venlo","Netherlands",NULL
2187,"Ruben Hermans","ruben.hermans@example.nl","+31612345627","VISITOR","2026-04-06 21:31:25.587857+02","Deventer","Netherlands",NULL
2188,"Lynn van Beek","lynn.vanbeek@example.nl","+31612345628","VISITOR","2026-04-06 21:31:25.587857+02","Sittard","Netherlands",NULL
2189,"Stijn van Loon","stijn.vanloon@example.nl","+31612345629","VISITOR","2026-04-06 21:31:25.587857+02","Helmond","Netherlands",NULL
2190,"Noa van der Linden","noa.vanderlinden@example.nl","+31612345630","VISITOR","2026-04-06 21:31:25.587857+02","Amstelveen","Netherlands",NULL
2191,"Lars van der Heijden","lars.vanderheijden@example.nl","+31612345631","VISITOR","2026-04-06 21:31:25.587857+02","Oss","Netherlands",NULL
2192,"Elin Verhoeven","elin.verhoeven@example.nl","+31612345632","VISITOR","2026-04-06 21:31:25.587857+02","Alkmaar","Netherlands",NULL
2193,"Gijs Prins","gijs.prins@example.nl","+31612345633","VISITOR","2026-04-06 21:31:25.587857+02","Hoorn","Netherlands",NULL
2194,"Yara van den Heuvel","yara.vandenheuvel@example.nl","+31612345634","VISITOR","2026-04-06 21:31:25.587857+02","Vlaardingen","Netherlands",NULL
2195,"Sven Hoekstra","sven.hoekstra@example.nl","+31612345635","VISITOR","2026-04-06 21:31:25.587857+02","Lelystad","Netherlands",NULL
2196,"Nina Kuijpers","nina.kuijpers@example.nl","+31612345636","VISITOR","2026-04-06 21:31:25.587857+02","Alphen aan den Rijn","Netherlands",NULL
2197,"Hugo van de Wal","hugo.vandewal@example.nl","+31612345637","VISITOR","2026-04-06 21:31:25.587857+02","Hengelo","Netherlands",NULL
2198,"Isa van Engelen","isa.vanengelen@example.nl","+31612345638","VISITOR","2026-04-06 21:31:25.587857+02","Spijkenisse","Netherlands",NULL
2199,"Thijs Koster","thijs.koster@example.nl","+31612345639","VISITOR","2026-04-06 21:31:25.587857+02","Gouda","Netherlands",NULL
2200,"Fenna van der Horst","fenna.vanderhorst@example.nl","+31612345640","VISITOR","2026-04-06 21:31:25.587857+02","Assen","Netherlands",NULL
2201,"Siem van Dam","siem.vandam@example.nl","+31612345641","VISITOR","2026-04-06 21:31:25.587857+02","Bergen op Zoom","Netherlands",NULL
2202,"Loes van der Velde","loes.vandervelde@example.nl","+31612345642","VISITOR","2026-04-06 21:31:25.587857+02","Capelle aan den IJssel","Netherlands",NULL
2203,"Teun van der Wal","teun.vanderwal@example.nl","+31612345643","VISITOR","2026-04-06 21:31:25.587857+02","Veenendaal","Netherlands",NULL
2204,"Evi van der Pol","evi.vanderpol@example.nl","+31612345644","VISITOR","2026-04-06 21:31:25.587857+02","Nieuwegein","Netherlands",NULL
2205,"Mees van Essen","mees.vanessen@example.nl","+31612345645","VISITOR","2026-04-06 21:31:25.587857+02","Zeist","Netherlands",NULL
2206,"Lieke van den Broek","lieke.vandenbroek@example.nl","+31612345646","VISITOR","2026-04-06 21:31:25.587857+02","Roermond","Netherlands",NULL
2207,"Mats van der Ven","mats.vanderven@example.nl","+31612345647","VISITOR","2026-04-06 21:31:25.587857+02","Wageningen","Netherlands",NULL
2208,"Roos van de Brink","roos.vandebrink@example.nl","+31612345648","VISITOR","2026-04-06 21:31:25.587857+02","Harderwijk","Netherlands",NULL
2209,"Joep van der Kolk","joep.vanderkolk@example.nl","+31612345649","VISITOR","2026-04-06 21:31:25.587857+02","Sneek","Netherlands",NULL
2210,"Bo van Schaik","bo.vanschaik@example.nl","+31612345650","VISITOR","2026-04-06 21:31:25.587857+02","Tiel","Netherlands",NULL
2211,"Anne Korhonen","anne.korhonen@example.fi","+358401000001","VISITOR","2026-04-07 18:12:13.483683+02","Helsinki","Finland",NULL
2212,"Johanna Virtanen","johanna.virtanen@example.fi","+358401000002","VISITOR","2026-04-07 18:12:13.483683+02","Espoo","Finland",NULL
2213,"Minna Mäkinen","minna.makinen@example.fi","+358401000003","VISITOR","2026-04-07 18:12:13.483683+02","Tampere","Finland",NULL
2214,"Laura Nieminen","laura.nieminen@example.fi","+358401000004","LOCAL","2026-04-07 18:12:13.483683+02","Tarifa","Spain",NULL
2215,"Hanna Järvinen","hanna.jarvinen@example.fi","+358401000005","VISITOR","2026-04-07 18:12:13.483683+02","Oulu","Finland",NULL
2216,"Sanna Heikkinen","sanna.heikkinen@example.fi","+358401000006","VISITOR","2026-04-07 18:12:13.483683+02","Turku","Finland",NULL
2217,"Elina Koskinen","elina.koskinen@example.fi","+358401000007","VISITOR","2026-04-07 18:12:13.483683+02","Jyväskylä","Finland",NULL
2218,"Jenni Laine","jenni.laine@example.fi","+358401000008","VISITOR","2026-04-07 18:12:13.483683+02","Lahti","Finland",NULL
2219,"Emma Kantola","emma.kantola@example.fi","+358401000009","LOCAL","2026-04-07 18:12:13.483683+02","Tarifa","Spain",NULL
2220,"Sofia Peltonen","sofia.peltonen@example.fi","+358401000010","VISITOR","2026-04-07 18:12:13.483683+02","Pori","Finland",NULL
2221,"Aino Lehtonen","aino.lehtonen@example.fi","+358401000011","VISITOR","2026-04-07 18:12:13.483683+02","Kouvola","Finland",NULL
2222,"Maria Saarinen","maria.saarinen@example.fi","+358401000012","VISITOR","2026-04-07 18:12:13.483683+02","Joensuu","Finland",NULL
2223,"Sara Salonen","sara.salonen@example.fi","+358401000013","LOCAL","2026-04-07 18:12:13.483683+02","Tarifa","Spain",NULL
2224,"Noora Haapala","noora.haapala@example.fi","+358401000014","VISITOR","2026-04-07 18:12:13.483683+02","Hämeenlinna","Finland",NULL
2225,"Leyla Ahmed","leyla.ahmed@example.fi","+358401000015","VISITOR","2026-04-07 18:12:13.483683+02","Vaasa","Finland",NULL
2226,"Emilia Rantala","emilia.rantala@example.fi","+358401000016","VISITOR","2026-04-07 18:12:13.483683+02","Rovaniemi","Finland",NULL
2227,"Iida Savolainen","iida.savolainen@example.fi","+358401000017","VISITOR","2026-04-07 18:12:13.483683+02","Seinäjoki","Finland",NULL
2228,"Venla Karjalainen","venla.karjalainen@example.fi","+358401000018","VISITOR","2026-04-07 18:12:13.483683+02","Mikkeli","Finland",NULL
2229,"Juho Korhonen","juho.korhonen@example.fi","+358401000019","VISITOR","2026-04-07 18:12:13.483683+02","Kotka","Finland",NULL
2230,"Matti Virtanen","matti.virtanen@example.fi","+358401000020","VISITOR","2026-04-07 18:12:13.483683+02","Salo","Finland",NULL
2231,"Ville Mäkinen","ville.makinen@example.fi","+358401000021","VISITOR","2026-04-07 18:12:13.483683+02","Porvoo","Finland",NULL
2232,"Jere Nieminen","jere.nieminen@example.fi","+358401000022","VISITOR","2026-04-07 18:12:13.483683+02","Kokkola","Finland",NULL
2233,"Antti Järvinen","antti.jarvinen@example.fi","+358401000023","VISITOR","2026-04-07 18:12:13.483683+02","Hyvinkää","Finland",NULL
2234,"Mikko Heikkinen","mikko.heikkinen@example.fi","+358401000024","VISITOR","2026-04-07 18:12:13.483683+02","Lohja","Finland",NULL
2235,"Sami Koskinen","sami.koskinen@example.fi","+358401000025","VISITOR","2026-04-07 18:12:13.483683+02","Järvenpää","Finland",NULL
2236,"Mikael Laine","mikael.laine@example.fi","+358401000026","VISITOR","2026-04-07 18:12:13.483683+02","Nurmijärvi","Finland",NULL
2237,"Joonas Kantola","joonas.kantola@example.fi","+358401000027","VISITOR","2026-04-07 18:12:13.483683+02","Kirkkonummi","Finland",NULL
2238,"Aleksi Peltonen","aleksi.peltonen@example.fi","+358401000028","VISITOR","2026-04-07 18:12:13.483683+02","Rauma","Finland",NULL
2239,"Omar Ali","omar.ali@example.fi","+358401000029","VISITOR","2026-04-07 18:12:13.483683+02","Helsinki","Finland",NULL
2240,"Jari Lehtonen","jari.lehtonen@example.fi","+358401000030","VISITOR","2026-04-07 18:12:13.483683+02","Tampere","Finland",NULL
2241,"Aoife Murphy","aoife.murphy@example.ie","+353831000001","VISITOR","2026-04-07 18:42:06.931436+02","Dublin","Ireland",NULL
2242,"Saoirse O'Brien","saoirse.obrien@example.ie","+353831000002","VISITOR","2026-04-07 18:42:06.931436+02","Cork","Ireland",NULL
2243,"Siobhán Kelly","siobhan.kelly@example.ie","+353831000003","VISITOR","2026-04-07 18:42:06.931436+02","Limerick","Ireland",NULL
2244,"Ciara Walsh","ciara.walsh@example.ie","+353831000004","VISITOR","2026-04-07 18:42:06.931436+02","Galway","Ireland",NULL
2245,"Niamh O'Sullivan","niamh.osullivan@example.ie","+353831000005","VISITOR","2026-04-07 18:42:06.931436+02","Waterford","Ireland",NULL
2246,"Róisín O'Connor","roisin.oconnor@example.ie","+353831000006","VISITOR","2026-04-07 18:42:06.931436+02","Drogheda","Ireland",NULL
2247,"Caoimhe Byrne","caoimhe.byrne@example.ie","+353831000007","LOCAL","2026-04-07 18:42:06.931436+02","Tarifa","Spain",NULL
2248,"Sinead Ryan","sinead.ryan@example.ie","+353831000008","VISITOR","2026-04-07 18:42:06.931436+02","Swords","Ireland",NULL
2249,"Aisling O'Neill","aisling.oneill@example.ie","+353831000009","VISITOR","2026-04-07 18:42:06.931436+02","Bray","Ireland",NULL
2250,"Eimear O'Reilly","eimear.oreilly@example.ie","+353831000010","VISITOR","2026-04-07 18:42:06.931436+02","Navan","Ireland",NULL
2251,"Sarah Doyle","sarah.doyle@example.ie","+353831000011","VISITOR","2026-04-07 18:42:06.931436+02","Kilkenny","Ireland",NULL
2252,"Orla McCarthy","orla.mccarthy@example.ie","+353831000012","VISITOR","2026-04-07 18:42:06.931436+02","Ennis","Ireland",NULL
2253,"Grainne Lynch","grainne.lynch@example.ie","+353831000013","LOCAL","2026-04-07 18:42:06.931436+02","Tarifa","Spain",NULL
2254,"Sorcha Fitzgerald","sorcha.fitzgerald@example.ie","+353831000014","VISITOR","2026-04-07 18:42:06.931436+02","Tralee","Ireland",NULL
2255,"Chloe O'Callaghan","chloe.ocallaghan@example.ie","+353831000015","VISITOR","2026-04-07 18:42:06.931436+02","Newbridge","Ireland",NULL
2256,"Aisha Kamara","aisha.kamara@example.ie","+353831000016","VISITOR","2026-04-07 18:42:06.931436+02","Portlaoise","Ireland",NULL
2257,"Maria Oliveira","maria.oliveira@example.ie","+353831000017","VISITOR","2026-04-07 18:42:06.931436+02","Athlone","Ireland",NULL
2258,"Elena Popa","elena.popa@example.ie","+353831000018","VISITOR","2026-04-07 18:42:06.931436+02","Mullingar","Ireland",NULL
2259,"Conor Murphy","conor.murphy@example.ie","+353831000019","VISITOR","2026-04-07 18:42:06.931436+02","Wexford","Ireland",NULL
2260,"Sean O'Brien","sean.obrien@example.ie","+353831000020","VISITOR","2026-04-07 18:42:06.931436+02","Letterkenny","Ireland",NULL
2261,"Cian Kelly","cian.kelly@example.ie","+353831000021","VISITOR","2026-04-07 18:42:06.931436+02","Sligo","Ireland",NULL
2262,"Darragh Walsh","darragh.walsh@example.ie","+353831000022","VISITOR","2026-04-07 18:42:06.931436+02","Clonmel","Ireland",NULL
2263,"Liam O'Sullivan","liam.osullivan@example.ie","+353831000023","LOCAL","2026-04-07 18:42:06.931436+02","Tarifa","Spain",NULL
2264,"Patrick O'Connor","patrick.oconnor@example.ie","+353831000024","VISITOR","2026-04-07 18:42:06.931436+02","Cork","Ireland",NULL
2265,"Niall Byrne","niall.byrne@example.ie","+353831000025","VISITOR","2026-04-07 18:42:06.931436+02","Galway","Ireland",NULL
2266,"Eoin Ryan","eoin.ryan@example.ie","+353831000026","VISITOR","2026-04-07 18:42:06.931436+02","Limerick","Ireland",NULL
2267,"Cillian O'Neill","cillian.oneill@example.ie","+353831000027","LOCAL","2026-04-07 18:42:06.931436+02","Tarifa","Spain",NULL
2268,"Padraig O'Reilly","padraig.oreilly@example.ie","+353831000028","VISITOR","2026-04-07 18:42:06.931436+02","Drogheda","Ireland",NULL
2269,"Adam Doyle","adam.doyle@example.ie","+353831000029","VISITOR","2026-04-07 18:42:06.931436+02","Dublin","Ireland",NULL
2270,"Mohammed Ali","mohammed.ali@example.ie","+353831000030","VISITOR","2026-04-07 18:42:06.931436+02","Cork","Ireland",NULL
2271,"Anna Jónsdóttir","anna.jonsdottir@example.is","+3545100001","VISITOR","2026-04-07 18:45:20.56457+02","Reykjavík","Iceland",NULL
2272,"Guðrún Sigurðardóttir","gudrun.sigurdardottir@example.is","+3545100002","VISITOR","2026-04-07 18:45:20.56457+02","Kópavogur","Iceland",NULL
2273,"Kristín Helgadóttir","kristin.helgadottir@example.is","+3545100003","VISITOR","2026-04-07 18:45:20.56457+02","Hafnarfjörður","Iceland",NULL
2274,"Sigríður Magnúsdóttir","sigridur.magnusdottir@example.is","+3545100004","VISITOR","2026-04-07 18:45:20.56457+02","Akureyri","Iceland",NULL
2275,"Margrét Jóhannsdóttir","margret.johannsdottir@example.is","+3545100005","VISITOR","2026-04-07 18:45:20.56457+02","Reykjanesbær","Iceland",NULL
2276,"Helga Ólafsdóttir","helga.olafsdottir@example.is","+3545100006","VISITOR","2026-04-07 18:45:20.56457+02","Garðabær","Iceland",NULL
2277,"Elísabet Sveinsdóttir","elisabet.sveinsdottir@example.is","+3545100007","VISITOR","2026-04-07 18:45:20.56457+02","Mosfellsbær","Iceland",NULL
2278,"Jóhanna Þorsteinsdóttir","johanna.thorsteinsdottir@example.is","+3545100008","VISITOR","2026-04-07 18:45:20.56457+02","Árborg","Iceland",NULL
2279,"Katrín Einarsdóttir","katrin.einarsdottir@example.is","+3545100009","VISITOR","2026-04-07 18:45:20.56457+02","Akranes","Iceland",NULL
2280,"Birta Gísladóttir","birta.gisladottir@example.is","+3545100010","VISITOR","2026-04-07 18:45:20.56457+02","Fjarðabyggð","Iceland",NULL
2281,"Sara Björnsdóttir","sara.bjornsdottir@example.is","+3545100011","VISITOR","2026-04-07 18:45:20.56457+02","Seltjarnarnes","Iceland",NULL
2282,"Eva Gunnarsdóttir","eva.gunnarsdottir@example.is","+3545100012","LOCAL","2026-04-07 18:45:20.56457+02","Tarifa","Spain",NULL
2283,"María Kristjánsdóttir","maria.kristjansdottir@example.is","+3545100013","VISITOR","2026-04-07 18:45:20.56457+02","Skagafjörður","Iceland",NULL
2284,"Berglind Stefánsdóttir","berglind.stefansdottir@example.is","+3545100014","VISITOR","2026-04-07 18:45:20.56457+02","Ísafjörður","Iceland",NULL
2285,"Elena Popova","elena.popova@example.is","+3545100015","VISITOR","2026-04-07 18:45:20.56457+02","Reykjavík","Iceland",NULL
2286,"Emilia Kowalska","emilia.kowalska@example.is","+3545100016","LOCAL","2026-04-07 18:45:20.56457+02","Tarifa","Spain",NULL
2287,"Freyja Aradóttir","freyja.aradottir@example.is","+3545100017","VISITOR","2026-04-07 18:45:20.56457+02","Hveragerði","Iceland",NULL
2288,"Sólveig Hreinsdóttir","solveig.hreinsdottir@example.is","+3545100018","VISITOR","2026-04-07 18:45:20.56457+02","Egilsstaðir","Iceland",NULL
2289,"Jón Jónsson","jon.jonsson@example.is","+3545100019","VISITOR","2026-04-07 18:45:20.56457+02","Reykjavík","Iceland",NULL
2290,"Sigurður Sigurðsson","sigurdur.sigurdsson@example.is","+3545100020","VISITOR","2026-04-07 18:45:20.56457+02","Kópavogur","Iceland",NULL
2291,"Guðmundur Helgason","gudmundur.helgason@example.is","+3545100021","VISITOR","2026-04-07 18:45:20.56457+02","Hafnarfjörður","Iceland",NULL
2292,"Gunnar Magnússon","gunnar.magnusson@example.is","+3545100022","VISITOR","2026-04-07 18:45:20.56457+02","Akureyri","Iceland",NULL
2293,"Ólafur Jóhannsson","olafur.johannsson@example.is","+3545100023","VISITOR","2026-04-07 18:45:20.56457+02","Reykjanesbær","Iceland",NULL
2294,"Magnús Ólafsson","magnus.olafsson@example.is","+3545100024","LOCAL","2026-04-07 18:45:20.56457+02","Tarifa","Spain",NULL
2295,"Kristján Sveinsson","kristjan.sveinsson@example.is","+3545100025","VISITOR","2026-04-07 18:45:20.56457+02","Mosfellsbær","Iceland",NULL
2296,"Stefán Þorsteinsson","stefan.thorsteinsson@example.is","+3545100026","VISITOR","2026-04-07 18:45:20.56457+02","Árborg","Iceland",NULL
2297,"Arnar Einarsson","arnar.einarsson@example.is","+3545100027","VISITOR","2026-04-07 18:45:20.56457+02","Akranes","Iceland",NULL
2298,"Björn Gíslason","bjorn.gislason@example.is","+3545100028","VISITOR","2026-04-07 18:45:20.56457+02","Borgarnes","Iceland",NULL
2299,"Jakub Novak","jakub.novak@example.is","+3545100029","LOCAL","2026-04-07 18:45:20.56457+02","Tarifa","Spain",NULL
2300,"Mohammed Ali","mohammed.ali@example.is","+3545100030","VISITOR","2026-04-07 18:45:20.56457+02","Kópavogur","Iceland",NULL
2301,"Isla MacDonald","isla.macdonald@example.co.uk","+441411000001","VISITOR","2026-04-07 18:48:56.004103+02","Glasgow","United Kingdom",NULL
2302,"Fiona Campbell","fiona.campbell@example.co.uk","+441311000002","VISITOR","2026-04-07 18:48:56.004103+02","Edinburgh","United Kingdom",NULL
2303,"Siobhan Robertson","siobhan.robertson@example.co.uk","+441224100003","VISITOR","2026-04-07 18:48:56.004103+02","Aberdeen","United Kingdom",NULL
2304,"Kirsty Stewart","kirsty.stewart@example.co.uk","+441382100004","VISITOR","2026-04-07 18:48:56.004103+02","Dundee","United Kingdom",NULL
2305,"Morag Scott","morag.scott@example.co.uk","+441463100005","VISITOR","2026-04-07 18:48:56.004103+02","Inverness","United Kingdom",NULL
2306,"Eilidh Murray","eilidh.murray@example.co.uk","+441786100006","VISITOR","2026-04-07 18:48:56.004103+02","Stirling","United Kingdom",NULL
2307,"Catriona Clark","catriona.clark@example.co.uk","+441738100007","VISITOR","2026-04-07 18:48:56.004103+02","Perth","United Kingdom",NULL
2308,"Maisie Ross","maisie.ross@example.co.uk","+441292100008","VISITOR","2026-04-07 18:48:56.004103+02","Ayr","United Kingdom",NULL
2309,"Iona Fraser","iona.fraser@example.co.uk","+441324100009","VISITOR","2026-04-07 18:48:56.004103+02","Falkirk","United Kingdom",NULL
2310,"Ailsa Graham","ailsa.graham@example.co.uk","+441383100010","LOCAL","2026-04-07 18:48:56.004103+02","Tarifa","Spain",NULL
2311,"Skye Morrison","skye.morrison@example.co.uk","+441411000011","VISITOR","2026-04-07 18:48:56.004103+02","Paisley","United Kingdom",NULL
2312,"Heather MacKenzie","heather.mackenzie@example.co.uk","+441355100012","VISITOR","2026-04-07 18:48:56.004103+02","East Kilbride","United Kingdom",NULL
2313,"Sophie Paterson","sophie.paterson@example.co.uk","+441236100013","VISITOR","2026-04-07 18:48:56.004103+02","Cumbernauld","United Kingdom",NULL
2314,"Chloe Miller","chloe.miller@example.co.uk","+441506100014","LOCAL","2026-04-07 18:48:56.004103+02","Tarifa","Spain",NULL
2315,"Fatima Al-Farsi","fatima.alfarsi@example.co.uk","+441411000015","VISITOR","2026-04-07 18:48:56.004103+02","Glasgow","United Kingdom",NULL
2316,"Elena Popescu","elena.popescu@example.co.uk","+441311000016","VISITOR","2026-04-07 18:48:56.004103+02","Edinburgh","United Kingdom",NULL
2317,"Amina Begum","amina.begum@example.co.uk","+441224100017","VISITOR","2026-04-07 18:48:56.004103+02","Aberdeen","United Kingdom",NULL
2318,"Maria Kowalska","maria.kowalska@example.co.uk","+441382100018","VISITOR","2026-04-07 18:48:56.004103+02","Dundee","United Kingdom",NULL
2319,"Callum Smith","callum.smith@example.co.uk","+441411000019","VISITOR","2026-04-07 18:48:56.004103+02","Glasgow","United Kingdom",NULL
2320,"Lewis MacDonald","lewis.macdonald@example.co.uk","+441311000020","VISITOR","2026-04-07 18:48:56.004103+02","Edinburgh","United Kingdom",NULL
2321,"Angus Campbell","angus.campbell@example.co.uk","+441463100021","VISITOR","2026-04-07 18:48:56.004103+02","Inverness","United Kingdom",NULL
2322,"Hamish Robertson","hamish.robertson@example.co.uk","+441786100022","VISITOR","2026-04-07 18:48:56.004103+02","Stirling","United Kingdom",NULL
2323,"Ewan Stewart","ewan.stewart@example.co.uk","+441738100023","LOCAL","2026-04-07 18:48:56.004103+02","Tarifa","Spain",NULL
2324,"Gregor Scott","gregor.scott@example.co.uk","+441343100024","VISITOR","2026-04-07 18:48:56.004103+02","Elgin","United Kingdom",NULL
2325,"Lachlan Murray","lachlan.murray@example.co.uk","+441397100025","VISITOR","2026-04-07 18:48:56.004103+02","Fort William","United Kingdom",NULL
2326,"Finlay Clark","finlay.clark@example.co.uk","+441851100026","VISITOR","2026-04-07 18:48:56.004103+02","Stornoway","United Kingdom",NULL
2327,"Alistair Ross","alistair.ross@example.co.uk","+441856100027","VISITOR","2026-04-07 18:48:56.004103+02","Kirkwall","United Kingdom",NULL
2328,"Jamie Fraser","jamie.fraser@example.co.uk","+441595100028","VISITOR","2026-04-07 18:48:56.004103+02","Lerwick","United Kingdom",NULL
2329,"Mohammed Ahmed","mohammed.ahmed@example.co.uk","+441411000029","VISITOR","2026-04-07 18:48:56.004103+02","Glasgow","United Kingdom",NULL
2330,"Jakub Nowak","jakub.nowak@example.co.uk","+441311000030","LOCAL","2026-04-07 18:48:56.004103+02","Tarifa","Spain",NULL
2331,"Lowri Jones","lowri.jones@example.co.uk","+442920100001","VISITOR","2026-04-07 18:52:26.081434+02","Cardiff","United Kingdom",NULL
2332,"Bethan Williams","bethan.williams@example.co.uk","+441792100002","VISITOR","2026-04-07 18:52:26.081434+02","Swansea","United Kingdom",NULL
2333,"Ffion Davies","ffion.davies@example.co.uk","+441633100003","VISITOR","2026-04-07 18:52:26.081434+02","Newport","United Kingdom",NULL
2334,"Nia Evans","nia.evans@example.co.uk","+441978100004","VISITOR","2026-04-07 18:52:26.081434+02","Wrexham","United Kingdom",NULL
2335,"Elin Thomas","elin.thomas@example.co.uk","+441248100005","LOCAL","2026-04-07 18:52:26.081434+02","Tarifa","Spain",NULL
2336,"Catrin Roberts","catrin.roberts@example.co.uk","+441446100006","VISITOR","2026-04-07 18:52:26.081434+02","Barry","United Kingdom",NULL
2337,"Sian Hughes","sian.hughes@example.co.uk","+441656100007","VISITOR","2026-04-07 18:52:26.081434+02","Bridgend","United Kingdom",NULL
2338,"Anwen Lewis","anwen.lewis@example.co.uk","+441639100008","VISITOR","2026-04-07 18:52:26.081434+02","Neath","United Kingdom",NULL
2339,"Rhiannon Edwards","rhiannon.edwards@example.co.uk","+441685100009","VISITOR","2026-04-07 18:52:26.081434+02","Merthyr Tydfil","United Kingdom",NULL
2340,"Carys Morgan","carys.morgan@example.co.uk","+441267100010","VISITOR","2026-04-07 18:52:26.081434+02","Carmarthen","United Kingdom",NULL
2341,"Seren Griffiths","seren.griffiths@example.co.uk","+441970100011","VISITOR","2026-04-07 18:52:26.081434+02","Aberystwyth","United Kingdom",NULL
2342,"Megan Owen","megan.owen@example.co.uk","+441407100012","VISITOR","2026-04-07 18:52:26.081434+02","Holyhead","United Kingdom",NULL
2343,"Angharad Jenkins","angharad.jenkins@example.co.uk","+441443100013","VISITOR","2026-04-07 18:52:26.081434+02","Pontypridd","United Kingdom",NULL
2344,"Chloe Powell","chloe.powell@example.co.uk","+441873100014","VISITOR","2026-04-07 18:52:26.081434+02","Abergavenny","United Kingdom",NULL
2345,"Elena Popa","elena.popa@example.co.uk","+442920100015","LOCAL","2026-04-07 18:52:26.081434+02","Tarifa","Spain",NULL
2346,"Aisha Mahmood","aisha.mahmood@example.co.uk","+441792100016","VISITOR","2026-04-07 18:52:26.081434+02","Swansea","United Kingdom",NULL
2347,"Maria Oliveira","maria.oliveira@example.co.uk","+441633100017","VISITOR","2026-04-07 18:52:26.081434+02","Newport","United Kingdom",NULL
2348,"Aneta Kowalska","aneta.kowalska@example.co.uk","+441978100018","VISITOR","2026-04-07 18:52:26.081434+02","Wrexham","United Kingdom",NULL
2349,"Gareth Jones","gareth.jones@example.co.uk","+442920100019","VISITOR","2026-04-07 18:52:26.081434+02","Cardiff","United Kingdom",NULL
2350,"Rhys Williams","rhys.williams@example.co.uk","+441792100020","LOCAL","2026-04-07 18:52:26.081434+02","Tarifa","Spain",NULL
2351,"Dafydd Davies","dafydd.davies@example.co.uk","+441286100021","VISITOR","2026-04-07 18:52:26.081434+02","Caernarfon","United Kingdom",NULL
2352,"Iwan Evans","iwan.evans@example.co.uk","+441554100022","VISITOR","2026-04-07 18:52:26.081434+02","Llanelli","United Kingdom",NULL
2353,"Gethin Thomas","gethin.thomas@example.co.uk","+441437100023","VISITOR","2026-04-07 18:52:26.081434+02","Haverfordwest","United Kingdom",NULL
2354,"Owain Roberts","owain.roberts@example.co.uk","+441492100024","VISITOR","2026-04-07 18:52:26.081434+02","Colwyn Bay","United Kingdom",NULL
2355,"Sion Hughes","sion.hughes@example.co.uk","+441745100025","VISITOR","2026-04-07 18:52:26.081434+02","Rhyl","United Kingdom",NULL
2356,"Steffan Lewis","steffan.lewis@example.co.uk","+441824100026","VISITOR","2026-04-07 18:52:26.081434+02","Ruthin","United Kingdom",NULL
2357,"Osian Edwards","osian.edwards@example.co.uk","+441352100027","VISITOR","2026-04-07 18:52:26.081434+02","Mold","United Kingdom",NULL
2358,"Dylan Morgan","dylan.morgan@example.co.uk","+441874100028","LOCAL","2026-04-07 18:52:26.081434+02","Tarifa","Spain",NULL
2359,"Mohammed Ali","mohammed.ali@example.co.uk","+442920100029","VISITOR","2026-04-07 18:52:26.081434+02","Cardiff","United Kingdom",NULL
2360,"Jakub Novak","jakub.novak@example.co.uk","+441792100030","VISITOR","2026-04-07 18:52:26.081434+02","Swansea","United Kingdom",NULL
2361,"Maja Novak","maja.novak@example.si","+38641100001","VISITOR","2026-04-07 18:57:22.894622+02","Ljubljana","Slovenia",NULL
2362,"Petra Horvat","petra.horvat@example.si","+38641100002","VISITOR","2026-04-07 18:57:22.894622+02","Maribor","Slovenia",NULL
2363,"Ana Kovačič","ana.kovacic@example.si","+38641100003","VISITOR","2026-04-07 18:57:22.894622+02","Celje","Slovenia",NULL
2364,"Anja Zupančič","anja.zupancic@example.si","+38641100004","VISITOR","2026-04-07 18:57:22.894622+02","Kranj","Slovenia",NULL
2365,"Nina Potočnik","nina.potocnik@example.si","+38641100005","VISITOR","2026-04-07 18:57:22.894622+02","Velenje","Slovenia",NULL
2366,"Katja Mlakar","katja.mlakar@example.si","+38641100006","VISITOR","2026-04-07 18:57:22.894622+02","Koper","Slovenia",NULL
2367,"Mateja Kos","mateja.kos@example.si","+38641100007","VISITOR","2026-04-07 18:57:22.894622+02","Novo Mesto","Slovenia",NULL
2368,"Tjaša Vidmar","tjasa.vidmar@example.si","+38641100008","VISITOR","2026-04-07 18:57:22.894622+02","Ptuj","Slovenia",NULL
2369,"Tjaša Golob","tjasa.golob@example.si","+38641102408","LOCAL","2026-04-07 18:57:22.894622+02","Tarifa","Spain",NULL
2370,"Lucija Golob","lucija.golob@example.si","+38641100009","LOCAL","2026-04-07 18:57:22.894622+02","Tarifa","Spain",NULL
2371,"Sara Turk","sara.turk@example.si","+38641100010","VISITOR","2026-04-07 18:57:22.894622+02","Kamnik","Slovenia",NULL
2372,"Nika Božič","nika.bozic@example.si","+38641100011","LOCAL","2026-04-07 18:57:22.894622+02","Tarifa","Spain",NULL
2373,"Eva Korošec","eva.korosec@example.si","+38641100012","VISITOR","2026-04-07 18:57:22.894622+02","Nova Gorica","Slovenia",NULL
2374,"Emina Hodžić","emina.hodzic@example.si","+38641100013","VISITOR","2026-04-07 18:57:22.894622+02","Domžale","Slovenia",NULL
2375,"Mariya Shevchenko","mariya.shevchenko@example.si","+38641100014","LOCAL","2026-04-07 18:57:22.894622+02","Tarifa","Spain",NULL
2376,"Lana Bizjak","lana.bizjak@example.si","+38641100015","VISITOR","2026-04-07 18:57:22.894622+02","Murska Sobota","Slovenia",NULL
2377,"Jasmina Hribar","jasmina.hribar@example.si","+38641100016","VISITOR","2026-04-07 18:57:22.894622+02","Izola","Slovenia",NULL
2378,"Jelena Stanković","jelena.stankovic@example.si","+38641100017","VISITOR","2026-04-07 18:57:22.894622+02","Postojna","Slovenia",NULL
2379,"Veronika Kotnik","veronika.kotnik@example.si","+38641100018","VISITOR","2026-04-07 18:57:22.894622+02","Logatec","Slovenia",NULL
2380,"Luka Novak","luka.novak@example.si","+38641100019","VISITOR","2026-04-07 18:57:22.894622+02","Ljubljana","Slovenia",NULL
2381,"Jan Horvat","jan.horvat@example.si","+38641100020","LOCAL","2026-04-07 18:57:22.894622+02","Tarifa","Spain",NULL
2382,"Nejc Kovačič","nejc.kovacic@example.si","+38641100021","VISITOR","2026-04-07 18:57:22.894622+02","Vrhnika","Slovenia",NULL
2383,"Marko Zupančič","marko.zupancic@example.si","+38641100022","VISITOR","2026-04-07 18:57:22.894622+02","Slovenska Bistrica","Slovenia",NULL
2384,"Miha Potočnik","miha.potocnik@example.si","+38641100023","VISITOR","2026-04-07 18:57:22.894622+02","Kočevje","Slovenia",NULL
2385,"Rok Mlakar","rok.mlakar@example.si","+38641100024","VISITOR","2026-04-07 18:57:22.894622+02","Grosuplje","Slovenia",NULL
2386,"Matej Kos","matej.kos@example.si","+38641100025","LOCAL","2026-04-07 18:57:22.894622+02","Tarifa","Spain",NULL
2387,"Andrej Vidmar","andrej.vidmar@example.si","+38641100026","VISITOR","2026-04-07 18:57:22.894622+02","Brežice","Slovenia",NULL
2388,"Edin Muratović","edin.muratovic@example.si","+38641100027","VISITOR","2026-04-07 18:57:22.894622+02","Ljubljana","Slovenia",NULL
2389,"Dragan Savić","dragan.savic@example.si","+38641100028","LOCAL","2026-04-07 18:57:22.894622+02","Tarifa","Spain",NULL
2390,"Aljaž Golob","aljaz.golob@example.si","+38641100029","VISITOR","2026-04-07 18:57:22.894622+02","Maribor","Slovenia",NULL
2391,"Žiga Turk","ziga.turk@example.si","+38641100030","VISITOR","2026-04-07 18:57:22.894622+02","Celje","Slovenia",NULL
2392,"Jana Vargová","jana.vargova@example.sk","+421901000001","VISITOR","2026-04-07 19:02:08.283669+02","Bratislava","Slovakia",NULL
2393,"Zuzana Tóthová","zuzana.tothova@example.sk","+421901000002","VISITOR","2026-04-07 19:02:08.283669+02","Košice","Slovakia",NULL
2394,"Martina Horváthová","martina.horvathova@example.sk","+421901000003","VISITOR","2026-04-07 19:02:08.283669+02","Prešov","Slovakia",NULL
2395,"Petra Balážová","petra.balazova@example.sk","+421901000004","VISITOR","2026-04-07 19:02:08.283669+02","Žilina","Slovakia",NULL
2396,"Lucia Kováčová","lucia.kovacova@example.sk","+421901000005","VISITOR","2026-04-07 19:02:08.283669+02","Nitra","Slovakia",NULL
2397,"Katarína Molnárová","katarina.molnarova@example.sk","+421901000006","LOCAL","2026-04-07 19:02:08.283669+02","Tarifa","Spain",NULL
2398,"Simona Szabóová","simona.szaboova@example.sk","+421901000007","VISITOR","2026-04-07 19:02:08.283669+02","Trnava","Slovakia",NULL
2399,"Veronika Poláková","veronika.polakova@example.sk","+421901000008","VISITOR","2026-04-07 19:02:08.283669+02","Martin","Slovakia",NULL
2400,"Michaela Nagyová","michaela.nagyova@example.sk","+421901000009","VISITOR","2026-04-07 19:02:08.283669+02","Trenčín","Slovakia",NULL
2401,"Lenka Lukáčová","lenka.lukacova@example.sk","+421901000010","VISITOR","2026-04-07 19:02:08.283669+02","Poprad","Slovakia",NULL
2402,"Barbora Rusnáková","barbora.rusnakova@example.sk","+421901000011","VISITOR","2026-04-07 19:02:08.283669+02","Prievidza","Slovakia",NULL
2403,"Olena Shevchenko","olena.shevchenko@example.sk","+421901000012","VISITOR","2026-04-07 19:02:08.283669+02","Bratislava","Slovakia",NULL
2404,"Mária Hudáková","maria.hudakova@example.sk","+421901000013","VISITOR","2026-04-07 19:02:08.283669+02","Zvolen","Slovakia",NULL
2405,"Monika Antalová","monika.antalova@example.sk","+421901000014","VISITOR","2026-04-07 19:02:08.283669+02","Považská Bystrica","Slovakia",NULL
2406,"Dominika Kúšiková","dominika.kusikova@example.sk","+421901000015","VISITOR","2026-04-07 19:02:08.283669+02","Michalovce","Slovakia",NULL
2407,"Viktória Juhásová","viktoria.juhasova@example.sk","+421901000016","VISITOR","2026-04-07 19:02:08.283669+02","Nové Zámky","Slovakia",NULL
2408,"Ivana Gregušová","ivana.gregusova@example.sk","+421901000017","LOCAL","2026-04-07 19:02:08.283669+02","Tarifa","Spain",NULL
2409,"Terézia Fazekašová","terezia.fazekasova@example.sk","+421901000018","VISITOR","2026-04-07 19:02:08.283669+02","Komárno","Slovakia",NULL
2410,"Peter Varga","peter.varga@example.sk","+421901000019","VISITOR","2026-04-07 19:02:08.283669+02","Bratislava","Slovakia",NULL
2411,"Michal Tóth","michal.toth@example.sk","+421901000020","VISITOR","2026-04-07 19:02:08.283669+02","Košice","Slovakia",NULL
2412,"Marek Horváth","marek.horvath@example.sk","+421901000021","VISITOR","2026-04-07 19:02:08.283669+02","Prešov","Slovakia",NULL
2413,"Jakub Baláž","jakub.balaz@example.sk","+421901000022","VISITOR","2026-04-07 19:02:08.283669+02","Žilina","Slovakia",NULL
2414,"Tomáš Kováč","tomas.kovac@example.sk","+421901000023","VISITOR","2026-04-07 19:02:08.283669+02","Nitra","Slovakia",NULL
2415,"Martin Molnár","martin.molnar@example.sk","+421901000024","VISITOR","2026-04-07 19:02:08.283669+02","Banská Bystrica","Slovakia",NULL
2416,"Ladislav Szabó","ladislav.szabo@example.sk","+421901000025","LOCAL","2026-04-07 19:02:08.283669+02","Tarifa","Spain",NULL
2417,"Patrik Polák","patrik.polak@example.sk","+421901000026","VISITOR","2026-04-07 19:02:08.283669+02","Martin","Slovakia",NULL
2418,"Andrej Nagy","andrej.nagy@example.sk","+421901000027","VISITOR","2026-04-07 19:02:08.283669+02","Trenčín","Slovakia",NULL
2419,"Oleksandr Bondarenko","oleksandr.bondarenko@example.sk","+421901000028","LOCAL","2026-04-07 19:02:08.283669+02","Tarifa","Spain",NULL
2420,"Jozef Lukáč","jozef.lukac@example.sk","+421901000029","VISITOR","2026-04-07 19:02:08.283669+02","Košice","Slovakia",NULL
2421,"Lukáš Rusnák","lukas.rusnak@example.sk","+421901000030","VISITOR","2026-04-07 19:02:08.283669+02","Prešov","Slovakia",NULL
2422,"Kristina Bērziņa","kristina.berzina@example.lv","+37120100001","VISITOR","2026-04-07 19:04:39.349009+02","Riga","Latvia",NULL
2423,"Laura Kazlauskaitė","laura.kazlauskaite@example.lt","+37060100002","VISITOR","2026-04-07 19:04:39.349009+02","Vilnius","Lithuania",NULL
2424,"Egle Paulauskienė","egle.paulauskiene@example.lt","+37060100003","VISITOR","2026-04-07 19:04:39.349009+02","Kaunas","Lithuania",NULL
2425,"Inese Jankovska","inese.jankovska@example.lv","+37120100004","VISITOR","2026-04-07 19:04:39.349009+02","Daugavpils","Latvia",NULL
2426,"Gabija Petrauskaitė","gabija.petrauskaite@example.lt","+37060100005","VISITOR","2026-04-07 19:04:39.349009+02","Klaipėda","Lithuania",NULL
2427,"Kadri Tamm","kadri.tamm@example.ee","+37250100006","VISITOR","2026-04-07 19:04:39.349009+02","Tallinn","Estonia",NULL
2428,"Liene Ozoliņa","liene.ozolina@example.lv","+37120100007","VISITOR","2026-04-07 19:04:39.349009+02","Liepāja","Latvia",NULL
2429,"Austėja Butkutė","austeja.butkute@example.lt","+37060100008","VISITOR","2026-04-07 19:04:39.349009+02","Šiauliai","Lithuania",NULL
2430,"Maria Ivanovaitė","maria.ivanovaite@example.lt","+37060100009","VISITOR","2026-04-07 19:04:39.349009+02","Panevėžys","Lithuania",NULL
2431,"Olena Shevchenko","olena.shevchenko@example.lv","+37120100010","VISITOR","2026-04-07 19:04:39.349009+02","Riga","Latvia",NULL
2432,"Triin Kask","triin.kask@example.ee","+37250100011","VISITOR","2026-04-07 19:04:39.349009+02","Tartu","Estonia",NULL
2433,"Rasa Vasiliauskienė","rasa.vasiliauskiene@example.lt","+37060100012","VISITOR","2026-04-07 19:04:39.349009+02","Vilnius","Lithuania",NULL
2434,"Kristīne Kalniņa","kristine.kalnina@example.lv","+37120100013","VISITOR","2026-04-07 19:04:39.349009+02","Jelgava","Latvia",NULL
2435,"Anna Kovaļova","anna.kovalova@example.lv","+37120100014","VISITOR","2026-04-07 19:04:39.349009+02","Jūrmala","Latvia",NULL
2436,"Jurgita Stankevičiūtė","jurgita.stankeviciute@example.lt","+37060100015","VISITOR","2026-04-07 19:04:39.349009+02","Kaunas","Lithuania",NULL
2437,"Maarja Sepp","maarja.sepp@example.ee","+37250100016","VISITOR","2026-04-07 19:04:39.349009+02","Pärnu","Estonia",NULL
2438,"Viktorija Priede","viktorija.priede@example.lv","+37120100017","VISITOR","2026-04-07 19:04:39.349009+02","Ventspils","Latvia",NULL
2439,"Dovilė Marcinkevičiūtė","dovile.marcinkeviciute@example.lt","+37060100018","VISITOR","2026-04-07 19:04:39.349009+02","Vilnius","Lithuania",NULL
2440,"Jānis Bērziņš","janis.berzins@example.lv","+37120100019","VISITOR","2026-04-07 19:04:39.349009+02","Riga","Latvia",NULL
2441,"Mindaugas Kazlauskas","mindaugas.kazlauskas@example.lt","+37060100020","VISITOR","2026-04-07 19:04:39.349009+02","Vilnius","Lithuania",NULL
2442,"Mantas Jankauskas","mantas.jankauskas@example.lt","+37060100021","VISITOR","2026-04-07 19:04:39.349009+02","Kaunas","Lithuania",NULL
2443,"Andrejs Ozoliņš","andrejs.ozolins@example.lv","+37120100022","VISITOR","2026-04-07 19:04:39.349009+02","Riga","Latvia",NULL
2444,"Vytautas Petrauskas","vytautas.petrauskas@example.lt","+37060100023","VISITOR","2026-04-07 19:04:39.349009+02","Klaipėda","Lithuania",NULL
2445,"Kristaps Kalniņš","kristaps.kalnins@example.lv","+37120100024","VISITOR","2026-04-07 19:04:39.349009+02","Valmiera","Latvia",NULL
2446,"Maksims Ivanovs","maksims.ivanovs@example.lv","+37120100025","VISITOR","2026-04-07 19:04:39.349009+02","Daugavpils","Latvia",NULL
2447,"Alexander Schmidt","alexander.schmidt@example.ee","+37250100026","VISITOR","2026-04-07 19:04:39.349009+02","Tallinn","Estonia",NULL
2448,"Marko Kask","marko.kask@example.ee","+37250100027","VISITOR","2026-04-07 19:04:39.349009+02","Narva","Estonia",NULL
2449,"Darius Stankevičius","darius.stankevicius@example.lt","+37060100028","VISITOR","2026-04-07 19:04:39.349009+02","Vilnius","Lithuania",NULL
2450,"Artūrs Krūmiņš","arturs.krumins@example.lv","+37120100029","VISITOR","2026-04-07 19:04:39.349009+02","Riga","Latvia",NULL
2451,"Oleksandr Bondarenko","oleksandr.bondarenko@example.ee","+37250100030","VISITOR","2026-04-07 19:04:39.349009+02","Tallinn","Estonia",NULL
2452,"Anna Nagy","anna.nagy@example.hu","+3611000001","VISITOR","2026-04-07 19:08:00.434874+02","Budapest","Hungary",NULL
2453,"Vivien Kovács","vivien.kovacs@example.hu","+3652100002","VISITOR","2026-04-07 19:08:00.434874+02","Debrecen","Hungary",NULL
2454,"Petra Szabó","petra.szabo@example.hu","+3662100003","LOCAL","2026-04-07 19:08:00.434874+02","Tarifa","Spain",NULL
2455,"Kinga Tóth","kinga.toth@example.hu","+3646100004","VISITOR","2026-04-07 19:08:00.434874+02","Miskolc","Hungary",NULL
2456,"Bianka Horváth","bianka.horvath@example.hu","+3672100005","VISITOR","2026-04-07 19:08:00.434874+02","Pécs","Hungary",NULL
2457,"Réka Varga","reka.varga@example.hu","+3634100006","VISITOR","2026-04-07 19:08:00.434874+02","Győr","Hungary",NULL
2458,"Fanni Kiss","fanni.kiss@example.hu","+3622100007","VISITOR","2026-04-07 19:08:00.434874+02","Székesfehérvár","Hungary",NULL
2459,"Dorottya Molnár","dorottya.molnar@example.hu","+3676100008","LOCAL","2026-04-07 19:08:00.434874+02","Tarifa","Spain",NULL
2460,"Nikolett Németh","nikolett.nemeth@example.hu","+3642100009","VISITOR","2026-04-07 19:08:00.434874+02","Nyíregyháza","Hungary",NULL
2461,"Eszter Farkas","eszter.farkas@example.hu","+3666100010","VISITOR","2026-04-07 19:08:00.434874+02","Békéscsaba","Hungary",NULL
2462,"Alexandra Papp","alexandra.papp@example.hu","+3694100011","VISITOR","2026-04-07 19:08:00.434874+02","Szombathely","Hungary",NULL
2463,"Enikő Balog","eniko.balog@example.hu","+3688100012","VISITOR","2026-04-07 19:08:00.434874+02","Veszprém","Hungary",NULL
2464,"Zsófia Takács","zsofia.takacs@example.hu","+3656100013","VISITOR","2026-04-07 19:08:00.434874+02","Szolnok","Hungary",NULL
2465,"Noémi Juhász","noemi.juhasz@example.hu","+3636100014","VISITOR","2026-04-07 19:08:00.434874+02","Eger","Hungary",NULL
2466,"Olena Shevchenko","olena.shevchenko@example.hu","+3611000015","VISITOR","2026-04-07 19:08:00.434874+02","Budapest","Hungary",NULL
2467,"Meryem Demir","meryem.demir@example.hu","+3652100016","VISITOR","2026-04-07 19:08:00.434874+02","Debrecen","Hungary",NULL
2468,"Maria Lakatos","maria.lakatos@example.hu","+3662100017","VISITOR","2026-04-07 19:08:00.434874+02","Szeged","Hungary",NULL
2469,"Barbara Székely","barbara.szekely@example.hu","+3646100018","LOCAL","2026-04-07 19:08:00.434874+02","Tarifa","Spain",NULL
2470,"Bence Nagy","bence.nagy@example.hu","+3672100019","VISITOR","2026-04-07 19:08:00.434874+02","Pécs","Hungary",NULL
2471,"Máté Kovács","mate.kovacs@example.hu","+3634100020","VISITOR","2026-04-07 19:08:00.434874+02","Győr","Hungary",NULL
2472,"Balázs Szabó","balazs.szabo@example.hu","+3622100021","VISITOR","2026-04-07 19:08:00.434874+02","Székesfehérvár","Hungary",NULL
2473,"Dániel Tóth","daniel.toth@example.hu","+3676100022","LOCAL","2026-04-07 19:08:00.434874+02","Tarifa","Spain",NULL
2474,"Tamás Horváth","tamas.horvath@example.hu","+3642100023","VISITOR","2026-04-07 19:08:00.434874+02","Nyíregyháza","Hungary",NULL
2475,"Ádám Varga","adam.varga@example.hu","+3666100024","VISITOR","2026-04-07 19:08:00.434874+02","Békéscsaba","Hungary",NULL
2476,"Gergő Kiss","gergo.kiss@example.hu","+3694100025","VISITOR","2026-04-07 19:08:00.434874+02","Szombathely","Hungary",NULL
2477,"Zoltán Molnár","zoltan.molnar@example.hu","+3688100026","VISITOR","2026-04-07 19:08:00.434874+02","Veszprém","Hungary",NULL
2478,"Péter Németh","peter.nemeth@example.hu","+3611000027","VISITOR","2026-04-07 19:08:00.434874+02","Budapest","Hungary",NULL
2479,"Oleksandr Bondarenko","oleksandr.bondarenko@example.hu","+3652100028","LOCAL","2026-04-07 19:08:00.434874+02","Tarifa","Spain",NULL
2480,"Krisztián Farkas","krisztian.farkas@example.hu","+3662100029","VISITOR","2026-04-07 19:08:00.434874+02","Szeged","Hungary",NULL
2481,"Ahmed Mansour","ahmed.mansour@example.hu","+3646100030","VISITOR","2026-04-07 19:08:00.434874+02","Miskolc","Hungary",NULL
2482,"Maria Papadopoulou","maria.papadopoulou@example.gr","+302101000001","VISITOR","2026-04-07 19:11:29.53605+02","Athens","Greece",NULL
2483,"Eleni Georgiou","eleni.georgiou@example.gr","+302310100002","VISITOR","2026-04-07 19:11:29.53605+02","Thessaloniki","Greece",NULL
2484,"Katerina Dimitriou","katerina.dimitriou@example.gr","+302610100003","VISITOR","2026-04-07 19:11:29.53605+02","Patras","Greece",NULL
2485,"Ioanna Nikolau","ioanna.nikolau@example.gr","+302810100004","VISITOR","2026-04-07 19:11:29.53605+02","Heraklion","Greece",NULL
2486,"Sofia Angelopoulou","sofia.angelopoulou@example.gr","+302410100005","VISITOR","2026-04-07 19:11:29.53605+02","Larissa","Greece",NULL
2487,"Anastasia Pappa","anastasia.pappa@example.gr","+302421010006","VISITOR","2026-04-07 19:11:29.53605+02","Volos","Greece",NULL
2488,"Georgia Karagianni","georgia.karagianni@example.gr","+302321010007","VISITOR","2026-04-07 19:11:29.53605+02","Serres","Greece",NULL
2489,"Vasiliki Christopoulou","vasiliki.christopoulou@example.gr","+302101000008","VISITOR","2026-04-07 19:11:29.53605+02","Piraeus","Greece",NULL
2490,"Dimitra Makri","dimitra.makri@example.gr","+302551010009","VISITOR","2026-04-07 19:11:29.53605+02","Alexandroupoli","Greece",NULL
2491,"Despoina Athanasiou","despoina.athanasiou@example.gr","+302721010010","LOCAL","2026-04-07 19:11:29.53605+02","Tarifa","Spain",NULL
2492,"Kalliopi Katsarou","kalliopi.katsarou@example.gr","+302651010011","VISITOR","2026-04-07 19:11:29.53605+02","Ioannina","Greece",NULL
2493,"Evangelia Diakaki","evangelia.diakaki@example.gr","+302241010012","VISITOR","2026-04-07 19:11:29.53605+02","Rhodes","Greece",NULL
2494,"Marina Giannaki","marina.giannaki@example.gr","+302821010013","VISITOR","2026-04-07 19:11:29.53605+02","Chania","Greece",NULL
2495,"Artemis Galani","artemis.galani@example.gr","+302101000014","LOCAL","2026-04-07 19:11:29.53605+02","Tarifa","Spain",NULL
2496,"Leyla Demir","leyla.demir@example.gr","+302310100015","VISITOR","2026-04-07 19:11:29.53605+02","Thessaloniki","Greece",NULL
2497,"Olena Bondarenko","olena.bondarenko@example.gr","+302101000016","VISITOR","2026-04-07 19:11:29.53605+02","Piraeus","Greece",NULL
2498,"Chloe Xanthopoulou","chloe.xanthopoulou@example.gr","+302661010017","VISITOR","2026-04-07 19:11:29.53605+02","Corfu","Greece",NULL
2499,"Anna-Maria Vlachos","anna-maria.vlachos@example.gr","+302101000018","VISITOR","2026-04-07 19:11:29.53605+02","Athens","Greece",NULL
2500,"Georgios Papadopoulos","georgios.papadopoulos@example.gr","+302101000019","VISITOR","2026-04-07 19:11:29.53605+02","Athens","Greece",NULL
2501,"Konstantinos Georgiou","konstantinos.georgiou@example.gr","+302310100020","VISITOR","2026-04-07 19:11:29.53605+02","Thessaloniki","Greece",NULL
2502,"Dimitrios Pappa","dimitrios.pappa@example.gr","+302610100021","VISITOR","2026-04-07 19:11:29.53605+02","Patras","Greece",NULL
2503,"Ioannis Nikolau","ioannis.nikolau@example.gr","+302810100022","LOCAL","2026-04-07 19:11:29.53605+02","Tarifa","Spain",NULL
2504,"Nikolaos Dimitriou","nikolaos.dimitriou@example.gr","+302410100023","VISITOR","2026-04-07 19:11:29.53605+02","Larissa","Greece",NULL
2505,"Alexandros Angelopoulos","alexandros.angelopoulos@example.gr","+302421010024","VISITOR","2026-04-07 19:11:29.53605+02","Volos","Greece",NULL
2506,"Christos Karagiannis","christos.karagiannis@example.gr","+302321010025","VISITOR","2026-04-07 19:11:29.53605+02","Serres","Greece",NULL
2507,"Panagiotis Makris","panagiotis.makris@example.gr","+302101000026","LOCAL","2026-04-07 19:11:29.53605+02","Tarifa","Spain",NULL
2508,"Spyridon Athanasiou","spyridon.athanasiou@example.gr","+302101000027","VISITOR","2026-04-07 19:11:29.53605+02","Athens","Greece",NULL
2509,"Michalis Vlachos","michalis.vlachos@example.gr","+302101000028","VISITOR","2026-04-07 19:11:29.53605+02","Piraeus","Greece",NULL
2510,"Ahmed Mansour","ahmed.mansour@example.gr","+302310100029","VISITOR","2026-04-07 19:11:29.53605+02","Thessaloniki","Greece",NULL
2511,"Stefan Schmidt","stefan.schmidt@example.gr","+302101000030","VISITOR","2026-04-07 19:11:29.53605+02","Athens","Greece",NULL
2512,"Lukas Müller","lukas.mueller@example.de","+491511000001","VISITOR","2026-04-07 19:16:06.791823+02","Berlin","Germany",NULL
2513,"Lina Schmidt","lina.schmidt@example.de","+491511000002","VISITOR","2026-04-07 19:16:06.791823+02","Munich","Germany",NULL
2514,"Finn Schneider","finn.schneider@example.de","+491511000003","VISITOR","2026-04-07 19:16:06.791823+02","Hamburg","Germany",NULL
2515,"Emma Fischer","emma.fischer@example.de","+491511000004","VISITOR","2026-04-07 19:16:06.791823+02","Cologne","Germany",NULL
2516,"Leon Weber","leon.weber@example.de","+491511000005","VISITOR","2026-04-07 19:16:06.791823+02","Frankfurt","Germany",NULL
2517,"Mia Meyer","mia.meyer@example.de","+491511000006","VISITOR","2026-04-07 19:16:06.791823+02","Stuttgart","Germany",NULL
2518,"Noah Wagner","noah.wagner@example.de","+491511000007","VISITOR","2026-04-07 19:16:06.791823+02","Düsseldorf","Germany",NULL
2519,"Sofia Becker","sofia.becker@example.de","+491511000008","VISITOR","2026-04-07 19:16:06.791823+02","Dortmund","Germany",NULL
2520,"Elias Schulz","elias.schulz@example.de","+491511000009","VISITOR","2026-04-07 19:16:06.791823+02","Essen","Germany",NULL
2521,"Mila Hoffmann","mila.hoffmann@example.de","+491511000010","VISITOR","2026-04-07 19:16:06.791823+02","Leipzig","Germany",NULL
2522,"Ben Schäfer","ben.schaefer@example.de","+491511000011","VISITOR","2026-04-07 19:16:06.791823+02","Bremen","Germany",NULL
2523,"Ella Koch","ella.koch@example.de","+491511000012","VISITOR","2026-04-07 19:16:06.791823+02","Dresden","Germany",NULL
2524,"Luis Bauer","luis.bauer@example.de","+491511000013","VISITOR","2026-04-07 19:16:06.791823+02","Hanover","Germany",NULL
2525,"Clara Richter","clara.richter@example.de","+491511000014","VISITOR","2026-04-07 19:16:06.791823+02","Nuremberg","Germany",NULL
2526,"Jonas Klein","jonas.klein@example.de","+491511000015","VISITOR","2026-04-07 19:16:06.791823+02","Duisburg","Germany",NULL
2527,"Marie Wolf","marie.wolf@example.de","+491511000016","VISITOR","2026-04-07 19:16:06.791823+02","Bochum","Germany",NULL
2528,"Felix Schröder","felix.schroeder@example.de","+491511000017","VISITOR","2026-04-07 19:16:06.791823+02","Wuppertal","Germany",NULL
2529,"Lea Neumann","lea.neumann@example.de","+491511000018","VISITOR","2026-04-07 19:16:06.791823+02","Bielefeld","Germany",NULL
2530,"Maximilian Schwarz","maximilian.schwarz@example.de","+491511000019","VISITOR","2026-04-07 19:16:06.791823+02","Bonn","Germany",NULL
2531,"Emily Zimmermann","emily.zimmermann@example.de","+491511000020","VISITOR","2026-04-07 19:16:06.791823+02","Münster","Germany",NULL
2532,"Paul Braun","paul.braun@example.de","+491511000021","VISITOR","2026-04-07 19:16:06.791823+02","Karlsruhe","Germany",NULL
2533,"Amelie Krüger","amelie.krueger@example.de","+491511000022","VISITOR","2026-04-07 19:16:06.791823+02","Mannheim","Germany",NULL
2534,"Henry Hofmann","henry.hofmann@example.de","+491511000023","VISITOR","2026-04-07 19:16:06.791823+02","Augsburg","Germany",NULL
2535,"Sophie Hartmann","sophie.hartmann@example.de","+491511000024","VISITOR","2026-04-07 19:16:06.791823+02","Wiesbaden","Germany",NULL
2536,"Julian Lange","julian.lange@example.de","+491511000025","VISITOR","2026-04-07 19:16:06.791823+02","Gelsenkirchen","Germany",NULL
2537,"Charlotte Schmitt","charlotte.schmitt@example.de","+491511000026","VISITOR","2026-04-07 19:16:06.791823+02","Mönchengladbach","Germany",NULL
2538,"Tim Werner","tim.werner@example.de","+491511000027","VISITOR","2026-04-07 19:16:06.791823+02","Braunschweig","Germany",NULL
2539,"Hannah Krause","hannah.krause@example.de","+491511000028","VISITOR","2026-04-07 19:16:06.791823+02","Chemnitz","Germany",NULL
2540,"David Meier","david.meier@example.de","+491511000029","VISITOR","2026-04-07 19:16:06.791823+02","Kiel","Germany",NULL
2541,"Luisa Schmid","luisa.schmid@example.de","+491511000030","VISITOR","2026-04-07 19:16:06.791823+02","Aachen","Germany",NULL
2542,"Moritz Sommer","moritz.sommer@example.de","+491511000031","VISITOR","2026-04-07 19:16:06.791823+02","Halle","Germany",NULL
2543,"Laura Franke","laura.franke@example.de","+491511000032","VISITOR","2026-04-07 19:16:06.791823+02","Magdeburg","Germany",NULL
2544,"Jakob Vogel","jakob.vogel@example.de","+491511000033","VISITOR","2026-04-07 19:16:06.791823+02","Freiburg","Germany",NULL
2545,"Anna Berger","anna.創造ger@example.de","+491511000034","VISITOR","2026-04-07 19:16:06.791823+02","Krefeld","Germany",NULL
2546,"Philipp Kaiser","philipp.kaiser@example.de","+491511000035","VISITOR","2026-04-07 19:16:06.791823+02","Lübeck","Germany",NULL
2547,"Johanna Möller","johanna.moeller@example.de","+491511000036","VISITOR","2026-04-07 19:16:06.791823+02","Oberhausen","Germany",NULL
2548,"Bastian Friedrich","bastian.friedrich@example.de","+491511000037","VISITOR","2026-04-07 19:16:06.791823+02","Erfurt","Germany",NULL
2549,"Victoria Günther","victoria.guenther@example.de","+491511000038","VISITOR","2026-04-07 19:16:06.791823+02","Mainz","Germany",NULL
2550,"Samuel Haas","samuel.haas@example.de","+491511000039","VISITOR","2026-04-07 19:16:06.791823+02","Rostock","Germany",NULL
2551,"Mathilda Herrmann","mathilda.herrmann@example.de","+491511000040","VISITOR","2026-04-07 19:16:06.791823+02","Kassel","Germany",NULL
2552,"Alexander Jung","alexander.jung@example.de","+491511000041","VISITOR","2026-04-07 19:16:06.791823+02","Hagen","Germany",NULL
2553,"Isabel Schreiber","isabel.schreiber@example.de","+491511000042","VISITOR","2026-04-07 19:16:06.791823+02","Hamm","Germany",NULL
2554,"Jan Peters","jan.peters@example.de","+491511000043","VISITOR","2026-04-07 19:16:06.791823+02","Saarbrücken","Germany",NULL
2555,"Ida Roth","ida.roth@example.de","+491511000044","VISITOR","2026-04-07 19:16:06.791823+02","Mülheim","Germany",NULL
2556,"Fabian Beck","fabian.beck@example.de","+491511000045","VISITOR","2026-04-07 19:16:06.791823+02","Potsdam","Germany",NULL
2557,"Sarah Ludwig","sarah.ludwig@example.de","+491511000046","LOCAL","2026-04-07 19:16:06.791823+02","Tarifa","Spain",NULL
2558,"Lukas Winkler","lukas.winkler@example.de","+491511000047","VISITOR","2026-04-07 19:16:06.791823+02","Oldenburg","Germany",NULL
2559,"Mara Simon","mara.simon@example.de","+491511000048","VISITOR","2026-04-07 19:16:06.791823+02","Leverkusen","Germany",NULL
2560,"Nico Jäger","nico.jaeger@example.de","+491511000049","VISITOR","2026-04-07 19:16:06.791823+02","Osnabrück","Germany",NULL
2561,"Leni Frank","leni.frank@example.de","+491511000050","VISITOR","2026-04-07 19:16:06.791823+02","Solingen","Germany",NULL
2562,"Erik Albrecht","erik.albrecht@example.de","+491511000051","VISITOR","2026-04-07 19:16:06.791823+02","Heidelberg","Germany",NULL
2563,"Alina Schuster","alina.schuster@example.de","+491511000052","VISITOR","2026-04-07 19:16:06.791823+02","Herne","Germany",NULL
2564,"Timo Keller","timo.keller@example.de","+491511000053","VISITOR","2026-04-07 19:16:06.791823+02","Neuss","Germany",NULL
2565,"Elena Otto","elena.otto@example.de","+491511000054","VISITOR","2026-04-07 19:16:06.791823+02","Darmstadt","Germany",NULL
2566,"Marius Pader","marius.pader@example.de","+491511000055","VISITOR","2026-04-07 19:16:06.791823+02","Paderborn","Germany",NULL
2567,"Frieda Lorenz","frieda.lorenz@example.de","+491511000056","VISITOR","2026-04-07 19:16:06.791823+02","Regensburg","Germany",NULL
2568,"Kilian Brandt","kilian.brandt@example.de","+491511000057","VISITOR","2026-04-07 19:16:06.791823+02","Ingolstadt","Germany",NULL
2569,"Nele Krauss","nele.krauss@example.de","+491511000058","VISITOR","2026-04-07 19:16:06.791823+02","Würzburg","Germany",NULL
2570,"Mats Schulte","mats.schulte@example.de","+491511000059","VISITOR","2026-04-07 19:16:06.791823+02","Wolfsburg","Germany",NULL
2571,"Paula Graf","paula.graf@example.de","+491511000060","VISITOR","2026-04-07 19:16:06.791823+02","Offenbach","Germany",NULL
2572,"Hannes Stein","hannes.stein@example.de","+491511000061","VISITOR","2026-04-07 19:16:06.791823+02","Ulm","Germany",NULL
2573,"Ronja Gärtner","ronja.gaertner@example.de","+491511000062","VISITOR","2026-04-07 19:16:06.791823+02","Heilbronn","Germany",NULL
2574,"Tom Sauer","tom.sauer@example.de","+491511000063","LOCAL","2026-04-07 19:16:06.791823+02","Tarifa","Spain",NULL
2575,"Nora Arnold","nora.arnold@example.de","+491511000064","VISITOR","2026-04-07 19:16:06.791823+02","Göttingen","Germany",NULL
2576,"Jonathan Kuhn","jonathan.kuhn@example.de","+491511000065","VISITOR","2026-04-07 19:16:06.791823+02","Bottrop","Germany",NULL
2577,"Theresa Engel","theresa.engel@example.de","+491511000066","VISITOR","2026-04-07 19:16:06.791823+02","Recklinghausen","Germany",NULL
2578,"Anton Horn","anton.horn@example.de","+491511000067","VISITOR","2026-04-07 19:16:06.791823+02","Reutlingen","Germany",NULL
2579,"Svea Busch","svea.busch@example.de","+491511000068","VISITOR","2026-04-07 19:16:06.791823+02","Koblenz","Germany",NULL
2580,"Lennard Berg","lennard.berg@example.de","+491511000069","VISITOR","2026-04-07 19:16:06.791823+02","Bremerhaven","Germany",NULL
2581,"Maya Thomas","maya.thomas@example.de","+491511000070","VISITOR","2026-04-07 19:16:06.791823+02","Erlangen","Germany",NULL
2582,"Christian Voigt","christian.voigt@example.de","+491511000071","VISITOR","2026-04-07 19:16:06.791823+02","Bergisch Gladbach","Germany",NULL
2583,"Karla Wolff","karla.wolff@example.de","+491511000072","VISITOR","2026-04-07 19:16:06.791823+02","Jena","Germany",NULL
2584,"Markus Maurer","markus.maurer@example.de","+491511000073","VISITOR","2026-04-07 19:16:06.791823+02","Remscheid","Germany",NULL
2585,"Lisa Beyer","lisa.beyer@example.de","+491511000074","VISITOR","2026-04-07 19:16:06.791823+02","Trier","Germany",NULL
2586,"Dominik Seidel","dominik.seidel@example.de","+491511000075","VISITOR","2026-04-07 19:16:06.791823+02","Salzgitter","Germany",NULL
2587,"Jule Ernst","jule.ernst@example.de","+491511000076","VISITOR","2026-04-07 19:16:06.791823+02","Moers","Germany",NULL
2588,"Sandro Pfeifer","sandro.pfeifer@example.de","+491511000077","VISITOR","2026-04-07 19:16:06.791823+02","Siegen","Germany",NULL
2589,"Mina Winter","mina.winter@example.de","+491511000078","VISITOR","2026-04-07 19:16:06.791823+02","Hildesheim","Germany",NULL
2590,"Oliver Köhler","oliver.koehler@example.de","+491511000079","VISITOR","2026-04-07 19:16:06.791823+02","Cottbus","Germany",NULL
2591,"Luise Bach","luise.bach@example.de","+491511000080","VISITOR","2026-04-07 19:16:06.791823+02","Gießen","Germany",NULL
2592,"Leonard Krämer","leonard.kraemer@example.de","+491511000081","LOCAL","2026-04-07 19:16:06.791823+02","Tarifa","Spain",NULL
2593,"Pia Lindner","pia.lindner@example.de","+491511000082","VISITOR","2026-04-07 19:16:06.791823+02","Gütersloh","Germany",NULL
2594,"Valentin Kern","valentin.kern@example.de","+491511000083","VISITOR","2026-04-07 19:16:06.791823+02","Schwerin","Germany",NULL
2595,"Romy Krug","romy.krug@example.de","+491511000084","VISITOR","2026-04-07 19:16:06.791823+02","Witten","Germany",NULL
2596,"Adrian Scholz","adrian.scholz@example.de","+491511000085","VISITOR","2026-04-07 19:16:06.791823+02","Hanau","Germany",NULL
2597,"Finja Stephan","finja.stephan@example.de","+491511000086","VISITOR","2026-04-07 19:16:06.791823+02","Esslingen","Germany",NULL
2598,"Konstantin Paul","konstantin.paul@example.de","+491511000087","VISITOR","2026-04-07 19:16:06.791823+02","Ludwigsburg","Germany",NULL
2599,"Livia Merten","livia.merten@example.de","+491511000088","VISITOR","2026-04-07 19:16:06.791823+02","Iserlohn","Germany",NULL
2600,"Rafael Reuter","rafael.reuter@example.de","+491511000089","VISITOR","2026-04-07 19:16:06.791823+02","Düren","Germany",NULL
2601,"Tessa Binder","tessa.binder@example.de","+491511000090","LOCAL","2026-04-07 19:16:06.791823+02","Tarifa","Spain",NULL
2602,"Benno Schramm","benno.schramm@example.de","+491511000091","LOCAL","2026-04-07 19:16:06.791823+02","Tarifa","Spain",NULL
2603,"Greta Ahrens","greta.ahrens@example.de","+491511000092","VISITOR","2026-04-07 19:16:06.791823+02","Lünen","Germany",NULL
2604,"Mika Löffler","mika.loeffler@example.de","+491511000093","VISITOR","2026-04-07 19:16:06.791823+02","Flensburg","Germany",NULL
2605,"Anika Gruber","anika.gruber@example.de","+491511000094","VISITOR","2026-04-07 19:16:06.791823+02","Marl","Germany",NULL
2606,"Lennox Bär","lennox.baer@example.de","+491511000095","VISITOR","2026-04-07 19:16:06.791823+02","Villingen-Schwenningen","Germany",NULL
2607,"Malin Juhl","malin.juhl@example.de","+491511000096","VISITOR","2026-04-07 19:16:06.791823+02","Gera","Germany",NULL
2608,"Arne Wunder","arne.wunder@example.de","+491511000097","VISITOR","2026-04-07 19:16:06.791823+02","Konstanz","Germany",NULL
2609,"Fiona Stark","fiona.stark@example.de","+491511000098","VISITOR","2026-04-07 19:16:06.791823+02","Neumünster","Germany",NULL
2610,"Haldor Kuhl","haldor.kuhl@example.de","+491511000099","VISITOR","2026-04-07 19:16:06.791823+02","Norderstedt","Germany",NULL
2611,"Jasmin Busch","jasmin.busch@example.de","+491511000100","VISITOR","2026-04-07 19:16:06.791823+02","Bamberg","Germany",NULL
2612,"Stefanie Wagner","stefanie.wagner@example.de","+491512000001","VISITOR","2026-04-07 19:21:28.411395+02","Berlin","Germany",NULL
2613,"Ulrike Fischer","ulrike.fischer@example.de","+491512000002","LOCAL","2026-04-07 19:21:28.411395+02","Tarifa","Spain",NULL
2614,"Jana Neumann","jana.neumann@example.de","+491512000003","VISITOR","2026-04-07 19:21:28.411395+02","Munich","Germany",NULL
2615,"Christine Weber","christine.weber@example.de","+491512000004","VISITOR","2026-04-07 19:21:28.411395+02","Cologne","Germany",NULL
2616,"Christiane Schulz","christiane.schulz@example.de","+491512000005","VISITOR","2026-04-07 19:21:28.411395+02","Frankfurt","Germany",NULL
2617,"Juliane Becker","juliane.becker@example.de","+491512000006","VISITOR","2026-04-07 19:21:28.411395+02","Stuttgart","Germany",NULL
2618,"Auguste Hoffmann","auguste.hoffmann@example.de","+491512000007","VISITOR","2026-04-07 19:21:28.411395+02","Leipzig","Germany",NULL
2619,"Christian Meyer","christian.meyer@example.de","+491512000008","VISITOR","2026-04-07 19:21:28.411395+02","Dortmund","Germany",NULL
2620,"Thomas Müller","thomas.mueller@example.de","+491512000009","VISITOR","2026-04-07 19:21:28.411395+02","Essen","Germany",NULL
2621,"Andreas Schmidt","andreas.schmidt@example.de","+491512000010","VISITOR","2026-04-07 19:21:28.411395+02","Düsseldorf","Germany",NULL
2622,"Michael Schneider","michael.schneider@example.de","+491512000011","VISITOR","2026-04-07 19:21:28.411395+02","Bremen","Germany",NULL
2623,"Friedrich Koch","friedrich.koch@example.de","+491512000012","VISITOR","2026-04-07 19:21:28.411395+02","Dresden","Germany",NULL
2624,"Wilhelm Richter","wilhelm.richter@example.de","+491512000013","VISITOR","2026-04-07 19:21:28.411395+02","Hanover","Germany",NULL
2625,"Nicole Klein","nicole.klein@example.de","+491512000014","VISITOR","2026-04-07 19:21:28.411395+02","Nuremberg","Germany",NULL
2626,"Manuela Wolf","manuela.wolf@example.de","+491512000015","VISITOR","2026-04-07 19:21:28.411395+02","Duisburg","Germany",NULL
2627,"Anke Schröder","anke.schroeder@example.de","+491512000016","VISITOR","2026-04-07 19:21:28.411395+02","Bochum","Germany",NULL
2628,"Sabine Schwarz","sabine.schwarz@example.de","+491512000017","VISITOR","2026-04-07 19:21:28.411395+02","Wuppertal","Germany",NULL
2629,"Claudia Zimmermann","claudia.zimmermann@example.de","+491512000018","VISITOR","2026-04-07 19:21:28.411395+02","Bielefeld","Germany",NULL
2630,"Bärbel Braun","baerbel.braun@example.de","+491512000019","VISITOR","2026-04-07 19:21:28.411395+02","Bonn","Germany",NULL
2631,"Gerhard Krüger","gerhard.krueger@example.de","+491512000020","VISITOR","2026-04-07 19:21:28.411395+02","Münster","Germany",NULL
2632,"Hans Hofmann","hans.hofmann@example.de","+491512000021","VISITOR","2026-04-07 19:21:28.411395+02","Karlsruhe","Germany",NULL
2633,"Otto Hartmann","otto.hartmann@example.de","+491512000022","VISITOR","2026-04-07 19:21:28.411395+02","Mannheim","Germany",NULL
2634,"Karl Lange","karl.lange@example.de","+491512000023","VISITOR","2026-04-07 19:21:28.411395+02","Augsburg","Germany",NULL
2635,"Melanie Schmitt","melanie.schmitt@example.de","+491512000024","VISITOR","2026-04-07 19:21:28.411395+02","Wiesbaden","Germany",NULL
2636,"Sandra Werner","sandra.werner@example.de","+491512000025","VISITOR","2026-04-07 19:21:28.411395+02","Gelsenkirchen","Germany",NULL
2637,"Heike Krause","heike.krause@example.de","+491512000026","VISITOR","2026-04-07 19:21:28.411395+02","Mönchengladbach","Germany",NULL
2638,"Katja Meier","katja.meier@example.de","+491512000027","LOCAL","2026-04-07 19:21:28.411395+02","Tarifa","Spain",NULL
2639,"Jürgen Schmid","juergen.schmid@example.de","+491512000028","VISITOR","2026-04-07 19:21:28.411395+02","Chemnitz","Germany",NULL
2640,"Stefan Franke","stefan.franke@example.de","+491512000029","VISITOR","2026-04-07 19:21:28.411395+02","Kiel","Germany",NULL
2641,"Bernd Vogel","bernd.vogel@example.de","+491512000030","VISITOR","2026-04-07 19:21:28.411395+02","Aachen","Germany",NULL
2642,"Ursula Berger","ursula.berger@example.de","+491512000031","VISITOR","2026-04-07 19:21:28.411395+02","Halle","Germany",NULL
2643,"Hildegard Kaiser","hildegard.kaiser@example.de","+491512000032","VISITOR","2026-04-07 19:21:28.411395+02","Magdeburg","Germany",NULL
2644,"Gertrud Möller","gertrud.moeller@example.de","+491512000033","VISITOR","2026-04-07 19:21:28.411395+02","Freiburg","Germany",NULL
2645,"Waltraud Friedrich","waltraud.friedrich@example.de","+491512000034","VISITOR","2026-04-07 19:21:28.411395+02","Krefeld","Germany",NULL
2646,"Margarete Günther","margarete.guenther@example.de","+491512000035","VISITOR","2026-04-07 19:21:28.411395+02","Lübeck","Germany",NULL
2647,"Sven Haas","sven.haas@example.de","+491512000036","VISITOR","2026-04-07 19:21:28.411395+02","Oberhausen","Germany",NULL
2648,"Torsten Herrmann","torsten.herrmann@example.de","+491512000037","VISITOR","2026-04-07 19:21:28.411395+02","Erfurt","Germany",NULL
2649,"Ralf Jung","ralf.jung@example.de","+491512000038","VISITOR","2026-04-07 19:21:28.411395+02","Mainz","Germany",NULL
2650,"Markus Schreiber","markus.schreiber@example.de","+491512000039","VISITOR","2026-04-07 19:21:28.411395+02","Rostock","Germany",NULL
2651,"Frank Peters","frank.peters@example.de","+491512000040","VISITOR","2026-04-07 19:21:28.411395+02","Kassel","Germany",NULL
2652,"Lukas Roth","lukas.roth@example.de","+491512000041","LOCAL","2026-04-07 19:21:28.411395+02","Tarifa","Spain",NULL
2653,"Leon Beck","leon.beck@example.de","+491512000042","VISITOR","2026-04-07 19:21:28.411395+02","Hamm","Germany",NULL
2654,"Finn Ludwig","finn.ludwig@example.de","+491512000043","VISITOR","2026-04-07 19:21:28.411395+02","Saarbrücken","Germany",NULL
2655,"Noah Winkler","noah.winkler@example.de","+491512000044","VISITOR","2026-04-07 19:21:28.411395+02","Mülheim","Germany",NULL
2656,"Mia Simon","mia.simon@example.de","+491512000045","VISITOR","2026-04-07 19:21:28.411395+02","Potsdam","Germany",NULL
2657,"Emma Jäger","emma.jaeger@example.de","+491512000046","VISITOR","2026-04-07 19:21:28.411395+02","Ludwigshafen","Germany",NULL
2658,"Sofia Frank","sofia.frank@example.de","+491512000047","VISITOR","2026-04-07 19:21:28.411395+02","Oldenburg","Germany",NULL
2659,"Mila Albrecht","mila.albrecht@example.de","+491512000048","VISITOR","2026-04-07 19:21:28.411395+02","Leverkusen","Germany",NULL
2660,"Ella Schuster","ella.schuster@example.de","+491512000049","VISITOR","2026-04-07 19:21:28.411395+02","Osnabrück","Germany",NULL
2661,"Clara Keller","clara.keller@example.de","+491512000050","VISITOR","2026-04-07 19:21:28.411395+02","Solingen","Germany",NULL
2662,"Heinrich Otto","heinrich.otto@example.de","+491512000051","VISITOR","2026-04-07 19:21:28.411395+02","Heidelberg","Germany",NULL
2663,"Ludwig Pader","ludwig.pader@example.de","+491512000052","VISITOR","2026-04-07 19:21:28.411395+02","Herne","Germany",NULL
2664,"Arthur Lorenz","arthur.lorenz@example.de","+491512000053","VISITOR","2026-04-07 19:21:28.411395+02","Neuss","Germany",NULL
2665,"Konrad Brandt","konrad.brandt@example.de","+491512000054","VISITOR","2026-04-07 19:21:28.411395+02","Darmstadt","Germany",NULL
2666,"Emil Krauss","emil.krauss@example.de","+491512000055","VISITOR","2026-04-07 19:21:28.411395+02","Paderborn","Germany",NULL
2667,"Mathilda Schulte","mathilda.schulte@example.de","+491512000056","VISITOR","2026-04-07 19:21:28.411395+02","Regensburg","Germany",NULL
2668,"Frieda Graf","frieda.graf@example.de","+491512000057","VISITOR","2026-04-07 19:21:28.411395+02","Ingolstadt","Germany",NULL
2669,"Ida Stein","ida.stein@example.de","+491512000058","VISITOR","2026-04-07 19:21:28.411395+02","Würzburg","Germany",NULL
2670,"Greta Gärtner","greta.gaertner@example.de","+491512000059","VISITOR","2026-04-07 19:21:28.411395+02","Wolfsburg","Germany",NULL
2671,"Leni Sauer","leni.sauer@example.de","+491512000060","VISITOR","2026-04-07 19:21:28.411395+02","Offenbach","Germany",NULL
2672,"Jens Arnold","jens.arnold@example.de","+491512000061","VISITOR","2026-04-07 19:21:28.411395+02","Ulm","Germany",NULL
2673,"Dirk Kuhn","dirk.kuhn@example.de","+491512000062","VISITOR","2026-04-07 19:21:28.411395+02","Heilbronn","Germany",NULL
2674,"Holger Engel","holger.engel@example.de","+491512000063","VISITOR","2026-04-07 19:21:28.411395+02","Pforzheim","Germany",NULL
2675,"Guido Horn","guido.horn@example.de","+491512000064","VISITOR","2026-04-07 19:21:28.411395+02","Göttingen","Germany",NULL
2676,"Karsten Busch","karsten.busch@example.de","+491512000065","VISITOR","2026-04-07 19:21:28.411395+02","Bottrop","Germany",NULL
2677,"Nadine Berg","nadine.berg@example.de","+491512000066","VISITOR","2026-04-07 19:21:28.411395+02","Recklinghausen","Germany",NULL
2678,"Daniela Thomas","daniela.thomas@example.de","+491512000067","VISITOR","2026-04-07 19:21:28.411395+02","Reutlingen","Germany",NULL
2679,"Tanja Voigt","tanja.voigt@example.de","+491512000068","VISITOR","2026-04-07 19:21:28.411395+02","Koblenz","Germany",NULL
2680,"Bianca Wolff","bianca.wolff@example.de","+491512000069","VISITOR","2026-04-07 19:21:28.411395+02","Bremerhaven","Germany",NULL
2681,"Yvonne Maurer","yvonne.maurer@example.de","+491512000070","VISITOR","2026-04-07 19:21:28.411395+02","Erlangen","Germany",NULL
2682,"Wolfgang Beyer","wolfgang.beyer@example.de","+491512000071","VISITOR","2026-04-07 19:21:28.411395+02","Bergisch Gladbach","Germany",NULL
2683,"Siegfried Seidel","siegfried.seidel@example.de","+491512000072","VISITOR","2026-04-07 19:21:28.411395+02","Jena","Germany",NULL
2684,"Helmut Ernst","helmut.ernst@example.de","+491512000073","VISITOR","2026-04-07 19:21:28.411395+02","Remscheid","Germany",NULL
2685,"Herbert Pfeifer","herbert.pfeifer@example.de","+491512000074","VISITOR","2026-04-07 19:21:28.411395+02","Trier","Germany",NULL
2686,"Reinhold Winter","reinhold.winter@example.de","+491512000075","VISITOR","2026-04-07 19:21:28.411395+02","Salzgitter","Germany",NULL
2687,"Elke Köhler","elke.koehler@example.de","+491512000076","LOCAL","2026-04-07 19:21:28.411395+02","Tarifa","Spain",NULL
2688,"Sigrid Bach","sigrid.bach@example.de","+491512000077","VISITOR","2026-04-07 19:21:28.411395+02","Siegen","Germany",NULL
2689,"Dagmar Krämer","dagmar.kraemer@example.de","+491512000078","VISITOR","2026-04-07 19:21:28.411395+02","Hildesheim","Germany",NULL
2690,"Inge Lindner","inge.lindner@example.de","+491512000079","VISITOR","2026-04-07 19:21:28.411395+02","Cottbus","Germany",NULL
2691,"Renate Kern","renate.kern@example.de","+491512000080","VISITOR","2026-04-07 19:21:28.411395+02","Gießen","Germany",NULL
2692,"Sebastian Krug","sebastian.krug@example.de","+491512000081","VISITOR","2026-04-07 19:21:28.411395+02","Kaiserslautern","Germany",NULL
2693,"Matthias Scholz","matthias.scholz@example.de","+491512000082","VISITOR","2026-04-07 19:21:28.411395+02","Gütersloh","Germany",NULL
2694,"Alexander Stephan","alexander.stephan@example.de","+491512000083","VISITOR","2026-04-07 19:21:28.411395+02","Schwerin","Germany",NULL
2695,"Dominic Paul","dominic.paul@example.de","+491512000084","VISITOR","2026-04-07 19:21:28.411395+02","Witten","Germany",NULL
2696,"Marcel Merten","marcel.merten@example.de","+491512000085","LOCAL","2026-04-07 19:21:28.411395+02","Tarifa","Spain",NULL
2697,"Britta Reuter","britta.reuter@example.de","+491512000086","VISITOR","2026-04-07 19:21:28.411395+02","Esslingen","Germany",NULL
2698,"Kerstin Binder","kerstin.binder@example.de","+491512000087","VISITOR","2026-04-07 19:21:28.411395+02","Ludwigsburg","Germany",NULL
2699,"Silke Schramm","silke.schramm@example.de","+491512000088","VISITOR","2026-04-07 19:21:28.411395+02","Iserlohn","Germany",NULL
2700,"Ute Ahrens","ute.ahrens@example.de","+491512000089","VISITOR","2026-04-07 19:21:28.411395+02","Düren","Germany",NULL
2701,"Petra Löffler","petra.loeffler@example.de","+491512000090","LOCAL","2026-04-07 19:21:28.411395+02","Tarifa","Spain",NULL
2702,"Alfred Gruber","alfred.gruber@example.de","+491512000091","VISITOR","2026-04-07 19:21:28.411395+02","Tübingen","Germany",NULL
2703,"Walter Bär","walter.baer@example.de","+491512000092","VISITOR","2026-04-07 19:21:28.411395+02","Lünen","Germany",NULL
2704,"Hermann Juhl","hermann.juhl@example.de","+491512000093","VISITOR","2026-04-07 19:21:28.411395+02","Flensburg","Germany",NULL
2705,"Richard Wunder","richard.wunder@example.de","+491512000094","LOCAL","2026-04-07 19:21:28.411395+02","Tarifa","Spain",NULL
2706,"Egon Stark","egon.stark@example.de","+491512000095","VISITOR","2026-04-07 19:21:28.411395+02","Villingen-Schwenningen","Germany",NULL
2707,"Klaus Kuhl","klaus.kuhl@example.de","+491512000096","VISITOR","2026-04-07 19:21:28.411395+02","Gera","Germany",NULL
2708,"Uwe Busch","uwe.busch@example.de","+491512000097","VISITOR","2026-04-07 19:21:28.411395+02","Konstanz","Germany",NULL
2709,"Horst Jung","horst.jung@example.de","+491512000098","VISITOR","2026-04-07 19:21:28.411395+02","Neumünster","Germany",NULL
2710,"Werner Vogt","werner.vogt@example.de","+491512000099","VISITOR","2026-04-07 19:21:28.411395+02","Norderstedt","Germany",NULL
2711,"Günter Baier","guenter.baier@example.de","+491512000100","VISITOR","2026-04-07 19:21:28.411395+02","Bamberg","Germany",NULL
2809,"Stefanie Schmidt","stefanie.schmidt@example.de","+491512000001","VISITOR","2026-04-07 19:27:54.11021+02","Berlin","Germany",NULL
2810,"Ulrike Meyer","ulrike.meyer@example.de","+491512000002","VISITOR","2026-04-07 19:27:54.11021+02","Hamburg","Germany",NULL
2811,"Jana Wagner","jana.wagner@example.de","+491512000003","VISITOR","2026-04-07 19:27:54.11021+02","Leipzig","Germany",NULL
2812,"Christine Walther","christine.walther@example.de","+491512000334","VISITOR","2026-04-07 19:27:54.11021+02","Munich","Germany",NULL
2813,"Christiane Hoffmann","christiane.hoffmann@example.de","+491512000005","VISITOR","2026-04-07 19:27:54.11021+02","Cologne","Germany",NULL
2814,"Juliane Koch","juliane.koch@example.de","+491512000006","VISITOR","2026-04-07 19:27:54.11021+02","Dresden","Germany",NULL
2815,"Auguste Fischer","auguste.fischer@example.de","+491512000007","LOCAL","2026-04-07 19:27:54.11021+02","Tarifa","Spain",NULL
2816,"Ronny Richter","ronny.richter@example.de","+491512000008","VISITOR","2026-04-07 19:27:54.11021+02","Chemnitz","Germany",NULL
2817,"Jenny Krause","jenny.krause@example.de","+491512000009","VISITOR","2026-04-07 19:27:54.11021+02","Magdeburg","Germany",NULL
2818,"Cindy Schulz","cindy.schulz@example.de","+491512000010","VISITOR","2026-04-07 19:27:54.11021+02","Rostock","Germany",NULL
2819,"Enrico Wolf","enrico.wolf@example.de","+491512000011","VISITOR","2026-04-07 19:27:54.11021+02","Halle","Germany",NULL
2820,"Peggy Neumann","peggy.neumann@example.de","+491512000012","VISITOR","2026-04-07 19:27:54.11021+02","Erfurt","Germany",NULL
2821,"Wilhelm Braun","wilhelm.braun@example.de","+491512000013","VISITOR","2026-04-07 19:27:54.11021+02","Stuttgart","Germany",NULL
2822,"Friedrich Schwarz","friedrich.schwarz@example.de","+491512000014","VISITOR","2026-04-07 19:27:54.11021+02","Düsseldorf","Germany",NULL
2823,"Hans-Peter Lange","hans-peter.lange@example.de","+491512000015","VISITOR","2026-04-07 19:27:54.11021+02","Bremen","Germany",NULL
2824,"Thorsten Beck","thorsten.beck@example.de","+491512000016","VISITOR","2026-04-07 19:27:54.11021+02","Dortmund","Germany",NULL
2825,"Hedwig Zimmermann","hedwig.zimmermann@example.de","+491512000017","VISITOR","2026-04-07 19:27:54.11021+02","Essen","Germany",NULL
2826,"Mathilde Krüger","mathilde.krueger@example.de","+491512000018","VISITOR","2026-04-07 19:27:54.11021+02","Hanover","Germany",NULL
2827,"Lukas Mühler","lukas.muehler@example.de","+491512330019","VISITOR","2026-04-07 19:27:54.11021+02","Nuremberg","Germany",NULL
2828,"Mia Schneider","mia.schneider@example.de","+491512000020","VISITOR","2026-04-07 19:27:54.11021+02","Duisburg","Germany",NULL
2829,"Silke Herrmann","silke.herrmann@example.de","+491512000021","VISITOR","2026-04-07 19:27:54.11021+02","Bochum","Germany",NULL
2830,"Heike Werner","heike.werner@example.de","+491512000022","VISITOR","2026-04-07 19:27:54.11021+02","Wuppertal","Germany",NULL
2831,"Anja Hartmann","anja.hartmann@example.de","+491512000023","VISITOR","2026-04-07 19:27:54.11021+02","Bielefeld","Germany",NULL
2832,"Katrin Lange","katrin.lange@example.de","+491512000024","VISITOR","2026-04-07 19:27:54.11021+02","Bonn","Germany",NULL
2833,"Maik Peters","maik.peters@example.de","+491512000025","VISITOR","2026-04-07 19:27:54.11021+02","Potsdam","Germany",NULL
2834,"Torsten Möller","torsten.moeller@example.de","+491512000026","VISITOR","2026-04-07 19:27:54.11021+02","Münster","Germany",NULL
2835,"Sandra Scholz","sandra.scholz@example.de","+491512000027","VISITOR","2026-04-07 19:27:54.11021+02","Karlsruhe","Germany",NULL
2836,"Yvonne Köhler","yvonne.koehler@example.de","+491512000028","LOCAL","2026-04-07 19:27:54.11021+02","Tarifa","Spain",NULL
2837,"Manuela Jung","manuela.jung@example.de","+491512000029","VISITOR","2026-04-07 19:27:54.11021+02","Augsburg","Germany",NULL
2838,"Gabi Schreiber","gabi.schreiber@example.de","+491512000030","VISITOR","2026-04-07 19:27:54.11021+02","Wiesbaden","Germany",NULL
2839,"Otto Klein","otto.klein@example.de","+491512000031","VISITOR","2026-04-07 19:27:54.11021+02","Gelsenkirchen","Germany",NULL
2840,"Karl-Heinz Vogt","karl-heinz.vogt@example.de","+491512000032","VISITOR","2026-04-07 19:27:54.11021+02","Mönchengladbach","Germany",NULL
2841,"Siegfried Otto","siegfried.otto@example.de","+491512000033","VISITOR","2026-04-07 19:27:54.11021+02","Braunschweig","Germany",NULL
2842,"Gerhard Frank","gerhard.frank@example.de","+491512000034","VISITOR","2026-04-07 19:27:54.11021+02","Aachen","Germany",NULL
2843,"Ursula Ludwig","ursula.ludwig@example.de","+491512000035","VISITOR","2026-04-07 19:27:54.11021+02","Kiel","Germany",NULL
2844,"Renate Albers","renate.albers@example.de","+491512000036","VISITOR","2026-04-07 19:27:54.11021+02","Chemnitz","Germany",NULL
2845,"Hannah Bergmann","helga.bergmann@example.de","+491512000037","VISITOR","2026-04-07 19:27:54.11021+02","Halle","Germany",NULL
2846,"Gisela Voigt","gisela.voigt@example.de","+491512000038","VISITOR","2026-04-07 19:27:54.11021+02","Freiburg","Germany",NULL
2847,"Kevin Schulze","kevin.schulze@example.de","+491512000039","VISITOR","2026-04-07 19:27:54.11021+02","Krefeld","Germany",NULL
2848,"Nadine Seidel","nadine.seidel@example.de","+491512000040","VISITOR","2026-04-07 19:27:54.11021+02","Mainz","Germany",NULL
2849,"Marcel Beck","marcel.beck@example.de","+491512000041","VISITOR","2026-04-07 19:27:54.11021+02","Lübeck","Germany",NULL
2850,"Svenja Haas","svenja.haas@example.de","+491512000042","LOCAL","2026-04-07 19:27:54.11021+02","Tarifa","Spain",NULL
2851,"Janine Simon","janine.simon@example.de","+491512000043","VISITOR","2026-04-07 19:27:54.11021+02","Erfurt","Germany",NULL
2852,"Doreen Jäger","doreen.jaeger@example.de","+491512000044","VISITOR","2026-04-07 19:27:54.11021+02","Kassel","Germany",NULL
2853,"Silvio Kaiser","silvio.kaiser@example.de","+491512000045","VISITOR","2026-04-07 19:27:54.11021+02","Hagen","Germany",NULL
2854,"Rico Arnold","rico.arnold@example.de","+491512000046","VISITOR","2026-04-07 19:27:54.11021+02","Hamm","Germany",NULL
2855,"Sandy Bär","sandy.baer@example.de","+491512000047","VISITOR","2026-04-07 19:27:54.11021+02","Saarbrücken","Germany",NULL
2856,"Mandy Keller","mandy.keller@example.de","+491512000048","VISITOR","2026-04-07 19:27:54.11021+02","Mülheim","Germany",NULL
2857,"Heiko Winkler","heiko.winkler@example.de","+491512000049","VISITOR","2026-04-07 19:27:54.11021+02","Ludwigshafen","Germany",NULL
2858,"Uwe Albrecht","uwe.albrecht@example.de","+491512000050","VISITOR","2026-04-07 19:27:54.11021+02","Osnabrück","Germany",NULL
2859,"Jürgen Schuster","juergen.schuster@example.de","+491512000051","VISITOR","2026-04-07 19:27:54.11021+02","Solingen","Germany",NULL
2860,"Manfred Lorenz","manfred.lorenz@example.de","+491512000052","VISITOR","2026-04-07 19:27:54.11021+02","Leverkusen","Germany",NULL
2861,"Wolfgang Brandt","wolfgang.brandt@example.de","+491512000053","VISITOR","2026-04-07 19:27:54.11021+02","Oldenburg","Germany",NULL
2862,"Ingeburg Sommer","ingeburg.sommer@example.de","+491512000054","VISITOR","2026-04-07 19:27:54.11021+02","Neuss","Germany",NULL
2863,"Brunhilde Bosch","brunhilde.bosch@example.de","+491512000055","VISITOR","2026-04-07 19:27:54.11021+02","Heidelberg","Germany",NULL
2864,"Walburga Kuhn","walburga.kuhn@example.de","+491512000056","VISITOR","2026-04-07 19:27:54.11021+02","Paderborn","Germany",NULL
2865,"Gottfried Merten","gottfried.merten@example.de","+491512000057","VISITOR","2026-04-07 19:27:54.11021+02","Darmstadt","Germany",NULL
2866,"Heinrich Paul","heinrich.paul@example.de","+491512000058","VISITOR","2026-04-07 19:27:54.11021+02","Würzburg","Germany",NULL
2867,"Adolfine Stephan","adolfine.stephan@example.de","+491512000059","VISITOR","2026-04-07 19:27:54.11021+02","Regensburg","Germany",NULL
2868,"Eberhard Scholz","eberhard.scholz@example.de","+491512000060","VISITOR","2026-04-07 19:27:54.11021+02","Ingolstadt","Germany",NULL
2869,"Stefanie Berg","stefanie.berg@example.de","+491512000061","VISITOR","2026-04-07 19:27:54.11021+02","Heilbronn","Germany",NULL
2870,"Ulrike Krug","ulrike.krug@example.de","+491512000062","VISITOR","2026-04-07 19:27:54.11021+02","Ulm","Germany",NULL
2871,"Jana Binder","jana.binder@example.de","+491512000063","VISITOR","2026-04-07 19:27:54.11021+02","Wolfsburg","Germany",NULL
2872,"Christine Reuter","christine.reuter@example.de","+491512000064","VISITOR","2026-04-07 19:27:54.11021+02","Göttingen","Germany",NULL
2873,"Christiane Schramm","christiane.schramm@example.de","+491512000065","VISITOR","2026-04-07 19:27:54.11021+02","Offenbach","Germany",NULL
2874,"Juliane Ahrens","juliane.ahrens@example.de","+491512000066","VISITOR","2026-04-07 19:27:54.11021+02","Pforzheim","Germany",NULL
2875,"Auguste Löffler","auguste.loeffler@example.de","+491512000067","VISITOR","2026-04-07 19:27:54.11021+02","Bottrop","Germany",NULL
2876,"Ronny Gruber","ronny.gruber@example.de","+491512000068","LOCAL","2026-04-07 19:27:54.11021+02","Tarifa","Spain",NULL
2877,"Jenny Wunder","jenny.wunder@example.de","+491512000069","VISITOR","2026-04-07 19:27:54.11021+02","Reutlingen","Germany",NULL
2878,"Cindy Stark","cindy.stark@example.de","+491512000070","LOCAL","2026-04-07 19:27:54.11021+02","Tarifa","Spain",NULL
2879,"Wilhelm Kuhl","wilhelm.kuhl@example.de","+491512000071","VISITOR","2026-04-07 19:27:54.11021+02","Bremerhaven","Germany",NULL
2880,"Friedrich Ernst","friedrich.ernst@example.de","+491512000072","VISITOR","2026-04-07 19:27:54.11021+02","Jena","Germany",NULL
2881,"Sebastian Pfeifer","sebastian.pfeifer@example.de","+491512000073","VISITOR","2026-04-07 19:27:54.11021+02","Erlangen","Germany",NULL
2882,"Christian Vogel","christian.vogel@example.de","+491512210074","LOCAL","2026-04-07 19:27:54.11021+02","Tarifa","Spain",NULL
2883,"Markus Winter","markus.winter@example.de","+491512000075","VISITOR","2026-04-07 19:27:54.11021+02","Salzgitter","Germany",NULL
2884,"Marco Lindner","marco.lindner@example.de","+491512000076","VISITOR","2026-04-07 19:27:54.11021+02","Siegen","Germany",NULL
2885,"Lars Kern","lars.kern@example.de","+491512000077","VISITOR","2026-04-07 19:27:54.11021+02","Hildesheim","Germany",NULL
2886,"Bettina Horn","bettina.horn@example.de","+491512000078","VISITOR","2026-04-07 19:27:54.11021+02","Cottbus","Germany",NULL
2887,"Melanie Busch","melanie.busch@example.de","+491512000079","VISITOR","2026-04-07 19:27:54.11021+02","Gera","Germany",NULL
2888,"Nicole Maurer","nicole.maurer@example.de","+491512000080","VISITOR","2026-04-07 19:27:54.11021+02","Kaiserslautern","Germany",NULL
2889,"Tanja Beyer","tanja.beyer@example.de","+491512000081","VISITOR","2026-04-07 19:27:54.11021+02","Witten","Germany",NULL
2890,"Bianca Müller","bianca.mueller@example.de","+491512000082","VISITOR","2026-04-07 19:27:54.11021+02","Gütersloh","Germany",NULL
2891,"Sven Bach","sven.bach@example.de","+491512000083","VISITOR","2026-04-07 19:27:54.11021+02","Iserlohn","Germany",NULL
2892,"Dirk Krämer","dirk.kraemer@example.de","+491512000084","VISITOR","2026-04-07 19:27:54.11021+02","Schwerin","Germany",NULL
2893,"Andreas Krug","andreas.krug@example.de","+491512000085","VISITOR","2026-04-07 19:27:54.11021+02","Zwickau","Germany",NULL
2894,"Frank Scholz","frank.scholz@example.de","+491512000086","VISITOR","2026-04-07 19:27:54.11021+02","Düren","Germany",NULL
2895,"Thomas Stephan","thomas.stephan@example.de","+491512000087","VISITOR","2026-04-07 19:27:54.11021+02","Ratingen","Germany",NULL
2896,"Stefan Paul","stefan.paul@example.de","+491512000088","VISITOR","2026-04-07 19:27:54.11021+02","Esslingen","Germany",NULL
2897,"Michael Merten","michael.merten@example.de","+491512000089","LOCAL","2026-04-07 19:27:54.11021+02","Tarifa","Spain",NULL
2898,"Matthias Reuter","matthias.reuter@example.de","+491512000090","VISITOR","2026-04-07 19:27:54.11021+02","Ludwigsburg","Germany",NULL
2899,"Jörg Schramm","joerg.schramm@example.de","+491512000091","VISITOR","2026-04-07 19:27:54.11021+02","Marl","Germany",NULL
2900,"Bernd Ahrens","bernd.ahrens@example.de","+491512000092","VISITOR","2026-04-07 19:27:54.11021+02","Lünen","Germany",NULL
2901,"Klaus Löffler","klaus.loeffler@example.de","+491512000093","VISITOR","2026-04-07 19:27:54.11021+02","Flensburg","Germany",NULL
2902,"Dieter Gruber","dieter.gruber@example.de","+491512000094","VISITOR","2026-04-07 19:27:54.11021+02","Velbert","Germany",NULL
2903,"Horst Wunder","horst.wunder@example.de","+491512000095","VISITOR","2026-04-07 19:27:54.11021+02","Villingen-Schwenningen","Germany",NULL
2904,"Günter Stark","guenter.stark@example.de","+491512000096","VISITOR","2026-04-07 19:27:54.11021+02","Minden","Germany",NULL
2905,"Werner Kuhl","werner.kuhl@example.de","+491512000097","VISITOR","2026-04-07 19:27:54.11021+02","Konstanz","Germany",NULL
2906,"Sigrid Ernst","sigrid.ernst@example.de","+491512000098","LOCAL","2026-04-07 19:27:54.11021+02","Tarifa","Spain",NULL
2907,"Edelgard Pfeifer","edelgard.pfeifer@example.de","+491512000099","VISITOR","2026-04-07 19:27:54.11021+02","Norderstedt","Germany",NULL
2908,"Ingeborg Voigt","ingeborg.voigt@example.de","+491512000100","VISITOR","2026-04-07 19:27:54.11021+02","Bamberg","Germany",NULL
3018,"Ronny Lehmann","ronny.lehmann@example.de","+491513000001","VISITOR","2026-04-07 19:37:57.052599+02","Leipzig","Germany",NULL
3019,"Peggy Schuster","peggy.schuster@example.de","+491513000002","VISITOR","2026-04-07 19:37:57.052599+02","Dresden","Germany",NULL
3020,"Enrico Voigt","enrico.voigt@example.de","+491513000003","VISITOR","2026-04-07 19:37:57.052599+02","Chemnitz","Germany",NULL
3021,"Mandy Krüger","mandy.krueger@example.de","+491513000004","VISITOR","2026-04-07 19:37:57.052599+02","Magdeburg","Germany",NULL
3022,"Silvio Richter","silvio.richter@example.de","+491513000005","VISITOR","2026-04-07 19:37:57.052599+02","Halle","Germany",NULL
3023,"Cindy Nowak","cindy.nowak@example.de","+491513000006","VISITOR","2026-04-07 19:37:57.052599+02","Rostock","Germany",NULL
3024,"Marcel Köhler","marcel.koehler@example.de","+491513000007","VISITOR","2026-04-07 19:37:57.052599+02","Erfurt","Germany",NULL
3025,"Doreen Hoffmann","doreen.hoffmann@example.de","+491513000008","VISITOR","2026-04-07 19:37:57.052599+02","Potsdam","Germany",NULL
3026,"Rico Werner","rico.werner@example.de","+491513000009","LOCAL","2026-04-07 19:37:57.052599+02","Tarifa","Spain",NULL
3027,"Janine Krause","janine.krause@example.de","+491513000010","VISITOR","2026-04-07 19:37:57.052599+02","Cottbus","Germany",NULL
3028,"Kevin Zander","kevin.zander@example.de","+491513000011","VISITOR","2026-04-07 19:37:57.052599+02","Gera","Germany",NULL
3029,"Sandy Fischer","sandy.fischer@example.de","+491513000012","VISITOR","2026-04-07 19:37:57.052599+02","Zwickau","Germany",NULL
3030,"Maik Scholz","maik.scholz@example.de","+491513000013","VISITOR","2026-04-07 19:37:57.052599+02","Schwerin","Germany",NULL
3031,"Anja Herold","anja.herold@example.de","+491513000014","VISITOR","2026-04-07 19:37:57.052599+02","Dessau","Germany",NULL
3032,"Torsten Lange","torsten.lange@example.de","+491513000015","VISITOR","2026-04-07 19:37:57.052599+02","Brandenburg an der Havel","Germany",NULL
3033,"Svenja Bergmann","svenja.bergmann@example.de","+491513000016","VISITOR","2026-04-07 19:37:57.052599+02","Plauen","Germany",NULL
3034,"Marco Peters","marco.peters@example.de","+491513000017","VISITOR","2026-04-07 19:37:57.052599+02","Görlitz","Germany",NULL
3035,"Stefanie Wolf","stefanie.wolf@example.de","+491513000018","VISITOR","2026-04-07 19:37:57.052599+02","Frankfurt (Oder)","Germany",NULL
3036,"Heiko Weber","heiko.weber@example.de","+491513000019","VISITOR","2026-04-07 19:37:57.052599+02","Stralsund","Germany",NULL
3037,"Nadine Otto","nadine.otto@example.de","+491513000020","VISITOR","2026-04-07 19:37:57.052599+02","Greifswald","Germany",NULL
3038,"Justin Meyer","justin.meyer@example.de","+491513000021","VISITOR","2026-04-07 19:37:57.052599+02","Weimar","Germany",NULL
3039,"Chantal Schulz","chantal.schulz@example.de","+491513000022","VISITOR","2026-04-07 19:37:57.052599+02","Leipzig","Germany",NULL
3040,"Uwe Müller","uwe.mueller@example.de","+491513000023","VISITOR","2026-04-07 19:37:57.052599+02","Dresden","Germany",NULL
3041,"Hannah Wiesner","hannah.wiesner@example.de","+491513000024","VISITOR","2026-04-07 19:37:57.052599+02","Chemnitz","Germany",NULL
3042,"Jens Becker","Jens.becker@example.de","+491513000025","VISITOR","2026-04-07 19:37:57.052599+02","Magdeburg","Germany",NULL
3043,"Lena Herrmann","lena.herrmann@example.de","+491513000026","VISITOR","2026-04-07 19:37:57.052599+02","Halle","Germany",NULL
3044,"Friedrich Schneider","friedrich.schneider@example.de","+491513000027","VISITOR","2026-04-07 19:37:57.052599+02","Rostock","Germany",NULL
3045,"Emily Koch","emily.koch@example.de","+491513000028","VISITOR","2026-04-07 19:37:57.052599+02","Erfurt","Germany",NULL
3046,"Ben Jäger","ben.jaeger@example.de","+491513000029","VISITOR","2026-04-07 19:37:57.052599+02","Potsdam","Germany",NULL
3047,"Mia Schwarz","mia.schwarz@example.de","+491513000030","VISITOR","2026-04-07 19:37:57.052599+02","Jena","Germany",NULL
3048,"Ronny Seidel","ronny.seidel@example.de","+491513000031","LOCAL","2026-04-07 19:37:57.052599+02","Tarifa","Spain",NULL
3049,"Peggy Uhlig","peggy.uhlig@example.de","+491513000032","VISITOR","2026-04-07 19:37:57.052599+02","Freiberg","Germany",NULL
3050,"Enrico Bär","enrico.baer@example.de","+491513000033","VISITOR","2026-04-07 19:37:57.052599+02","Bautzen","Germany",NULL
3051,"Cindy Arnold","cindy.arnold@example.de","+491513000034","VISITOR","2026-04-07 19:37:57.052599+02","Eisenach","Germany",NULL
3052,"Silvio Pätzold","silvio.paetzold@example.de","+491513000035","VISITOR","2026-04-07 19:37:57.052599+02","Wismar","Germany",NULL
3053,"Jacqueline Hein","jacqueline.hein@example.de","+491513000036","VISITOR","2026-04-07 19:37:57.052599+02","Stendal","Germany",NULL
3054,"Dennis Gärtner","dennis.gaertner@example.de","+491513000037","VISITOR","2026-04-07 19:37:57.052599+02","Eberswalde","Germany",NULL
3055,"Katja Lorenz","katja.lorenz@example.de","+491513000038","VISITOR","2026-04-07 19:37:57.052599+02","Oranienburg","Germany",NULL
3056,"Mirko Neumann","mirko.neumann@example.de","+491513000039","VISITOR","2026-04-07 19:37:57.052599+02","Güstrow","Germany",NULL
3057,"Yvonne Albers","yvonne.albers@example.de","+491513000040","VISITOR","2026-04-07 19:37:57.052599+02","Neubrandenburg","Germany",NULL
3058,"Steve Hähnel","steve.haehnel@example.de","+491513000041","VISITOR","2026-04-07 19:37:57.052599+02","Hoyerswerda","Germany",NULL
3059,"Manuela Kuhl","manuela.kuhl@example.de","+491513000042","VISITOR","2026-04-07 19:37:57.052599+02","Pirna","Germany",NULL
3060,"Mario Fiedler","mario.fiedler@example.de","+491513000043","VISITOR","2026-04-07 19:37:57.052599+02","Suhl","Germany",NULL
3061,"Sandra Günther","sandra.guenther@example.de","+491513000044","VISITOR","2026-04-07 19:37:57.052599+02","Meiningen","Germany",NULL
3062,"Tino Schubert","tino.schubert@example.de","+491513000045","VISITOR","2026-04-07 19:37:57.052599+02","Altenburg","Germany",NULL
3063,"Melanie Winkler","melanie.winkler@example.de","+491513000046","VISITOR","2026-04-07 19:37:57.052599+02","Lutherstadt Wittenberg","Germany",NULL
3064,"Mike Domke","mike.domke@example.de","+491513000047","VISITOR","2026-04-07 19:37:57.052599+02","Bitterfeld-Wolfen","Germany",NULL
3065,"Nicole Merten","nicole.merten@example.de","+491513000048","VISITOR","2026-04-07 19:37:57.052599+02","Bernburg","Germany",NULL
3066,"Karsten Paul","karsten.paul@example.de","+491513000049","VISITOR","2026-04-07 19:37:57.052599+02","Merseburg","Germany",NULL
3067,"Diana Schramm","diana.schramm@example.de","+491513000050","VISITOR","2026-04-07 19:37:57.052599+02","Halberstadt","Germany",NULL
3068,"Johannes Thiele","Johannes.thiele@example.de","+491513000051","VISITOR","2026-04-07 19:37:57.052599+02","Gotha","Germany",NULL
3069,"Lina Wunder","lina.wunder@example.de","+491513000052","VISITOR","2026-04-07 19:37:57.052599+02","Nordhausen","Germany",NULL
3070,"Jonas Starck","jonas.starck@example.de","+491513000053","VISITOR","2026-04-07 19:37:57.052599+02","Mühlhausen","Germany",NULL
3071,"Sarah Ernst","sarah.ernst@example.de","+491513000054","VISITOR","2026-04-07 19:37:57.052599+02","Arnstadt","Germany",NULL
3072,"Maximilian Vogt","maximilian.vogt@example.de","+491513000055","VISITOR","2026-04-07 19:37:57.052599+02","Ilmenau","Germany",NULL
3073,"Sophie Winter","sophie.winter@example.de","+491513000056","VISITOR","2026-04-07 19:37:57.052599+02","Sonneberg","Germany",NULL
3074,"Irene Binder","irene.binder@example.de","+491513000057","VISITOR","2026-04-07 19:37:57.052599+02","Saalfeld","Germany",NULL
3075,"Leni Scholz","leni.scholz@example.de","+491513000058","LOCAL","2026-04-07 19:37:57.052599+02","Tarifa","Spain",NULL
3076,"Paul Stephan","paul.stephan@example.de","+491513000059","VISITOR","2026-04-07 19:37:57.052599+02","Apolda","Germany",NULL
3077,"Marie Ahrens","marie.ahrens@example.de","+491513000060","VISITOR","2026-04-07 19:37:57.052599+02","Greiz","Germany",NULL
3078,"Ronny Fuchs","ronny.fuchs@example.de","+491513000061","VISITOR","2026-04-07 19:37:57.052599+02","Leipzig","Germany",NULL
3079,"Peggy Heinze","peggy.heinze@example.de","+491513000062","VISITOR","2026-04-07 19:37:57.052599+02","Dresden","Germany",NULL
3080,"Enrico Kühn","enrico.kuehn@example.de","+491513000063","VISITOR","2026-04-07 19:37:57.052599+02","Chemnitz","Germany",NULL
3081,"Mandy Pöhl","mandy.poehl@example.de","+491513000064","VISITOR","2026-04-07 19:37:57.052599+02","Magdeburg","Germany",NULL
3082,"Silvio Ludwig","silvio.ludwig@example.de","+491513000065","VISITOR","2026-04-07 19:37:57.052599+02","Halle","Germany",NULL
3083,"Cindy Römer","cindy.roemer@example.de","+491513000066","VISITOR","2026-04-07 19:37:57.052599+02","Rostock","Germany",NULL
3084,"Thomas Böttcher","thomas.boettcher@example.de","+491513000067","VISITOR","2026-04-07 19:37:57.052599+02","Erfurt","Germany",NULL
3085,"Stefanie Jähn","stefanie.jaehn@example.de","+491513000068","VISITOR","2026-04-07 19:37:57.052599+02","Potsdam","Germany",NULL
3086,"Andreas Linke","andreas.linke@example.de","+491513000069","VISITOR","2026-04-07 19:37:57.052599+02","Jena","Germany",NULL
3087,"Katrin Geyer","katrin.geyer@example.de","+491513000070","VISITOR","2026-04-07 19:37:57.052599+02","Cottbus","Germany",NULL
3088,"Matthias Weiß","matthias.weiss@example.de","+491513000071","VISITOR","2026-04-07 19:37:57.052599+02","Schwedt/Oder","Germany",NULL
3089,"Kerstin Jung","kerstin.jung@example.de","+491513000072","VISITOR","2026-04-07 19:37:57.052599+02","Neuruppin","Germany",NULL
3090,"Frank Bauer","frank.bauer@example.de","+491513000073","VISITOR","2026-04-07 19:37:57.052599+02","Bernau bei Berlin","Germany",NULL
3091,"Ute Brandt","ute.brandt@example.de","+491513000074","VISITOR","2026-04-07 19:37:57.052599+02","Königs Wusterhausen","Germany",NULL
3092,"Jens Altermann","jens.altermann@example.de","+491513000075","VISITOR","2026-04-07 19:37:57.052599+02","Ludwigsfelde","Germany",NULL
3093,"Ines Hartung","ines.hartung@example.de","+491513000076","VISITOR","2026-04-07 19:37:57.052599+02","Rathenow","Germany",NULL
3094,"Dirk Lehmann","dirk.lehmann@example.de","+491513000077","VISITOR","2026-04-07 19:37:57.052599+02","Wittenberge","Germany",NULL
3095,"Heike Simon","heike.simon@example.de","+491513000078","VISITOR","2026-04-07 19:37:57.052599+02","Luckenwalde","Germany",NULL
3096,"Ulrike Zinke","Ulrike.zinke@example.de","+491513000079","VISITOR","2026-04-07 19:37:57.052599+02","Teltow","Germany",NULL
3097,"Sabine Rösch","sabine.roesch@example.de","+491513000080","VISITOR","2026-04-07 19:37:57.052599+02","Senftenberg","Germany",NULL
3098,"Jan Barthel","jan.barthel@example.de","+491513000081","VISITOR","2026-04-07 19:37:57.052599+02","Eisenhüttenstadt","Germany",NULL
3099,"Daniela Henke","daniela.henke@example.de","+491513000082","VISITOR","2026-04-07 19:37:57.052599+02","Spremberg","Germany",NULL
3100,"Steffen Klose","steffen.klose@example.de","+491513000083","VISITOR","2026-04-07 19:37:57.052599+02","Forst (Lausitz)","Germany",NULL
3101,"Silke Noack","silke.noack@example.de","+491513000084","VISITOR","2026-04-07 19:37:57.052599+02","Lauchhammer","Germany",NULL
3102,"Holger Preuß","holger.preuss@example.de","+491513000085","VISITOR","2026-04-07 19:37:57.052599+02","Hoyerswerda","Germany",NULL
3103,"Ingrid Förster","ingrid.foerster@example.de","+491513011086","VISITOR","2026-04-07 19:37:57.052599+02","Leipzig","Germany",NULL
3104,"Torsten Baum","torsten.baum@example.de","+491513000087","VISITOR","2026-04-07 19:37:57.052599+02","Grimma","Germany",NULL
3105,"Yvonne Kaiser","yvonne.kaiser@example.de","+491513000088","VISITOR","2026-04-07 19:37:57.052599+02","Döbeln","Germany",NULL
3106,"Maik Lange","maik.lange@example.de","+491513000089","LOCAL","2026-04-07 19:37:57.052599+02","Tarifa","Spain",NULL
3107,"Antje Busch","antje.busch@example.de","+491513000090","VISITOR","2026-04-07 19:37:57.052599+02","Oschatz","Germany",NULL
3108,"Lukas Schmidt","lukas.schmidt@example.de","+491513000091","VISITOR","2026-04-07 19:37:57.052599+02","Torgau","Germany",NULL
3109,"Irene Hoffmann","irene.hoffmann@example.de","+491513220092","VISITOR","2026-04-07 19:37:57.052599+02","Wurzen","Germany",NULL
3110,"Ulrike Krüger","ulrike.krueger@example.de","+491513044093","VISITOR","2026-04-07 19:37:57.052599+02","Leipzig","Germany",NULL
3111,"Mia Müller","mia.mueller@example.de","+491513000094","VISITOR","2026-04-07 19:37:57.052599+02","Meißen","Germany",NULL
3112,"Hannah Wagner","hannah.wagner@example.de","+491513000095","VISITOR","2026-04-07 19:37:57.052599+02","Radebeul","Germany",NULL
3113,"Leonhard Zinn","leonhard.zinn@example.de","+491513000096","VISITOR","2026-04-07 19:37:57.052599+02","Coswig","Germany",NULL
3114,"Ronny Möbius","ronny.moebius@example.de","+491513000097","VISITOR","2026-04-07 19:37:57.052599+02","Freital","Germany",NULL
3115,"Enrico Kunze","enrico.kunze@example.de","+491513000098","LOCAL","2026-04-07 19:37:57.052599+02","Tarifa","Spain",NULL
3116,"Peggy Hentschel","peggy.hentschel@example.de","+491513000099","VISITOR","2026-04-07 19:37:57.052599+02","Radeberg","Germany",NULL
3117,"Cindy Winkler","cindy.winkler@example.de","+491513000100","VISITOR","2026-04-07 19:37:57.052599+02","Glauchau","Germany",NULL
3118,"Francisco Javier García","javier.garcia@example.es","+34910000001","VISITOR","2026-04-07 19:50:51.410701+02","Madrid","Spain",NULL
3119,"María Carmen Rodríguez","marmen.rodriguez@example.es","+34930000002","VISITOR","2026-04-07 19:50:51.410701+02","Barcelona","Spain",NULL
3120,"José Antonio Martínez","jose.martinez@example.es","+34950000003","VISITOR","2026-04-07 19:50:51.410701+02","Seville","Spain",NULL
3121,"Montserrat Puig","montserrat.puig@example.es","+34930000004","VISITOR","2026-04-07 19:50:51.410701+02","Girona","Spain",NULL
3122,"Jordi Molins","jordi.molins@example.es","+34930000005","VISITOR","2026-04-07 19:50:51.410701+02","Lleida","Spain",NULL
3123,"Alejandro Sanz","alejandro.sanz@example.es","+34910000006","VISITOR","2026-04-07 19:50:51.410701+02","Madrid","Spain",NULL
3124,"Lucía Fernández","lucia.fernandez@example.es","+34960000007","VISITOR","2026-04-07 19:50:51.410701+02","Valencia","Spain",NULL
3125,"David López","david.lopez@example.es","+34950000008","VISITOR","2026-04-07 19:50:51.410701+02","Málaga","Spain",NULL
3126,"Paula Sánchez","paula.sanchez@example.es","+34970000009","VISITOR","2026-04-07 19:50:51.410701+02","Zaragoza","Spain",NULL
3127,"Iker Etxeberria","iker.etxeberria@example.es","+34940000010","VISITOR","2026-04-07 19:50:51.410701+02","Bilbao","Spain",NULL
3128,"Ainhoa Ortiz","ainhoa.ortiz@example.es","+34940000011","VISITOR","2026-04-07 19:50:51.410701+02","San Sebastián","Spain",NULL
3129,"Iago Castro","iago.castro@example.es","+34980000012","VISITOR","2026-04-07 19:50:51.410701+02","Vigo","Spain",NULL
3130,"Sara Ruiz","sara.ruiz@example.es","+34950000013","VISITOR","2026-04-07 19:50:51.410701+02","Granada","Spain",NULL
3131,"Daniel Gómez","daniel.gomez@example.es","+34960000014","VISITOR","2026-04-07 19:50:51.410701+02","Alicante","Spain",NULL
3132,"Alba Jiménez","alba.jimenez@example.es","+34950000015","VISITOR","2026-04-07 19:50:51.410701+02","Córdoba","Spain",NULL
3133,"Adrián Moreno","adrian.moreno@example.es","+34980000016","VISITOR","2026-04-07 19:50:51.410701+02","A Coruña","Spain",NULL
3134,"Marta Muñoz","marta.munoz@example.es","34910550018","VISITOR","2026-04-07 19:50:51.410701+02","Valladolid","Spain",NULL
3135,"Álvaro Pérez","alvaro.perez@example.es","+34910000018","VISITOR","2026-04-07 19:50:51.410701+02","Madrid","Spain",NULL
3136,"Isabel Díaz","isabel.diaz@example.es","+34920000019","VISITOR","2026-04-07 19:50:51.410701+02","Murcia","Spain",NULL
3137,"Juan Carlos Toro","juan.toro@example.es","+34920330019","VISITOR","2026-04-07 19:50:51.410701+02","Palma","Spain",NULL
3138,"Raquel Serrano","raquel.serrano@example.es","+34920000021","VISITOR","2026-04-07 19:50:51.410701+02","Las Palmas","Spain",NULL
3139,"Rubén Hernández","ruben.hernandez@example.es","+34920000022","VISITOR","2026-04-07 19:50:51.410701+02","Santa Cruz de Tenerife","Spain",NULL
3140,"Nerea Blanco","nerea.blanco@example.es","+34940000023","VISITOR","2026-04-07 19:50:51.410701+02","Vitoria-Gasteiz","Spain",NULL
3141,"Sergio Navarro","sergio.navarro@example.es","+34940000024","VISITOR","2026-04-07 19:50:51.410701+02","Pamplona","Spain",NULL
3142,"Cristina Morales","cristina.morales@example.es","+34920310019","VISITOR","2026-04-07 19:50:51.410701+02","Oviedo","Spain",NULL
3143,"Borja Domínguez","borja.dominguez@example.es","+34927600019","VISITOR","2026-04-07 19:50:51.410701+02","Santander","Spain",NULL
3144,"Esther Vázquez","esther.vazquez@example.es","+34980000027","VISITOR","2026-04-07 19:50:51.410701+02","Ourense","Spain",NULL
3145,"Iván Ramos","ivan.ramos@example.es","+34920000028","VISITOR","2026-04-07 19:50:51.410701+02","Badajoz","Spain",NULL
3146,"Silvia Gil","silvia.gil@example.es","+34920240019","VISITOR","2026-04-07 19:50:51.410701+02","logrono","Spain",NULL
3147,"Oscar Ramirez","oscar.ramirez@example.es","+34920000030","VISITOR","2026-04-07 19:50:51.410701+02","Salamanca","Spain",NULL
3148,"Beatriz Soto","beatriz.soto@example.es","+34920037019","VISITOR","2026-04-07 19:50:51.410701+02","Burgos","Spain",NULL
3149,"Hugo Ibáñez","hugo.ibanez@example.es","+34960000032","VISITOR","2026-04-07 19:50:51.410701+02","Castellón","Spain",NULL
3150,"Noelia Ferrer","noelia.ferrer@example.es","+34920079019","VISITOR","2026-04-07 19:50:51.410701+02","Tarragona","Spain",NULL
3151,"Manuel Soler","manuel.soler@example.es","+34950000034","VISITOR","2026-04-07 19:50:51.410701+02","Almería","Spain",NULL
3152,"Lorena Garrido","lorena.garrido@example.es","+34950000035","VISITOR","2026-04-07 19:50:51.410701+02","Huelva","Spain",NULL
3153,"Víctor León","victor.leon@example.es","+34950000036","VISITOR","2026-04-07 19:50:51.410701+02","Cádiz","Spain",NULL
3154,"Patricia Calvo","patricia.calvo@example.es","+34910000037","VISITOR","2026-04-07 19:50:51.410701+02","Alcalá de Henares","Spain",NULL
3155,"Ignacio Reyes","ignacio.reyes@example.es","+34910000038","VISITOR","2026-04-07 19:50:51.410701+02","Getafe","Spain",NULL
3156,"Yolanda Herrera","yolanda.herrera@example.es","+34930000039","VISITOR","2026-04-07 19:50:51.410701+02","Sabadell","Spain",NULL
3157,"Felipe Vidal","felipe.vidal@example.es","+34930000040","VISITOR","2026-04-07 19:50:51.410701+02","Terrassa","Spain",NULL
3158,"Andrea Marin","andrea.marin@example.es","+34960000041","VISITOR","2026-04-07 19:50:51.410701+02","Elche","Spain",NULL
3159,"Santiago Peinado","santiago.peinado@example.es","+34950000042","VISITOR","2026-04-07 19:50:51.410701+02","Jaén","Spain",NULL
3160,"Verónica Parra","veronica.parra@example.es","+34920081019","VISITOR","2026-04-07 19:50:51.410701+02","Alcorcón","Spain",NULL
3161,"Guillermo Bravo","guillermo.bravo@example.es","+34920876019","VISITOR","2026-04-07 19:50:51.410701+02","Fuenlabrada","Spain",NULL
3162,"Clara Cabrera","clara.cabrera@example.es","+34920020019","VISITOR","2026-04-07 19:50:51.410701+02","Leganés","Spain",NULL
3163,"Luis Miguel Flores","luis.flores@example.es","+34950000046","VISITOR","2026-04-07 19:50:51.410701+02","Marbella","Spain",NULL
3164,"Inmaculada Romero","inmaculada.romero@example.es","+34950000047","VISITOR","2026-04-07 19:50:51.410701+02","Dos Hermanas","Spain",NULL
3165,"Rafael Vega","rafael.vega@example.es","+34950000048","VISITOR","2026-04-07 19:50:51.410701+02","Jerez de la Frontera","Spain",NULL
3166,"Natalia Méndez","natalia.mendez@example.es","+34920300019","VISITOR","2026-04-07 19:50:51.410701+02","Cartagena","Spain",NULL
3167,"Fernando Nieto","fernando.nieto@example.es","+34920004019","VISITOR","2026-04-07 19:50:51.410701+02","Torrejón de Ardoz","Spain",NULL
3168,"Miriam Castillo","miriam.castillo@example.es","+34920200019","VISITOR","2026-04-07 19:50:51.410701+02","Parla","Spain",NULL
3169,"Gonzalo Ortega","gonzalo.ortega@example.es","+34923000019","VISITOR","2026-04-07 19:50:51.410701+02","lcobendas","Spain",NULL
3170,"Elena Márquez","elena.marquez@example.es","+34930000053","VISITOR","2026-04-07 19:50:51.410701+02","Badalona","Spain",NULL
3171,"Joan Martí","joan.marti@example.es","+34930000054","VISITOR","2026-04-07 19:50:51.410701+02","L'Hospitalet","Spain",NULL
3172,"Carla Gallego","carla.gallego@example.es","+34960000055","VISITOR","2026-04-07 19:50:51.410701+02","Torrent","Spain",NULL
3173,"Antonio José Cruz","antonio.cruz@example.es","+34920000056","VISITOR","2026-04-07 19:50:51.410701+02","Cáceres","Spain",NULL
3174,"Inés Santos","ines.santos@example.es","+34921000019","VISITOR","2026-04-07 19:50:51.410701+02","León","Spain",NULL
3175,"Mario Montero","mario.montero@example.es","+34927650019","VISITOR","2026-04-07 19:50:51.410701+02","Algeciras","Spain",NULL
3176,"Lourdes Hidalgo","lourdes.hidalgo@example.es","+34980000059","VISITOR","2026-04-07 19:50:51.410701+02","Santiago de Compostela","Spain",NULL
3177,"Marcos Giménez","marcos.gimenez@example.es","+34910000060","VISITOR","2026-04-07 19:50:51.410701+02","Madrid","Spain",NULL
3178,"Rocío Ibáñez","rocio.ibanez@example.es","+34930000061","VISITOR","2026-04-07 19:50:51.410701+02","Barcelona","Spain",NULL
3179,"Emilio Serra","emilio.serra@example.es","+34930000062","VISITOR","2026-04-07 19:50:51.410701+02","Reus","Spain",NULL
3180,"Begoña Arellano","begona.arellano@example.es","+34940000063","VISITOR","2026-04-07 19:50:51.410701+02","Barakaldo","Spain",NULL
3181,"Mireia Blanch","mireia.blanch@example.es","+34930000085","VISITOR","2026-04-07 19:50:51.410701+02","Cornellà","Spain",NULL
3182,"Eneko Agirre","eneko.agirre@example.es","+34940000086","VISITOR","2026-04-07 19:50:51.410701+02","Getxo","Spain",NULL
4707,"Manuel Jesús Jiménez","manuel.jimenez@example.es","","VISITOR","2026-04-07 20:04:39.488148+02","Seville","Spain",NULL
4708,"María Carmen Rodríguez","maria-carmen.rodriguez@example.es","","VISITOR","2026-04-07 20:04:39.488148+02","Málaga","Spain",NULL
4709,"Francisco Javier Ruiz","javier.ruiz@example.es","","VISITOR","2026-04-07 20:04:39.488148+02","Córdoba","Spain",NULL
4710,"Lucía Fernández","lucia.fernandez98@example.es","","VISITOR","2026-04-07 20:04:39.488148+02","Granada","Spain",NULL
4711,"Alejandro García","alejandro.garcia@example.es","","VISITOR","2026-04-07 20:04:39.488148+02","Jerez de la Frontera","Spain",NULL
4712,"Paula Sánchez","paula.sanchez95@example.es","","VISITOR","2026-04-07 20:04:39.488148+02","Almería","Spain",NULL
4713,"David López","david.lopez99@example.es","","VISITOR","2026-04-07 20:04:39.488148+02","Huelva","Spain",NULL
4714,"Rocío Martínez","rocio.martinez@example.es","","VISITOR","2026-04-07 20:04:39.488148+02","Cádiz","Spain",NULL
4715,"José Antonio Moreno","jose.moreno@example.es","","VISITOR","2026-04-07 20:04:39.488148+02","Jaén","Spain",NULL
4716,"Álvaro Ramos","alvaro.ramos@example.es","","VISITOR","2026-04-07 20:04:39.488148+02","Marbella","Spain",NULL
4717,"Sara Morales","sara.morales@example.es","","VISITOR","2026-04-07 20:04:39.488148+02","Dos Hermanas","Spain",NULL
4718,"Daniel Navarro","daniel.navarro@example.es","","VISITOR","2026-04-07 20:04:39.488148+02","Algeciras","Spain",NULL
4719,"Marta Castro","marta.castro@example.es","","VISITOR","2026-04-07 20:04:39.488148+02","San Fernando","Spain",NULL
4720,"Adrian Muñoz","adrian.munoz@example.es","","VISITOR","2026-04-07 20:04:39.488148+02","El Puerto de Santa María","Spain",NULL
4721,"Macarena Gómez","macarena.gomez@example.es","","VISITOR","2026-04-07 20:04:39.488148+02","Seville","Spain",NULL
4722,"Antonio Miguel Ortiz","antonio.ortiz@example.es","","VISITOR","2026-04-07 20:04:39.488148+02","Roquetas de Mar","Spain",NULL
4723,"Cristina Blanco","cristina.blanco@example.es","","VISITOR","2026-04-07 20:04:39.488148+02","Chiclana de la Frontera","Spain",NULL
4724,"Rafael Vega","rafael.vega02@example.es","","VISITOR","2026-04-07 20:04:39.488148+02","Córdoba","Spain",NULL
4725,"Isabel Díaz","isabel.diaz91@example.es","","VISITOR","2026-04-07 20:04:39.488148+02","Málaga","Spain",NULL
4726,"Juan Manuel Toro","juan.toro89@example.es","","VISITOR","2026-04-07 20:04:39.488148+02","Granada","Spain",NULL
4727,"Triana Peinado","triana.peinado@example.es","","VISITOR","2026-04-07 20:04:39.488148+02","Seville","Spain",NULL
4728,"Hugo Ibáñez","hugo.ibanez03@example.es","","VISITOR","2026-04-07 20:04:39.488148+02","Almería","Spain",NULL
4729,"Alba Jiménez","alba.jimenez82@example.es","","VISITOR","2026-04-07 20:04:39.488148+02","Jaén","Spain",NULL
4730,"Sergio Domínguez","sergio.dominguez@example.es","","VISITOR","2026-04-07 20:04:39.488148+02","Huelva","Spain",NULL
4731,"Nerea Garrido","nerea.garrido@example.es","","VISITOR","2026-04-07 20:04:39.488148+02","Cádiz","Spain",NULL
4732,"Pablo Herrera","pablo.herrera@example.es","","VISITOR","2026-04-07 20:04:39.488148+02","Sanlúcar de Barrameda","Spain",NULL
4733,"Verónica Herrera","veronica.herrera@example.es","","VISITOR","2026-04-07 20:04:39.488148+02","Estepona","Spain",NULL
4734,"Guillermo Navarro","guillermo.navarro@example.es","","VISITOR","2026-04-07 20:04:39.488148+02","Málaga","Spain",NULL
4735,"Pastora Soler","pastora.soler@example.es","","VISITOR","2026-04-07 20:04:39.488148+02","Seville","Spain",NULL
4736,"Ignacio Nadal","ignacio.nadal@example.es","","VISITOR","2026-04-07 20:04:39.488148+02","Málaga","Spain",NULL
4737,"Marina Vidal","marina.vidal@example.es","","VISITOR","2026-04-07 20:04:39.488148+02","Granada","Spain",NULL
4738,"Felipe Marin","felipe.marin@example.es","","VISITOR","2026-04-07 20:04:39.488148+02","Córdoba","Spain",NULL
4739,"Inmaculada Santos","inma.santos@example.es","","VISITOR","2026-04-07 20:04:39.488148+02","Almería","Spain",NULL
4740,"Valencia Ortega","valencia.ortega@example.es","","VISITOR","2026-04-07 20:04:39.488148+02","Utrera","Spain",NULL
4741,"Celia Cordero","celia.cordero@example.es","","VISITOR","2026-04-07 20:04:39.488148+02","Mairena del Aljarafe","Spain",NULL
4742,"Joaquín Estévez","joaquin.estevez@example.es","","VISITOR","2026-04-07 20:04:39.488148+02","Huelva","Spain",NULL
4743,"Lourdes Ortega","lourdes.ortega@example.es","","VISITOR","2026-04-07 20:04:39.488148+02","Vélez-Málaga","Spain",NULL
4744,"Isabel Giménez","isabel.gimenez@example.es","","VISITOR","2026-04-07 20:04:39.488148+02","Fuengirola","Spain",NULL
4745,"Esther Leon","esther.Leon@example.es","","VISITOR","2026-04-07 20:04:39.488148+02","Motril","Spain",NULL
4746,"Víctor León","victor.leon93@example.es","","VISITOR","2026-04-07 20:04:39.488148+02","Linares","Spain",NULL
4747,"Maria Calvo","maria.calvo@example.es","","VISITOR","2026-04-07 20:04:39.488148+02","Alcalá de Guadaíra","Spain",NULL
4748,"Raúl Muro","raul.muro@example.es","","VISITOR","2026-04-07 20:04:39.488148+02","Rincón de la Victoria","Spain",NULL
4749,"Elena Aguilar","elena.aguilar@example.es","","VISITOR","2026-04-07 20:04:39.488148+02","Torremolinos","Spain",NULL
4750,"Santiago Gallardo","santiago.gallardo@example.es","","VISITOR","2026-04-07 20:04:39.488148+02","Benalmádena","Spain",NULL
4751,"Lorena Aguilar","lorena.aguilar@example.es","","VISITOR","2026-04-07 20:04:39.488148+02","Puerto Real","Spain",NULL
4752,"Ivá Ramos","iva.ramos@example.es","","VISITOR","2026-04-07 20:04:39.488148+02","La Línea de la Concepción","Spain",NULL
4753,"Bella Soto","bella.soto@example.es","","VISITOR","2026-04-07 20:04:39.488148+02","Lucena","Spain",NULL
4754,"Rubén Soto","ruben.soto@example.es","","VISITOR","2026-04-07 20:04:39.488148+02","Antequera","Spain",NULL
4755,"Noelia Nadal","noelia.nadal@example.es","","VISITOR","2026-04-07 20:04:39.488148+02","Écija","Spain",NULL
4756,"Celia Ramirez","celia.ramirez@example.es","","VISITOR","2026-04-07 20:04:39.488148+02","Málaga","Spain",NULL
4757,"Andrea Serrano","andrea.serrano@example.es","","VISITOR","2026-04-07 20:04:39.488148+02","Almuñécar","Spain",NULL
4758,"Borja Gil","borja.gil@example.es","","VISITOR","2026-04-07 20:04:39.488148+02","Andújar","Spain",NULL
4759,"Vanesa Jurado","vanesa.jurado@example.es","","VISITOR","2026-04-07 20:04:39.488148+02","Montilla","Spain",NULL
4760,"Fernando Nieto","fernando.nieto99@example.es","","VISITOR","2026-04-07 20:04:39.488148+02","Úbeda","Spain",NULL
4761,"Miriam Castillo","miriam.castillo94@example.es","","VISITOR","2026-04-07 20:04:39.488148+02","Baza","Spain",NULL
4762,"Jesús Moyano","jesus.moyano@example.es","","VISITOR","2026-04-07 20:04:39.488148+02","Arcos de la Frontera","Spain",NULL
4763,"Leticia Benítez","leticia.benitez@example.es","","VISITOR","2026-04-07 20:04:39.488148+02","Lepe","Spain",NULL
4764,"Xavier Rosselló","xavier.rossello@example.es","","VISITOR","2026-04-07 20:04:39.488148+02","Roquetas de Mar","Spain",NULL
4765,"Silvia Rivas","silvia.rivas@example.es","","VISITOR","2026-04-07 20:04:39.488148+02","Adra","Spain",NULL
4766,"Aitor Otxoa","aitor.otxoa@example.es","","VISITOR","2026-04-07 20:04:39.488148+02","El Ejido","Spain",NULL
4767,"Manuela Aguilar","manuela.aguilar@example.es","","VISITOR","2026-04-07 20:04:39.488148+02","Níjar","Spain",NULL
4768,"Antonio Jose Vera","antonio.vera@example.es","","VISITOR","2026-04-07 20:04:39.488148+02","Vicar","Spain",NULL
4769,"Inés Aranda","ines.aranda@example.es","","VISITOR","2026-04-07 20:04:39.488148+02","Granada","Spain",NULL
4770,"Begoña Aranda","begona.aranda@example.es","","VISITOR","2026-04-07 20:04:39.488148+02","Málaga","Spain",NULL
4771,"Ramón Salgado","ramon.salgado@example.es","","VISITOR","2026-04-07 20:04:39.488148+02","Seville","Spain",NULL
4772,"Vanessa Blanch","vanessa.blanch@example.es","","VISITOR","2026-04-07 20:04:39.488148+02","Almería","Spain",NULL
4773,"Jaime Valero","jaime.valero@example.es","","VISITOR","2026-04-07 20:04:39.488148+02","Huelva","Spain",NULL
4774,"Sonia Luque","sonia.luque@example.es","","VISITOR","2026-04-07 20:04:39.488148+02","Córdoba","Spain",NULL
4775,"Irene Santiago","irene.santiago@example.es","","VISITOR","2026-04-07 20:04:39.488148+02","Jerez de la Frontera","Spain",NULL
4776,"Vicente Bosch","vicente.bosch@example.es","","VISITOR","2026-04-07 20:04:39.488148+02","Cádiz","Spain",NULL
4777,"Pilar Pardo","pilar.pardo@example.es","","VISITOR","2026-04-07 20:04:39.488148+02","Jaén","Spain",NULL
4778,"Celia Pardo","celia.pardo@example.es","","VISITOR","2026-04-07 20:04:39.488148+02","Marbella","Spain",NULL
4779,"Leticia Jurado","leticia.jurado@example.es","","VISITOR","2026-04-07 20:04:39.488148+02","Fuengirola","Spain",NULL
4780,"Dolores Rivas","dolores.rivas@example.es","","VISITOR","2026-04-07 20:04:39.488148+02","Torremolinos","Spain",NULL
4781,"Amparo Esteban","amparo.esteban@example.es","","VISITOR","2026-04-07 20:04:39.488148+02","Benalmádena","Spain",NULL
4782,"Salvador Molina","salvador.molina@example.es","","VISITOR","2026-04-07 20:04:39.488148+02","Rincón de la Victoria","Spain",NULL
4783,"Eugenio Aranda","eugenio.aranda@example.es","","VISITOR","2026-04-07 20:04:39.488148+02","Velez-Malaga","Spain",NULL
4784,"Concepción Salgado","concepcion.salgado@example.es","","VISITOR","2026-04-07 20:04:39.488148+02","Estepona","Spain",NULL
4785,"Mireia Verdo","mireia.verdo@example.es","","VISITOR","2026-04-07 20:04:39.488148+02","Mijas","Spain",NULL
4786,"Belén Palacios","belen.palacios@example.es","","VISITOR","2026-04-07 20:04:39.488148+02","Seville","Spain",NULL
4787,"Lidia Redondo","lidia.redondo@example.es","","VISITOR","2026-04-07 20:04:39.488148+02","Málaga","Spain",NULL
4788,"Carmelo Saiz","carmelo.saiz@example.es","","VISITOR","2026-04-07 20:04:39.488148+02","Córdoba","Spain",NULL
4789,"Rosana Galán","rosana.galan@example.es","","VISITOR","2026-04-07 20:04:39.488148+02","Granada","Spain",NULL
4790,"Juan Manuel Herrero","juan.herrero@example.es","","VISITOR","2026-04-07 20:04:39.488148+02","Huelva","Spain",NULL
4791,"Asunción Escudero","asuncion.escudero@example.es","","VISITOR","2026-04-07 20:04:39.488148+02","Almería","Spain",NULL
4792,"César Cano","cesar.cano@example.es","","VISITOR","2026-04-07 20:04:39.488148+02","Cádiz","Spain",NULL
4793,"Jimena Marco","jimena.marco@example.es","","VISITOR","2026-04-07 20:04:39.488148+02","Jaén","Spain",NULL
4794,"Modesto Collado","modesto.collado@example.es","","VISITOR","2026-04-07 20:04:39.488148+02","Jerez de la Frontera","Spain",NULL
4795,"Purificación Oliva","purificacion.oliva@example.es","","VISITOR","2026-04-07 20:04:39.488148+02","Algeciras","Spain",NULL
4796,"Braulio Prados","braulio.prados@example.es","","VISITOR","2026-04-07 20:04:39.488148+02","Dos Hermanas","Spain",NULL
4797,"Adelaida Cobo","adelaida.cobo@example.es","","VISITOR","2026-04-07 20:04:39.488148+02","Puerto Real","Spain",NULL
4798,"Eloy Benítez","eloy.benitez@example.es","","VISITOR","2026-04-07 20:04:39.488148+02","San Fernando","Spain",NULL
4799,"Feliciano Giner","feliciano.giner@example.es","","VISITOR","2026-04-07 20:04:39.488148+02","Sanlúcar de Barrameda","Spain",NULL
4800,"Montserrat Giner","montserrat.giner@example.es","","VISITOR","2026-04-07 20:04:39.488148+02","La Línea","Spain",NULL
4801,"Irene Etxeberria","irene.etxeberria@example.es","","VISITOR","2026-04-07 20:04:39.488148+02","Roquetas de Mar","Spain",NULL
4802,"Ainhoa Castro","ainhoa.castro@example.es","","VISITOR","2026-04-07 20:04:39.488148+02","Chiclana de la Frontera","Spain",NULL
4803,"Ingrid Castro","ingrid.castro@example.es","","VISITOR","2026-04-07 20:04:39.488148+02","El Ejido","Spain",NULL
4804,"Ismael Pascual","ismael.pascual97@example.es","","VISITOR","2026-04-07 20:04:39.488148+02","Vélez-Málaga","Spain",NULL
4805,"Vanessa Aguilar","vanessa.aguilar@example.es","","VISITOR","2026-04-07 20:04:39.488148+02","Lucena","Spain",NULL
4806,"Santiago Peinado","santiago.peinado97@example.es","","VISITOR","2026-04-07 20:04:39.488148+02","Antequera","Spain",NULL
4807,"Manuel García","manuel.garcia@tarifa.es","","LOCAL","2026-04-07 20:10:43.417867+02","Tarifa","Spain",NULL
4808,"Ulrike Richter","ulrike.richterr@tarifa.es","","LOCAL","2026-04-07 20:10:43.417867+02","Tarifa","Spain",NULL
4809,"Marco Rossi","marco.rossi@tarifa.es","","LOCAL","2026-04-07 20:10:43.417867+02","Tarifa","Spain",NULL
4810,"Lucie Bernard","lucie.bernard@tarifa.es","","LOCAL","2026-04-07 20:10:43.417867+02","Tarifa","Spain",NULL
4811,"James Smith","james.smith@tarifa.es","","LOCAL","2026-04-07 20:10:43.417867+02","Tarifa","Spain",NULL
4812,"Sina O'Connor","sina.oconnor@tarifa.es","","LOCAL","2026-04-07 20:10:43.417867+02","Tarifa","Spain",NULL
4813,"Urs Widmer","urs.widmer@tarifa.es","","LOCAL","2026-04-07 20:10:43.417867+02","Tarifa","Spain",NULL
4814,"Rocío Jiménez","rocio.jimenez@tarifa.es","","LOCAL","2026-04-07 20:10:43.417867+02","Tarifa","Spain",NULL
4815,"Anke Schmidt","anke.schmidt@tarifa.es","","LOCAL","2026-04-07 20:10:43.417867+02","Tarifa","Spain",NULL
4816,"Giulia Bianchi","giulia.bianchi@tarifa.es","","LOCAL","2026-04-07 20:10:43.417867+02","Tarifa","Spain",NULL
4817,"Jean Dupont","jean.dupont@tarifa.es","","LOCAL","2026-04-07 20:10:43.417867+02","Tarifa","Spain",NULL
4818,"Oliver Brown","oliver.brown@tarifa.es","","LOCAL","2026-04-07 20:10:43.417867+02","Tarifa","Spain",NULL
4819,"Liam Murphy","liam.murphy@tarifa.es","","LOCAL","2026-04-07 20:10:43.417867+02","Tarifa","Spain",NULL
4820,"Heidi Weber","heidi.weber@tarifa.es","","LOCAL","2026-04-07 20:10:43.417867+02","Tarifa","Spain",NULL
4821,"Tiago Silva","tiago.silva@tarifa.es","","LOCAL","2026-04-07 20:10:43.417867+02","Tarifa","Spain",NULL
4822,"Pieter Janssens","pieter.janssens@tarifa.es","","LOCAL","2026-04-07 20:10:43.417867+02","Tarifa","Spain",NULL
4823,"Carmen Ortiz","carmen.ortiz@tarifa.es","","LOCAL","2026-04-07 20:10:43.417867+02","Tarifa","Spain",NULL
4824,"Thea Beck","thea.beck@tarifa.es","","LOCAL","2026-04-07 20:10:43.417867+02","Tarifa","Spain",NULL
4825,"Alessandra Esposito","alessandra.esposito@tarifa.es","","LOCAL","2026-04-07 20:10:43.417867+02","Tarifa","Spain",NULL
4826,"Guillaume Leroy","guillaume.leroy@tarifa.es","","LOCAL","2026-04-07 20:10:43.417867+02","Tarifa","Spain",NULL
4827,"Charlotte Taylor","charlotte.taylor@tarifa.es","","LOCAL","2026-04-07 20:10:43.417867+02","Tarifa","Spain",NULL
4828,"Aoife Walsh","aoife.walsh@tarifa.es","","LOCAL","2026-04-07 20:10:43.417867+02","Tarifa","Spain",NULL
4829,"Lukas Steiner","lukas.steiner@tarifa.es","","LOCAL","2026-04-07 20:10:43.417867+02","Tarifa","Spain",NULL
4830,"Alejandro Ruiz","alejandro.ruiz@tarifa.es","","LOCAL","2026-04-07 20:10:43.417867+02","Tarifa","Spain",NULL
4831,"Ingrid Schneider","ingrid.schneider@tarifa.es","","LOCAL","2026-04-07 20:10:43.417867+02","Tarifa","Spain",NULL
4832,"Luca Ferrari","luca.ferrari@tarifa.es","","LOCAL","2026-04-07 20:10:43.417867+02","Tarifa","Spain",NULL
4833,"Amélie Petit","amelie.petit@tarifa.es","","LOCAL","2026-04-07 20:10:43.417867+02","Tarifa","Spain",NULL
4834,"William Wilson","william.wilson@tarifa.es","","LOCAL","2026-04-07 20:10:43.417867+02","Tarifa","Spain",NULL
4835,"Colin O'Brien","colin.obrien@tarifa.es","","LOCAL","2026-04-07 20:10:43.417867+02","Tarifa","Spain",NULL
4836,"Marc Keller","marc.keller@tarifa.es","","LOCAL","2026-04-07 20:10:43.417867+02","Tarifa","Spain",NULL
4837,"Jordi Molins","jordi.molins@tarifa.es","","LOCAL","2026-04-07 20:10:43.417867+02","Tarifa","Spain",NULL
4838,"Ulrike Fischer","ulrike.fischer@tarifa.es","","LOCAL","2026-04-07 20:10:43.417867+02","Tarifa","Spain",NULL
4839,"Francesca Romano","francesca.romano@tarifa.es","","LOCAL","2026-04-07 20:10:43.417867+02","Tarifa","Spain",NULL
4840,"Benoît Morel","benoit.morel@tarifa.es","","LOCAL","2026-04-07 20:10:43.417867+02","Tarifa","Spain",NULL
4841,"Emily Davies","emily.davies@tarifa.es","","LOCAL","2026-04-07 20:10:43.417867+02","Tarifa","Spain",NULL
4842,"Roisin Kelly","roisin.kelly@tarifa.es","","LOCAL","2026-04-07 20:10:43.417867+02","Tarifa","Spain",NULL
4843,"Andreas Huber","andreas.huber@tarifa.es","","LOCAL","2026-04-07 20:10:43.417867+02","Tarifa","Spain",NULL
4844,"Beatriz Soto","beatriz.soto@tarifa.es","","LOCAL","2026-04-07 20:10:43.417867+02","Tarifa","Spain",NULL
4845,"Ronny Lehmann","ronny.lehmann@tarifa.es","","LOCAL","2026-04-07 20:10:43.417867+02","Tarifa","Spain",NULL
4846,"Matteo Colombo","matteo.colombo@tarifa.es","","LOCAL","2026-04-07 20:10:43.417867+02","Tarifa","Spain",NULL
4847,"Sophie Girard","sophie.girard@tarifa.es","","LOCAL","2026-04-07 20:10:43.417867+02","Tarifa","Spain",NULL
4848,"Thomas Wright","thomas.wright@tarifa.es","","LOCAL","2026-04-07 20:10:43.417867+02","Tarifa","Spain",NULL
4849,"Patrick Byrne","patrick.byrne@tarifa.es","","LOCAL","2026-04-07 20:10:43.417867+02","Tarifa","Spain",NULL
4850,"Fabienne Favre","fabienne.favre@tarifa.es","","LOCAL","2026-04-07 20:10:43.417867+02","Tarifa","Spain",NULL
4851,"Lars Nielsen","lars.nielsen@tarifa.es","","LOCAL","2026-04-07 20:10:43.417867+02","Tarifa","Spain",NULL
4852,"Isabel Díaz","isabel.diaz@tarifa.es","","LOCAL","2026-04-07 20:10:43.417867+02","Tarifa","Spain",NULL
4853,"Christiane Hoffmann","christiane.hoffmann@tarifa.es","","LOCAL","2026-04-07 20:10:43.417867+02","Tarifa","Spain",NULL
4854,"Paolo Ricci","paolo.ricci@tarifa.es","","LOCAL","2026-04-07 20:10:43.417867+02","Tarifa","Spain",NULL
4855,"Nicolas Bonnet","nicolas.bonnet@tarifa.es","","LOCAL","2026-04-07 20:10:43.417867+02","Tarifa","Spain",NULL
4856,"Jessica Jones","jessica.jones@tarifa.es","","LOCAL","2026-04-07 20:10:43.417867+02","Tarifa","Spain",NULL
4857,"Siobhan Ryan","siobhan.ryan@tarifa.es","","LOCAL","2026-04-07 20:10:43.417867+02","Tarifa","Spain",NULL
4858,"Klaus Brunner","klaus.brunner@tarifa.es","","LOCAL","2026-04-07 20:10:43.417867+02","Tarifa","Spain",NULL
4859,"Milosz Nowak","milosz.nowak@tarifa.es","","LOCAL","2026-04-07 20:10:43.417867+02","Tarifa","Spain",NULL
4860,"Lucía Fernández","lucia.fernandez@tarifa.es","","LOCAL","2026-04-07 20:10:43.417867+02","Tarifa","Spain",NULL
4861,"Peggy Neumann","peggy.neumann@tarifa.es","","LOCAL","2026-04-07 20:10:43.417867+02","Tarifa","Spain",NULL
4862,"Valentina Marino","valentina.marino@tarifa.es","","LOCAL","2026-04-07 20:10:43.417867+02","Tarifa","Spain",NULL
4863,"Pierre Fournier","pierre.fournier@tarifa.es","","LOCAL","2026-04-07 20:10:43.417867+02","Tarifa","Spain",NULL
4864,"George Thompson","george.thompson@tarifa.es","","LOCAL","2026-04-07 20:10:43.417867+02","Tarifa","Spain",NULL
4865,"Ciara McCarthy","ciara.mccarthy@tarifa.es","","LOCAL","2026-04-07 20:10:43.417867+02","Tarifa","Spain",NULL
4866,"Petra Marti","petra.marti@tarifa.es","","LOCAL","2026-04-07 20:10:43.417867+02","Tarifa","Spain",NULL
4867,"Marta Muñoz","marta.munoz@tarifa.es","","LOCAL","2026-04-07 20:10:43.417867+02","Tarifa","Spain",NULL
4868,"Enrico Voigt","enrico.voigt@tarifa.es","","LOCAL","2026-04-07 20:10:43.417867+02","Tarifa","Spain",NULL
4869,"Domenico Greco","domenico.greco@tarifa.es","","LOCAL","2026-04-07 20:10:43.417867+02","Tarifa","Spain",NULL
4870,"Camille Lambert","camille.lambert@tarifa.es","","LOCAL","2026-04-07 20:10:43.417867+02","Tarifa","Spain",NULL
4871,"Harry Johnson","harry.johnson@tarifa.es","","LOCAL","2026-04-07 20:10:43.417867+02","Tarifa","Spain",NULL
4872,"Darragh Quinn","darragh.quinn@tarifa.es","","LOCAL","2026-04-07 20:10:43.417867+02","Tarifa","Spain",NULL
4873,"Sabine Egger","sabine.egger@tarifa.es","","LOCAL","2026-04-07 20:10:43.417867+02","Tarifa","Spain",NULL
4874,"Joao Pereira","joao.pereira@tarifa.es","","LOCAL","2026-04-07 20:10:43.417867+02","Tarifa","Spain",NULL
4875,"Inmaculada Romero","inma.romero@tarifa.es","","LOCAL","2026-04-07 20:10:43.417867+02","Tarifa","Spain",NULL
4876,"Jana Wagner","jana.wagner@tarifa.es","","LOCAL","2026-04-07 20:10:43.417867+02","Tarifa","Spain",NULL
4877,"Stefano Bruno","stefano.bruno@tarifa.es","","LOCAL","2026-04-07 20:10:43.417867+02","Tarifa","Spain",NULL
4878,"Elodie Roussel","elodie.roussel@tarifa.es","","LOCAL","2026-04-07 20:10:43.417867+02","Tarifa","Spain",NULL
4879,"Jack Roberts","jack.roberts@tarifa.es","","LOCAL","2026-04-07 20:10:43.417867+02","Tarifa","Spain",NULL
4880,"Fionnuala Kennedy","fionnuala.kennedy@tarifa.es","","LOCAL","2026-04-07 20:10:43.417867+02","Tarifa","Spain",NULL
4881,"Reto Schmid","reto.schmid@tarifa.es","","LOCAL","2026-04-07 20:10:43.417867+02","Tarifa","Spain",NULL
4882,"Dimitra Makri","dimitra.makri@tarifa.es","","LOCAL","2026-04-07 20:10:43.417867+02","Tarifa","Spain",NULL
4883,"Oscar Ramirez","oscar.ramirez@tarifa.es","","LOCAL","2026-04-07 20:10:43.417867+02","Tarifa","Spain",NULL
4884,"Cindy Schulz","cindy.schulz@tarifa.es","","LOCAL","2026-04-07 20:10:43.417867+02","Tarifa","Spain",NULL
4885,"Simona Conti","simona.conti@tarifa.es","","LOCAL","2026-04-07 20:10:43.417867+02","Tarifa","Spain",NULL
4886,"Julien Blanc","julien.blanc@tarifa.es","","LOCAL","2026-04-07 20:10:43.417867+02","Tarifa","Spain",NULL
4887,"Lily Evans","lily.evans@tarifa.es","","LOCAL","2026-04-07 20:10:43.417867+02","Tarifa","Spain",NULL
4888,"Enda Fitzgerald","enda.fitzgerald@tarifa.es","","LOCAL","2026-04-07 20:10:43.417867+02","Tarifa","Spain",NULL
4889,"Monika Lustenberger","monika.lustenberger@tarifa.es","","LOCAL","2026-04-07 20:10:43.417867+02","Tarifa","Spain",NULL
4890,"Laszlo Nagy","laszlo.nagy@tarifa.es","","LOCAL","2026-04-07 20:10:43.417867+02","Tarifa","Spain",NULL
4891,"Pilar Pardo","pilar.pardo@tarifa.es","","LOCAL","2026-04-07 20:10:43.417867+02","Tarifa","Spain",NULL
4892,"Thorsten Möller","thorsten.moeller@tarifa.es","","LOCAL","2026-04-07 20:10:43.417867+02","Tarifa","Spain",NULL
4893,"Fabio De Luca","fabio.deluca@tarifa.es","","LOCAL","2026-04-07 20:10:43.417867+02","Tarifa","Spain",NULL
4894,"Marine Chevalier","marine.chevalier@tarifa.es","","LOCAL","2026-04-07 20:10:43.417867+02","Tarifa","Spain",NULL
4895,"Arthur King","arthur.king@tarifa.es","","LOCAL","2026-04-07 20:10:43.417867+02","Tarifa","Spain",NULL
4896,"Eoin Moran","eoin.moran@tarifa.es","","LOCAL","2026-04-07 20:10:43.417867+02","Tarifa","Spain",NULL
4897,"Dominique Gygax","dominique.gygax@tarifa.es","","LOCAL","2026-04-07 20:10:43.417867+02","Tarifa","Spain",NULL
4898,"Jan Horvat","jan.horvat@tarifa.es","","LOCAL","2026-04-07 20:10:43.417867+02","Tarifa","Spain",NULL
4899,"Álvaro Pérez","alvaro.perez@tarifa.es","","LOCAL","2026-04-07 20:10:43.417867+02","Tarifa","Spain",NULL
4900,"Auguste Löffler","auguste.loeffler@tarifa.es","","LOCAL","2026-04-07 20:10:43.417867+02","Tarifa","Spain",NULL
4901,"Chiara Galli","chiara.galli@tarifa.es","","LOCAL","2026-04-07 20:10:43.417867+02","Tarifa","Spain",NULL
4902,"Thierry Dubois","thierry.dubois@tarifa.es","","LOCAL","2026-04-07 20:10:43.417867+02","Tarifa","Spain",NULL
4903,"Poppy Harrison","poppy.harrison@tarifa.es","","LOCAL","2026-04-07 20:10:43.417867+02","Tarifa","Spain",NULL
4904,"Cathal Sheehan","cathal.sheehan@tarifa.es","","LOCAL","2026-04-07 20:10:43.417867+02","Tarifa","Spain",NULL
4905,"Yasmine Rochat","yasmine.rochat@tarifa.es","","LOCAL","2026-04-07 20:10:43.417867+02","Tarifa","Spain",NULL
4906,"Arvid Larsson","arvid.larsson@tarifa.es","","LOCAL","2026-04-07 20:10:43.417867+02","Tarifa","Spain",NULL
