id,username,email,full_name,city,country,resident
101,SedonaHiker,sedona@example.com,Ruby Canyon,Sedona,USA,no
1,PixelPenguin,penguin@example.com,Arctic Wanderer,Oulu,Finland,no
14,BigBenBeliever,bigben@example.com,Benjamin Clock,London,UK,no
64,LibertyBellFan,libertybell@example.com,Franklin Bell,New York City,USA,no
65,MiamiSunshine,miamisunshine@example.com,Sophia Ocean,Tarifa,Spain,yes
66,AlaskaExplorer,alaska@example.com,Hannah Glacier,Tarifa,Spain,yes
2,SkyChaser,sky@example.com,Skyline Dreamer,Las Vegas,USA,no
3,MountainGoat,goat@example.com,Rocky Trails,Corralejo,Spain,no
4,RiverWanderer,river@example.com,Flowing Spirit,Tarifa,Spain,yes
5,DesertFox,fox@example.com,Sahara Rover,Bilbao,Spain,no
6,TechTrekker,techtrekker@example.com,Digital Nomad,Bergen,Norway,no
7,TeaLover,tea@example.com,Elizabeth Green,Hamburg,Germany,no
8,LondonWalker,walker@example.com,John Sterling,Toulouse,France,no
9,BiscuitHunter,biscuit@example.com,Margaret Brown,Edinburgh,UK,no
10,FoggyMorning,foggy@example.com,Edward Grey,Palermo,Italy,no
11,ShakespeareFan,shakespeare@example.com,William Page,Tarifa,Spain,yes
12,UnionJack,unionjack@example.com,Victoria Redford,Tarifa,Spain,yes
13,ThamesRider,thames@example.com,Arthur Lake,Barcelona,Spain,no
15,RoyalGardener,royalgardener@example.com,Catherine Bloom,Tarifa,Spain,yes
16,RainyDayDreamer,rainyday@example.com,Harold Weatherby,Dortmund,Germany,no
17,BoroughBaker,baker@example.com,Sarah Loaf,Tarifa,Spain,yes
18,TowerBridgeTrekker,towerbridge@example.com,Daniel Stone,Tarifa,Spain,yes
19,PubExplorer,pub@example.com,George Aleman,Tarifa,Spain,yes
20,CambridgeScholar,cambridge@example.com,Emily King,Tarifa,Spain,yes
21,RedBusRider,redbus@example.com,Charles Wheels,Copenhagen,Denmark,no
22,CountrysideChaser,countryside@example.com,Lydia Fields,Tarifa,Spain,yes
23,CricketFanatic,cricket@example.com,James Batson,Bordeaux,France,no
24,CottageCoreDream,cottagecore@example.com,Alice Meadow,Tarifa,Spain,yes
25,StonehengeSeeker,stonehenge@example.com,Oliver Circle,Genoa,Italy,no
26,OxfordThinker,oxford@example.com,Henry Brainwood,Tarifa,Spain,yes
27,TeaAndBooks,teaandbooks@example.com,Charlotte Turner,Tarifa,Spain,yes
28,CozyFireplace,fireplace@example.com,Lucy Warmth,Tarifa,Spain,yes
29,CastlesAndCrowns,castles@example.com,Philip Crownstone,Bremen,Germany,no
30,LakeDistrictLover,lakedistrict@example.com,Anna Waters,Malaga,Spain,no
31,YorkshirePudding,yorkshire@example.com,Frederick Tasty,Strasbourg,France,no
32,ScottishHighlander,scottish@example.com,Fiona Braveheart,Naples,Italy,no
33,CharmingChelsea,chelsea@example.com,Sophia Lane,Tarifa,Spain,yes
34,GreenwichGazer,greenwich@example.com,Samuel Time,Munich,Germany,no
35,BuckinghamDreamer,buckingham@example.com,Diana Windsor,Florence,Italy,no
36,HamptonHistorian,hampton@example.com,Edward Hall,Leeds,UK,no
37,QueenBee,queenbee@example.com,Victoria Majesty,Rome,Italy,no
38,RegentStroller,regent@example.com,Alexander Lane,Tarifa,Spain,yes
39,PortobelloPicker,portobello@example.com,Amelia Market,Genoa,Italy,no
40,HydeParkJogger,hydepark@example.com,Thomas Sprint,Tarifa,Spain,yes
41,VintageVictoria,vintagevictoria@example.com,Emily Lace,Zurich,Switzerland,no
42,LondonEyeSeer,londoneye@example.com,Eleanor View,Tarifa,Spain,yes
43,RoyalTeaParty,royalteaparty@example.com,Isabelle Cup,Bergen,Norway,no
44,AbbeyFanatic,abbey@example.com,Matthew Bells,Tarifa,Spain,yes
45,LakePoet,lakepoet@example.com,Dorothy Wordsworth,Bari,Italy,no
46,EnglishRose,rose@example.com,Rosemary Petals,Zurich,Switzerland,no
47,VictorianVibes,victorianvibes@example.com,Arthur Dickens,Leipzig,Germany,no
48,HedgehogLover,hedgehog@example.com,Hannah Prickles,Tarifa,Spain,yes
49,ThistleAndThames,thistleandthames@example.com,William Scott,Tarifa,Spain,yes
50,CountryLane,countrylane@example.com,Laura Fielding,Tarifa,Spain,yes
51,LondonLights,londonlights@example.com,Olivia Glow,Bilbao,Spain,no
52,CamdenCrafter,camden@example.com,Daniel Crafton,Tarifa,Spain,yes
53,GreenFields,greenfields@example.com,Emily Clover,Tarifa,Spain,yes
54,RainyUmbrella,umbrella@example.com,Harry Weather,Barcelona,Spain,no
55,DoverExplorer,dover@example.com,Christopher Cliff,Manchester,UK,no
56,BristolBridges,bristol@example.com,Charlotte Spans,Turin,Italy,no
57,StarsAndStripes,stars@example.com,Samuel Freedom,Helsinki,Finland,no
58,NYCPizzaLover,pizza@example.com,Alex Brooklyn,Liverpool,UK,no
59,Route66Rider,route66@example.com,Chris Highway,Hamburg,Germany,no
60,GoldenGateGazer,goldengate@example.com,Samantha Bridge,Tarifa,Spain,yes
61,BBQKing,bbqking@example.com,Jordan Smoke,Barcelona,Spain,no
62,TexasRancher,texas@example.com,Taylor Lasso,Dusseldorf,Germany,no
63,CaliforniaDreamer,californiadreamer@example.com,Jessica Malibu,Tarifa,Spain,yes
67,ChicagoDeepDish,deepdish@example.com,Matthew Slice,Malaga,Spain,no
68,GrandCanyonHiker,grandcanyon@example.com,Bryan Canyon,Budapest,Hungary,no
69,JazzAndBeignets,jazz@example.com,Lila NewOrleans,Nice,France,no
70,SeattleBrews,seattle@example.com,Ethan Coffee,Tarifa,Spain,yes
71,RockyMountainClimber,rockies@example.com,Emily Peak,Berlin,Germany,no
72,DisneyFanatic,disney@example.com,Mickey Fan,Stuttgart,Germany,no
73,SouthernCharm,southern@example.com,Charlotte Savannah,Tarifa,Spain,yes
74,YosemiteWanderer,yosemite@example.com,Jack Valley,Athens,Greece,no
75,HollywoodDreamer,hollywood@example.com,Taylor Lights,Brno,Czech Republic,no
76,VegasLights,vegaslights@example.com,Cassidy Jackpot,Bari,Italy,no
77,BroadwayStar,broadway@example.com,Ella Spotlight,Tarifa,Spain,yes
78,SiliconValleyTech,siliconvalley@example.com,Logan Code,Tarifa,Spain,yes
79,TennesseeWhiskey,whiskey@example.com,Lucas Distiller,Edinburgh,UK,no
80,CapeCodCruiser,capecod@example.com,Isabella Harbor,Tarifa,Spain,yes
81,HawaiiAloha,hawaii@example.com,Noah Wave,Hamburg,Germany,no
82,StatueOfLiberty,statueofliberty@example.com,Grace Ellis,Cologne,Germany,no
83,CowboyBoots,cowboyboots@example.com,Riley Spurs,Dublin,Ireland,no
84,BostonRedSox,redsox@example.com,Elliot Fenway,Dusseldorf,Germany,no
85,SmokyMountainView,smokymountains@example.com,Jasmine Mist,Rome,Italy,no
86,SpaceCenterFan,spacecenter@example.com,Caleb Apollo,Frankfurt,Germany,no
87,FloridaKeysSunset,floridakeys@example.com,Savannah Horizon,Florence,Italy,no
88,NiagaraFalls,niagara@example.com,Daniel Splash,Valencia,Spain,no
89,TexasBBQLover,texasbbq@example.com,Jaxon Smoke,Dusseldorf,Germany,no
90,BayAreaBiker,bayarea@example.com,Sierra Pedals,Milan,Italy,no
91,DenverBrews,denver@example.com,Hunter Craft,Bristol,UK,no
92,YellowstoneExplorer,yellowstone@example.com,Ella Geyser,Bremen,Germany,no
93,SaltLakeSkier,saltlake@example.com,Mason Snow,Warsaw,Poland,no
94,PhoenixRising,phoenix@example.com,Avery Blaze,Marseille,France,no
95,CaliSurfer,calisurfer@example.com,Brandon Wave,Tarifa,Spain,yes
96,BostonTeaParty,bostontea@example.com,Emily Harbor,Edinburgh,UK,no
97,KeyWestChill,keywest@example.com,Harper Tides,Turin,Italy,no
98,NashvilleStrings,nashville@example.com,Madison Harmony,Geneva,Switzerland,no
99,AlamoAdventurer,alamo@example.com,Declan Remember,Rome,Italy,no
100,MinneapolisLakes,minneapolis@example.com,Autumn North,Tarifa,Spain,yes
102,WashingtonApple,washington@example.com,Grace Orchard,Dusseldorf,Germany,no
103,BigSkyDreamer,bigsky@example.com,Skyler Montana,Cork,Ireland,no
104,MountRushmore,mountrushmore@example.com,Parker Presidents,Frankfurt,Germany,no
105,OregonTrails,oregon@example.com,Dakota River,Hamburg,Germany,no
106,ZionAdventurer,zion@example.com,Jordan Cliff,Paris,France,no
107,GoldenCoastGal,goldencoast@example.com,Sunny Malibu,Tarifa,Spain,yes
108,HollywoodHustler,hollywoodhustler@example.com,Taylor Fame,Lisbon,Portugal,no
109,BayAreaVibes,bayarea3@example.com,Jordan Oakland,Berlin,Germany,no
110,SurfinSantaCruz,santacruz@example.com,Kai Wave,Berlin,Germany,no
111,SierraHiker,sierrahiker@example.com,Aspen Trail,Cordoba,Spain,no
112,CaliSunset,calisunset@example.com,Mia Horizon,Tarifa,Spain,yes
113,PalmSpringsChill,palmsprings@example.com,Riley Oasis,Bristol,UK,no
114,WineCountryDream,winecountry@example.com,Sophia Napa,Tarifa,Spain,yes
115,VeniceBoardwalk,veniceboardwalk@example.com,Tyler Skater,Malaga,Spain,no
116,LagunaLover,laguna@example.com,Ella Laguna,Tarifa,Spain,yes
117,RedwoodRanger,redwood@example.com,Sage Forest,Gothenburg,Sweden,no
118,LaLaLandLife,lalaland@example.com,Luna Angeles,Nantes,France,no
119,CarmelCoastline,carmel@example.com,Evan Pebble,Milan,Italy,no
120,SanDiegoSurfer,sandiego@example.com,Blake Wave,Leipzig,Germany,no
121,OCFashionista,ocfashionista@example.com,Chloe Orange,Tarifa,Spain,yes
122,BigBearAdventurer,bigbear@example.com,Hunter Summit,Warsaw,Poland,no
123,SacramentoSoul,sacramento@example.com,Logan River,Berlin,Germany,no
124,CoachellaChic,coachella@example.com,Willow Desert,Bilbao,Spain,no
125,BeachCityBreeze,beachcity@example.com,Parker Pacific,Tarifa,Spain,yes
126,MontereyMermaid,monterey@example.com,Isla Cove,Tarifa,Spain,yes
127,LakeTahoeDreamer,laketahoe@example.com,Brooke Alpine,Bari,Italy,no
128,SanFranciscoSoul,sanfran@example.com,Elliot Bridge,Venice,Italy,no
129,HollywoodSunshine,hollywoodsunshine@example.com,Sierra Spotlight,Budapest,Hungary,no
130,MalibuMagic,malibumagic@example.com,Chelsea Ocean,Dortmund,Germany,no
131,JoshuaTreeSeeker,joshuatree@example.com,Phoenix Cactus,Belfast,UK,no
132,YosemiteTrailblazer,yosemitetrail@example.com,Aspen Valley,Liverpool,UK,no
133,SantaBarbaraBreeze,santabarbara@example.com,Ivy Coast,Tarifa,Spain,yes
134,GoldenGateGrin,goldengategrin@example.com,Jamie Skyline,Frankfurt,Germany,no
135,PacificCoastChaser,pacificcoast@example.com,Cameron Tides,Bristol,UK,no
136,OCGlow,ocglow@example.com,Amber Laguna,Montpellier,France,no
137,SantaMonicaStar,santamonica@example.com,Mason Pier,Valencia,Spain,no
138,SocalSunrise,socalsunrise@example.com,Dylan Horizon,Tarifa,Spain,yes
139,HollywoodLights,hollywoodlights@example.com,Taylor Glimmer,Lyon,France,no
140,NapaValleyVine,napavalley@example.com,Vincent Grape,Madrid,Spain,no
141,BigSurWanderer,bigsur@example.com,Autumn Cliff,Munich,Germany,no
142,SanJoseCoder,sanjose@example.com,Ethan Code,Dublin,Ireland,no
143,VeniceSunset,venicesunset@example.com,Leila Glow,Naples,Italy,no
144,LongBeachSurfer,longbeach@example.com,Brandon Tide,Salzburg,Austria,no
145,CaliDreaming,calidreaming@example.com,Sky Dreamer,Leipzig,Germany,no
146,SantaCruzSoul,santacruzsoul@example.com,Harper Skater,Belfast,UK,no
147,MendocinoWaves,mendocino@example.com,River Ocean,Gothenburg,Sweden,no
148,BeverlyHillsVibes,beverlyhills@example.com,Sophia Luxe,Lille,France,no
149,SoCalStargazer,socalstargazer@example.com,Astrid Glow,Dusseldorf,Germany,no
150,LagunaSands,lagunasands@example.com,Riley Shore,Dublin,Ireland,no
151,RedwoodTrail,redwoodtrail@example.com,Cedar Grove,Nantes,France,no
152,JoshuaSky,joshuasky@example.com,Luna Oasis,Milan,Italy,no
153,GoldenHourGlow,goldenhour@example.com,Mia Horizon,Seville,Spain,no
154,CaliSierraStar,calisierra@example.com,Jasper Peak,Rotterdam,Netherlands,no
155,HollywoodGlam,hollywoodglam@example.com,Ella Fame,Granada,Spain,no
156,MalibuSerenity,malibuserenity@example.com,Layla Breeze,Helsinki,Finland,no
157,AlohaWave,aloha@example.com,Kai Hoku,Valencia,Spain,no
158,SunsetHula,sunsethula@example.com,Leilani Kalani,Tarifa,Spain,yes
159,IslandVibes,islandvibes@example.com,Nalu Kea,Tarifa,Spain,yes
160,PacificDreamer,pacificdreamer@example.com,Malia Moana,Tarifa,Spain,yes
161,HulaHarmony,hulaharmony@example.com,Koa Malu,Krakow,Poland,no
162,MauiSurfer,mauisurfer@example.com,Lani Kai,Genoa,Italy,no
163,OhanaHeart,ohanaheart@example.com,Keanu Lani,Tarifa,Spain,yes
164,TropicalBreeze,tropicalbreeze@example.com,Pua Kahakai,Tarifa,Spain,yes
165,LavaFlow,lavaflow@example.com,Ikaika Pele,Paris,France,no
166,MolokaiMagic10,molokaimagic10@example.com,Noelani Wai,Leeds,UK,no
167,HawaiiSunrise,hawaiisunrise@example.com,Kalani Maluhia,Prague,Czech Republic,no
168,PineappleParadise,pineappleparadise@example.com,Makani Olu,Tarifa,Spain,yes
169,AlohaSpirit,alohaspirit@example.com,Halia Anela,Tarifa,Spain,yes
170,WaikikiWaves,waikiki@example.com,Lehua Nani,Naples,Italy,no
171,BigIslandSoul,bigisland@example.com,Kanoa Pali,Tarifa,Spain,yes
172,KonaBreeze,konabreeze@example.com,Maile Kona,Venice,Italy,no
173,HonuHaven,honuhaven@example.com,Kai Honu,Venice,Italy,no
174,ParadiseGlow,paradiseglow@example.com,Meilani Kai,Tarifa,Spain,yes
175,SurfShaka,surfshaka@example.com,Nani Keiki,Copenhagen,Denmark,no
176,VolcanoVibes,volcanovibes@example.com,Iolana Hale,Tarifa,Spain,yes
177,HulaHaven,hulahaven@example.com,Pono Alani,Liverpool,UK,no
178,OceanOhana,oceanohana@example.com,Makana Wai,Florence,Italy,no
179,AlohaAdventure,alohaadventure@example.com,Kaliko Lani,Amsterdam,Netherlands,no
180,TikiTales,tikitales@example.com,Mana Hoku,Seville,Spain,no
181,KauaiDream,kauaidream@example.com,Lilia Makai,Cordoba,Spain,no
182,IslandExplorer,islandexplorer@example.com,Kekoa Hale,Dusseldorf,Germany,no
183,PacificParadise,pacificparadise@example.com,Ala Moana,Dublin,Ireland,no
184,SunsetShaka,sunsetshaka@example.com,Liko Keiki,Tarifa,Spain,yes
185,LanaiLover,lanailover@example.com,Nohea Lani,Malaga,Spain,no
186,HawaiiHeart,hawaiiheart@example.com,Pele Malu,Athens,Greece,no
187,TropicalSoul,tropicalsoul@example.com,Kaiolohia Nalu,Liverpool,UK,no
188,MolokaiMagic,molokaimagic@example.com,Hoku Kahakai,Budapest,Hungary,no
189,PearlHarborHope,pearlharbor@example.com,Kalena Kai,Lille,France,no
190,HaleakalaHiker,haleakala@example.com,Lilo Hale,Bordeaux,France,no
191,OahuOcean,oahu@example.com,Nai’a Moana,Frankfurt,Germany,no
192,PolynesianDream,polynesian@example.com,Keani Ola,Bristol,UK,no
193,SurfShoreline,surfshoreline@example.com,Kai Nalu,Salzburg,Austria,no
194,OhanaOasis,ohanaoasis@example.com,Lana Wai,Naples,Italy,no
195,IslandGlow,islandglow@example.com,Malia Anela,London,UK,no
196,HonuHarmony,honuharmony@example.com,Koa Kahuna,Nantes,France,no
197,WaiKani,waikani@example.com,Kalani Ola,Sheffield,UK,no
198,ParadisePath,paradisepath@example.com,Pua Halia,Gothenburg,Sweden,no
199,HulaDancer,huladancer@example.com,Nohea Malie,Palermo,Italy,no
200,IslandDreams,islanddreams@example.com,Anuhea Moana,Nantes,France,no
201,KauaiSunrise,kauaisunrise@example.com,Lehua Nalu,Prague,Czech Republic,no
202,PacificGlow,pacificglow@example.com,Hoku Kai,Leipzig,Germany,no
203,AlohaAdventures,alohaadventures@example.com,Makana Nui,Cologne,Germany,no
204,WaimeaWanderer,waimeawanderer@example.com,Iolana Moana,Glasgow,UK,no
205,HawaiianSoul,hawaiiansoul@example.com,Kainoa Wai,Bilbao,Spain,no
206,ParadiseDream,paradisedream@example.com,Lani Nalu,Tarifa,Spain,yes
207,BavarianWanderer,bavarian@example.com,Lukas Müller,Tarifa,Spain,yes
208,BerlinExplorer,berlinexplorer@example.com,Anna Schmidt,Tarifa,Spain,yes
209,BlackForestSoul,blackforest@example.com,Maximilian Fischer,Dortmund,Germany,no
210,HamburgHarbor,hamburgharbor@example.com,Sophia Meyer,Tarifa,Spain,yes
211,RhinelandRider,rhinelandrider@example.com,Felix Becker,Florence,Italy,no
212,FrankfurtSkyline,frankfurt@example.com,Marie Weber,Tarifa,Spain,yes
213,OktoberfestFan,oktoberfestfan@example.com,Jonas Wagner,Tarifa,Spain,yes
214,MunichMoments,munichmoments@example.com,Lea Schulz,Tarifa,Spain,yes
215,BrandenburgBeauty,brandenburg@example.com,Paul Neumann,Tarifa,Spain,yes
216,DresdenDreamer,dresdendreamer@example.com,Clara Hoffmann,Tarifa,Spain,yes
217,BremenBreeze,bremenbreeze@example.com,Tim Lehmann,Montpellier,France,no
218,HessenHiker,hessenhiker@example.com,Emma Keller,Leeds,UK,no
219,CologneCathedral,colognecathedral@example.com,Julian Klein,Leeds,UK,no
220,StuttgartStars,stuttgartstars@example.com,Mia Wolf,Edinburgh,UK,no
221,HeidelbergHaven,heidelberghaven@example.com,Leon Braun,Seville,Spain,no
222,LeipzigLife,leipziglife@example.com,Hanna Wagner,Venice,Italy,no
223,BavariaExplorer,bavariaexplorer@example.com,Alexander König,Tarifa,Spain,yes
224,DortmundDreamer,dortmunddreamer@example.com,Lara Böhm,Dusseldorf,Germany,no
225,HanoverHarmony,hanoverharmony@example.com,Matthias Lange,Leeds,UK,no
226,NurembergNotes,nurembergnotes@example.com,Johanna Busch,Berlin,Germany,no
227,GermanTrails,germantrails@example.com,Simon Keller,Tarifa,Spain,yes
228,RuhrRiverRun,ruhr@example.com,Nina Schäfer,London,UK,no
229,ThuringiaTales,thuringia@example.com,Philipp Hartmann,Tarifa,Spain,yes
230,BavarianBliss,bavarianbliss@example.com,Isabel Stein,Bordeaux,France,no
231,LakeConstanceLife,lakeconstance@example.com,David Krüger,Nantes,France,no
232,MoselleMagic,mosellemagic@example.com,Lisa Berger,Valencia,Spain,no
233,SchlossFan,schlossfan@example.com,Christian Horn,Sheffield,UK,no
234,GermanWanderlust,wanderlust@example.com,Laura Fuchs,Valencia,Spain,no
235,LübeckLover,lubecklover@example.com,Florian Vogel,Bristol,UK,no
236,HarzHiker,harzhiker@example.com,Elisa Haas,Gothenburg,Sweden,no
237,BadenBeauty,badenbeauty@example.com,Markus Weiß,Marseille,France,no
238,DüsseldorfDreamer,dusseldorfdreamer@example.com,Katrin Bauer,Rome,Italy,no
239,EifelExplorer,eifelexplorer@example.com,Tom Richter,Rome,Italy,no
240,GermanVista,germanvista@example.com,Amelie Frank,Helsinki,Finland,no
241,RügenRider,rugen@example.com,Patrick Simon,Strasbourg,France,no
242,BerlinBreeze,berlinbreeze@example.com,Linda Krause,Helsinki,Finland,no
243,WürzburgWaves,wurzburg@example.com,Felix Albrecht,Madrid,Spain,no
244,SaxonSerenity,saxonserenity@example.com,Eva Lorenz,Toulouse,France,no
245,GermanHeritage,germanheritage@example.com,Johannes Krämer,Hamburg,Germany,no
246,MainzMagic,mainzmagic@example.com,Theresa Herzog,Glasgow,UK,no
247,MecklenburgMoods,mecklenburg@example.com,Tobias Peters,Paris,France,no
248,MunichMeadow,munichmeadow@example.com,Sophie Keller,Birmingham,UK,no
249,GermanSights,germansights@example.com,Fabian Hoffmann,Leipzig,Germany,no
250,KarlsruheKing,karlsruhe@example.com,Melanie Herzog,Lille,France,no
251,GermanTrailsHiking,trails@example.com,Jakob Kaiser,Cordoba,Spain,no
252,SchwäbischSoul,swabian@example.com,Lisa Ziegler,Lille,France,no
253,KielExplorer,kielexplorer@example.com,Dennis Engel,Glasgow,UK,no
254,GermanGem,germangem@example.com,Clara Brandt,Sheffield,UK,no
255,FreiburgFan,freiburgfan@example.com,Michael Schmid,Bremen,Germany,no
256,TokyoTraveler,tokyotraveler@example.com,Haruto Tanaka,Cordoba,Spain,no
257,KyotoDreamer,kyotodreamer@example.com,Sakura Yamamoto,Tarifa,Spain,yes
258,OsakaEats,osakaeats@example.com,Ren Sato,Budapest,Hungary,no
259,FukuokaFlavors,fukuokaflavors@example.com,Yui Nakamura,Tarifa,Spain,yes
260,HokkaidoHiker,hokkaidohiker@example.com,Kaito Suzuki,Alicante,Spain,no
261,OkinawaOcean,okinawaocean@example.com,Aoi Takahashi,Dortmund,Germany,no
262,ShinjukuShines,shinjukushines@example.com,Riku Kobayashi,Tarifa,Spain,yes
263,MountFujiFan,mountfujifan@example.com,Hina Matsumoto,Tarifa,Spain,yes
264,NagoyaNights,nagoyanights@example.com,Souta Yamazaki,Seville,Spain,no
265,KanazawaCulture,kanazawaculture@example.com,Mei Shimizu,Dortmund,Germany,no
266,KobeCuisine,kobecuisine@example.com,Tsubasa Ishikawa,Bristol,UK,no
267,SendaiSpirit,sendaispirit@example.com,Nao Kato,Bristol,UK,no
268,HiroshimaHeart,hiroshimaheart@example.com,Mao Fujimoto,Toulouse,France,no
269,YokohamaYarns,yokohamayarns@example.com,Itsuki Hayashi,Milan,Italy,no
270,SapporoSnow,sapporosnow@example.com,Mikako Morita,Gothenburg,Sweden,no
271,NaraNature,naranature@example.com,Daiki Okada,Seville,Spain,no
272,TokyoTales,tokyotales@example.com,Hinata Ono,Turin,Italy,no
273,KyushuKaleidoscope,kyushukaleidoscope@example.com,Rin Yamada,Leeds,UK,no
274,ChibaCharm,chibacharm@example.com,Takumi Fukuda,Bremen,Germany,no
275,KumamotoCastle,kumamotocastle@example.com,Misaki Arai,Copenhagen,Denmark,no
276,TottoriTrails,tottoritrails@example.com,Haruki Nishimura,Tarifa,Spain,yes
277,NaganoNature,naganonature@example.com,Sara Takeda,Malaga,Spain,no
278,ShikokuSeeker,shikokuseeker@example.com,Ryo Hasegawa,Brussels,Belgium,no
279,KyotoKimonos,kyotokimonos@example.com,Yuna Otsuka,Leipzig,Germany,no
280,TokyoTrend,tokyotrend@example.com,Sho Yamaguchi,Bristol,UK,no
281,OsakaOdyssey,osakaodyssey@example.com,Akari Taniguchi,Gothenburg,Sweden,no
282,HokkaidoHarmony,hokkaidoharmony@example.com,Toma Matsuda,Milan,Italy,no
283,OkinawaVibes,okinawavibes@example.com,Riko Hashimoto,Gothenburg,Sweden,no
284,NikkoNostalgia,nikko@example.com,Masaki Kitagawa,Aarhus,Denmark,no
285,KyotoZen,kyotozen@example.com,Kaori Takahashi,Bremen,Germany,no
286,FukuokaFlavor,fukuokaflavor@example.com,Hikaru Miura,Genoa,Italy,no
287,OsakaDrift,osakadrift@example.com,Kenta Ono,Leipzig,Germany,no
288,NagoyaNext,nagoyanext@example.com,Minami Inoue,Vienna,Austria,no
289,KamakuraKarma,kamakura@example.com,Shinichi Yamashita,Palermo,Italy,no
290,HakoneHideaway,hakone@example.com,Maya Nakagawa,Rome,Italy,no
291,OsakaSoul,osakasoul@example.com,Ryohei Morimoto,Lille,France,no
292,TokyoShimmer,tokyoshimmer@example.com,Kana Matsuda,Sheffield,UK,no
293,HokkaidoExplorer,hokkaidoexplorer@example.com,Yuuki Kondo,Manchester,UK,no
294,NaraWisdom,narawisdom@example.com,Reina Fujita,Bilbao,Spain,no
295,KyotoElegance,kyotoelegance@example.com,Hinako Saeki,Toulouse,France,no
296,KobeWaves,kobewaves@example.com,Shogo Yoshida,Dusseldorf,Germany,no
297,HiroshimaHarmony,hiroshimaha@example.com,Emi Kojima,Madrid,Spain,no
298,OsakaLife,osakalife@example.com,Sora Ueda,Rotterdam,Netherlands,no
299,NaganoPeaks,naganofeaks@example.com,Mari Ishikawa,Leipzig,Germany,no
300,TokyoTwilight,tokyotwilight@example.com,Eiji Sakamoto,Manchester,UK,no
301,OkinawaIsland,okinawaisland@example.com,Ayumi Kurata,Munich,Germany,no
302,JapaneseSoul,japanesesoul@example.com,Keita Sasaki,Porto,Portugal,no
303,HiroshimaLight,hiroshimalight@example.com,Miki Oda,Tarifa,Spain,yes
304,TokyoSerene,tokyosere@example.com,Naoki Itō,Tarifa,Spain,yes
305,OkinawanSea,okinawasea@example.com,Ruri Endo,Tarifa,Spain,yes
306,ParisianDream,parisiandream@example.com,Élise Moreau,Tarifa,Spain,yes
307,LyonLover,lyonlover@example.com,Lucas Dubois,Tarifa,Spain,yes
308,RivieraChic,rivierachic@example.com,Sophie Laurent,Tarifa,Spain,yes
309,BordeauxBliss,bordeauxbliss@example.com,Antoine Girard,Stockholm,Sweden,no
310,ProvenceSun,provencesun@example.com,Camille Rousseau,Edinburgh,UK,no
311,NormandyNotes,normandynotes@example.com,Julien Lefèvre,Florence,Italy,no
312,ChâteauChic,chateauchic@example.com,Claire Fontaine,Venice,Italy,no
313,ToulouseTales,toulousetales@example.com,Hugo Bernard,Dortmund,Germany,no
314,AlsaceAdventures,alsaceadventures@example.com,Anaïs Petit,Tarifa,Spain,yes
315,CorsicanVibes,corsicanvibes@example.com,Thomas Garnier,Prague,Czech Republic,no
316,ParisianPoet,parisianpoet@example.com,Chloé Durand,Tarifa,Spain,yes
317,LoireLover,loirelover@example.com,Gabriel Blanchard,Brussels,Belgium,no
318,BrittanyBreeze,brittanybreeze@example.com,Manon Dupont,Tarifa,Spain,yes
319,NiceNomad,nicenomad@example.com,Louis Perrault,Dusseldorf,Germany,no
320,MarseilleMagic,marseillemagic@example.com,Isabelle Reynaud,Tarifa,Spain,yes
321,VersaillesViews,versaillesviews@example.com,Jacques Lambert,Gothenburg,Sweden,no
322,CannesCharm,cannescharm@example.com,Émilie Simon,Tarifa,Spain,yes
323,StrasbourgStories,strasbourgstories@example.com,Maxime Charron,Birmingham,UK,no
324,LilleLife,lillelife@example.com,Louise Roche,Leeds,UK,no
325,AvignonArt,avignonart@example.com,Benoît Noël,Tarifa,Spain,yes
326,ParisianStyle,parisianstyle@example.com,Sabrina Faucher,Edinburgh,UK,no
327,MontpellierMoments,montpelliermoments@example.com,Théo Martin,Helsinki,Finland,no
328,FrenchFinesse,frenchfinesse@example.com,Léa Barret,Tarifa,Spain,yes
329,DijonDelights,dijondelights@example.com,Alexandre Clément,Edinburgh,UK,no
330,ReimsRendezvous,reimsrendezvous@example.com,Charlotte Poirier,Paris,France,no
331,ParisianLights,parisianlights@example.com,Victor Chevalier,Sheffield,UK,no
332,CôteCharm,cotecharm@example.com,Aurélie Leclerc,Tarifa,Spain,yes
333,FrenchFlavors,frenchflavors@example.com,Nicolas Marchand,Krakow,Poland,no
334,LyonLights,lyonlights@example.com,Elodie Robin,Palermo,Italy,no
335,ProvenceDream,provencedream@example.com,Mathieu Giraud,Madrid,Spain,no
336,BordeauxVines,bordeauxvines@example.com,Amélie Richard,Tarifa,Spain,yes
337,NormandySunset,normandysunset@example.com,Guillaume Fournier,Tarifa,Spain,yes
338,ChâteauDream,chateaudream@example.com,Pauline Vidal,Gothenburg,Sweden,no
339,ParisianCharm,parisiancharm@example.com,Arthur Lefebvre,Cordoba,Spain,no
340,RivieraRoamer,rivieraroamer@example.com,Juliette Rolland,Turin,Italy,no
341,ToulouseCharm,toulousecharm@example.com,Baptiste Tessier,Alicante,Spain,no
342,CorsicanWinds,corsicanwinds@example.com,Alice Monet,Tarifa,Spain,yes
343,AlsaceVistas,alsacevistas@example.com,François Marin,Tarifa,Spain,yes
344,ParisianEclat,parisianeclat@example.com,Marie Castaing,Birmingham,UK,no
345,ProvenceSoul,provencesoul@example.com,Jean Roux,Valencia,Spain,no
346,BordeauxBeats,bordeauxbeats@example.com,Nathalie Caron,Tarifa,Spain,yes
347,LilleVibes,lillevibes@example.com,Étienne Pelletier,Tarifa,Spain,yes
348,ReimsLuxe,reimsluxe@example.com,Clara Brunet,Lyon,France,no
349,AvignonAura,avignonaura@example.com,Lucas Gaillard,Athens,Greece,no
350,ParisianGlow,parisianglow@example.com,Sophie Pelletier,Cordoba,Spain,no
351,RivieraDream,rivieradream@example.com,Martin Allard,Dusseldorf,Germany,no
352,NormandyTides,normandytides@example.com,Zoé Moulin,Tarifa,Spain,yes
353,CannesLights,canneslights@example.com,Maxime Laurent,Berlin,Germany,no
354,LyonSoul,lyonsoul@example.com,Emma Fabre,Lille,France,no
355,ParisianVibe,parisianvibe@example.com,Alexandre Rivière,Tarifa,Spain,yes
356,MadridMaven,madridmaven@example.com,Alejandro García,Montpellier,France,no
357,BarcelonaBreeze,barcelonabreeze@example.com,Lucía Martínez,Tarifa,Spain,yes
358,SevilleSpirit,sevillespirit@example.com,Carlos Fernández,Tarifa,Spain,yes
359,GranadaGlow,granadaglow@example.com,Sofía López,Tarifa,Spain,yes
360,ValenciaVibe,valenciavibe@example.com,Javier Sánchez,Tarifa,Spain,yes
361,BilbaoWanderer,bilbaowanderer@example.com,Ana Rodríguez,Warsaw,Poland,no
362,MálagaMuse,malagamuse@example.com,Diego Pérez,Bristol,UK,no
363,ToledoTales,toledotales@example.com,Elena Morales,Tarifa,Spain,yes
364,IbizaNights,ibizanights@example.com,Manuel Romero,Tarifa,Spain,yes
365,CanarySoul,canarysoul@example.com,Laura Ruiz,Turin,Italy,no
366,MadridMarvel,madridmarvel@example.com,Pablo Jiménez,Lisbon,Portugal,no
367,CadizCoast,cadizcoast@example.com,Isabel Gil,Tarifa,Spain,yes
368,ZaragozaZen,zaragozazen@example.com,Marcos Castillo,Malaga,Spain,no
369,GaliciaGreen,galiciagreen@example.com,Carmen Torres,Tarifa,Spain,yes
370,MadridMoments,madridmoments@example.com,Miguel Vargas,Stuttgart,Germany,no
371,BarcelonaCharm,barcelonacharm@example.com,Alicia Navarro,Tarifa,Spain,yes
372,SevilleSun,sevillesun@example.com,Raúl Castro,Milan,Italy,no
373,GranadaDreams,granadadreams@example.com,María Ortega,Tarifa,Spain,yes
374,ValenciaSunset,valenciasunset@example.com,José Alonso,Tarifa,Spain,yes
375,BilbaoBliss,bilbaobliss@example.com,Patricia Delgado,Barcelona,Spain,no
376,IbizaBliss,ibizabliss@example.com,Ricardo Vega,Porto,Portugal,no
377,ToledoTime,toledotime@example.com,Ángela Bautista,Tarifa,Spain,yes
378,MadridNights,madridnights@example.com,Luis Herrera,Birmingham,UK,no
379,SevilleSerenade,sevilleserenade@example.com,Rosa Maldonado,Tarifa,Spain,yes
380,GranadaSun,granadasun@example.com,Francisco Soto,Leipzig,Germany,no
381,BarcelonaStar,barcelonastar@example.com,Clara Peña,Copenhagen,Denmark,no
382,ValenciaChic,valenciachic@example.com,Mario Pardo,Brno,Czech Republic,no
383,MálagaMagic,malagamagic@example.com,Marta Campos,Palermo,Italy,no
384,BilbaoBreeze,bilbaobreeze@example.com,Victor Cabrera,Bergen,Norway,no
385,MadridMoods,madridmoods@example.com,Paula Méndez,Sheffield,UK,no
386,SevilleLove,sevillelove@example.com,Eduardo León,Frankfurt,Germany,no
387,GranadaJoy,granadajoy@example.com,Adriana Núñez,Tarifa,Spain,yes
388,ValenciaSoul,valenciasoul@example.com,Jorge Méndez,Bristol,UK,no
389,IbizaSun,ibizasun@example.com,Sara Pascual,Tarifa,Spain,yes
390,ToledoCharm,toledocharm@example.com,Fernando Acosta,Liverpool,UK,no
391,MadridDream,madriddream@example.com,Andrea Solano,Budapest,Hungary,no
392,SevilleStar,sevillestar@example.com,Juan Rivas,Malaga,Spain,no
393,GranadaBliss,granadabliss@example.com,Beatriz Gallego,Paris,France,no
394,BarcelonaBeats,barcelonabeats@example.com,Gonzalo Salazar,Turin,Italy,no
395,ValenciaView,valenciaview@example.com,Irene Aguilar,Tarifa,Spain,yes
396,MálagaVibes,malagavibes@example.com,Oscar Esteban,Leeds,UK,no
397,BilbaoBeauty,bilbaobeauty@example.com,Natalia Molina,Zurich,Switzerland,no
398,MadridMagic,madridmagic@example.com,Ignacio Iglesias,Bilbao,Spain,no
399,SevilleChic,sevillechic@example.com,Cristina Villar,Tarifa,Spain,yes
400,GranadaSoul,granadasoul@example.com,Pedro Ibáñez,Tarifa,Spain,yes
401,BarcelonaGlow,barcelonaglow@example.com,Valeria Bravo,Tarifa,Spain,yes
402,ValenciaVibes,valenciavibes@example.com,Sebastián Arroyo,Cork,Ireland,no
403,MálagaMoments,malagamoments@example.com,Aitana Lozano,Birmingham,UK,no
404,BilbaoLife,bilbaolife@example.com,Julián Serrano,Tarifa,Spain,yes
405,MadridPassion,madridpassion@example.com,Lola Prieto,Tarifa,Spain,yes
406,NordicExplorers,nordicexplorers@example.com,Erik Johansson,Tarifa,Spain,yes
407,SamiNomad,saminomad@example.com,Ingrid Andersson,Tarifa,Spain,yes
408,VikingVoyager,vikingvoyager@example.com,Björn Larsson,Tarifa,Spain,yes
409,FjordDreamer,fjorddreamer@example.com,Astrid Olsen,Dublin,Ireland,no
410,AuroraHunter,aurorahunter@example.com,Magnus Nielsen,Tarifa,Spain,yes
411,ScandinavianSoul,scandinaviansoul@example.com,Elsa Lindström,Tarifa,Spain,yes
412,LaplandWanderer,laplandwanderer@example.com,Klaus Jakobsen,Sheffield,UK,no
413,OdinSeeker,odinseeker@example.com,Helena Gustafsson,Tarifa,Spain,yes
414,NordicWaves,nordicwaves@example.com,Lars Pettersson,Tarifa,Spain,yes
415,VikingLegacy,vikinglegacy@example.com,Karin Svensson,Tarifa,Spain,yes
416,IcelandicDreamer,icelandicdreamer@example.com,Torbjørn Eriksen,Tarifa,Spain,yes
417,SisuStrength,sistrength@example.com,Aino Nieminen,Tarifa,Spain,yes
418,ScandiWanderer,scandiwanderer@example.com,Mikael Holm,Tarifa,Spain,yes
419,VikingShield,vikingshield@example.com,Freja Karlsson,Tarifa,Spain,yes
420,NordicHiker,nordichiker@example.com,Erik Svensson,Venice,Italy,no
421,AuroraLights,auroralights@example.com,Isabella Madsen,Alicante,Spain,no
422,LaplandSnow,laplandsnow@example.com,Timo Jørgensen,Stuttgart,Germany,no
423,NordicRoots,nordicroots@example.com,Sofia Eriksson,Tarifa,Spain,yes
424,VikingSword,vikingsword@example.com,Nils Olsson,Lisbon,Portugal,no
425,FjordExplorer,fjordexplorer@example.com,Bente Jensen,Tarifa,Spain,yes
426,NorthernTales,northerntales@example.com,Lina Hansen,Tarifa,Spain,yes
427,IceClimber,iceclimber@example.com,Jakob Lund,Salzburg,Austria,no
428,SkadiHunter,skadihunter@example.com,Liv Nyström,Tarifa,Spain,yes
429,NordicJourney,nordicjourney@example.com,Jonas Magnusson,Leipzig,Germany,no
430,FinnishForest,finnishforest@example.com,Emilia Virtanen,Belfast,UK,no
431,VikingHeart,vikingheart@example.com,Mads Larsen,Tarifa,Spain,yes
432,FrozenFjord,frozenfjord@example.com,Katrine Skaar,Tarifa,Spain,yes
433,NordicExplorer,nordicexplorer@example.com,Anders Sørensen,Aarhus,Denmark,no
434,ThorStorm,thorstorm@example.com,Olivia Petersen,Stockholm,Sweden,no
435,ScandiSoul,scandisoul@example.com,Stig Johansen,Tarifa,Spain,yes
436,FjordBreeze,fjordbreeze@example.com,Inga Pedersen,Seville,Spain,no
437,HelsinkiDream,helsinkidream@example.com,Ari Kallio,Tarifa,Spain,yes
438,FrostyNordic,frostynordic@example.com,Mia Johannessen,Tarifa,Spain,yes
439,VikingRune,vikingrune@example.com,Ludvig Möller,Nice,France,no
440,SnowyViking,snowyviking@example.com,Saga Jensen,Tarifa,Spain,yes
441,ScandiTales,scanditales@example.com,Eirik Knutsen,Stockholm,Sweden,no
442,NordicCharm,nordiccharm@example.com,Karolina Håkansson,Tarifa,Spain,yes
443,VikingFury,vikingfury@example.com,Oscar Lindahl,Cordoba,Spain,no
444,FrozenTrail,frozentrail@example.com,Hanne Dahl,Tarifa,Spain,yes
445,NorthernBliss,northernbliss@example.com,Fredrik Persson,Tarifa,Spain,yes
446,VikingDream,vikingdream@example.com,Tina Bergström,Tarifa,Spain,yes
447,ScandiVibes,scandivibes@example.com,Nina Sällström,Nice,France,no
448,IcelandicSunset,icelandicsunset@example.com,Jens Madsen,Lisbon,Portugal,no
449,HelsinkiLights,helsinkilights@example.com,Signe Nygaard,Tarifa,Spain,yes
450,NorthernExplorer,northernexplorer@example.com,Olaf Lund,Tarifa,Spain,yes
451,ScandiForest,scandiforest@example.com,Freja Olofsson,Tarifa,Spain,yes
452,IcelandicVibes,icelandicvibes@example.com,Johan Olafsson,Madrid,Spain,no
453,VikingSpirit,vikingspirit@example.com,Sofie Svensson,Tarifa,Spain,yes
454,SnowTrekker,snowtrekker@example.com,Henrik Johansen,Glasgow,UK,no
455,AuroraNomad,auroranomad@example.com,Elin Håkansson,Tarifa,Spain,yes
456,SalsaQueen,salsaqueen@example.com,María González,Leipzig,Germany,no
457,TangoKing,tangoking@example.com,Carlos Rodríguez,Cork,Ireland,no
458,FiestaVibes,fiestavibes@example.com,Lucía Pérez,Tarifa,Spain,yes
459,LatinSoul,latinsoul@example.com,Juan Martínez,Berlin,Germany,no
460,CumbiaLover,cumbialover@example.com,Ana Díaz,Tarifa,Spain,yes
461,PuraVidaSpirit,puravidaspirit@example.com,Luis Hernández,Bilbao,Spain,no
462,ChurrosTaster,churrostaster@example.com,Isabella Fernández,Salzburg,Austria,no
463,CarnavalHeart,carnavalheart@example.com,Miguel González,Warsaw,Poland,no
464,LatinExplorer,latinexplorer@example.com,Valentina Sánchez,Tarifa,Spain,yes
465,PeruvianAdventurer,peruvianadventurer@example.com,Diego Torres,Manchester,UK,no
466,AztecWarrior,aztecwarrior@example.com,Ximena López,Tarifa,Spain,yes
467,AndeanDreamer,andeandreamer@example.com,Santiago Rodríguez,Bilbao,Spain,no
468,VivaLaVida,vivalavida@example.com,Camila Ruiz,Tarifa,Spain,yes
469,BrazilianBeat,brazilianbeat@example.com,Gabriel Silva,Tarifa,Spain,yes
470,ChileanVibes,chileanvibes@example.com,Patricia Mendoza,Leipzig,Germany,no
471,SambaSpirit,sambaspirit@example.com,Eduardo Costa,Tarifa,Spain,yes
472,LatinaFlare,latinaflare@example.com,Mariana Fernández,Venice,Italy,no
473,VenezuelanSunset,venezuelansunset@example.com,Carlos Ramírez,Granada,Spain,no
474,ColombianRhythm,colombianrhythm@example.com,Valeria Jiménez,Birmingham,UK,no
475,TropicalDream,tropicaldream@example.com,Javier López,Paris,France,no
476,BolivianJourney,bolivianjourney@example.com,Beatriz Morales,Helsinki,Finland,no
477,CaribbeanSoul,caribbeansoul@example.com,Fernando Castillo,Antwerp,Belgium,no
478,MayanMysteries,mayanmysteries@example.com,Elena Gómez,Palermo,Italy,no
479,CubaVibes,cubavibes@example.com,Antonio Díaz,Alicante,Spain,no
480,PuertoRicoRhythm,puertoricorhythm@example.com,Sofía Rodríguez,Stuttgart,Germany,no
481,LatinoEnergy,latinoenergy@example.com,Marco Martínez,Madrid,Spain,no
482,TacoLover,tacolover@example.com,Lucía Rivera,Frankfurt,Germany,no
483,MangoFiesta,mangofiesta@example.com,Jorge Vargas,Leeds,UK,no
484,AmazonAdventurer,amazonadventurer@example.com,Laura Ramírez,Bergen,Norway,no
485,CumbiaPrincess,cumbiaprincess@example.com,María Rodríguez,Bologna,Italy,no
486,SalsaGoddess,salsagoddess@example.com,Raúl Sánchez,Belfast,UK,no
487,MojitoTime,mojitotime@example.com,Jessica Castillo,Madrid,Spain,no
488,LatinSunshine,latinsunshine@example.com,Eduardo Martínez,Nice,France,no
489,BossaNovaSoul,bossanovasoul@example.com,Rosa Fernández,Milan,Italy,no
490,AndesExplorer,andesexplorer@example.com,Miguel González,Nice,France,no
491,RioCarnival,riocarnival@example.com,Isabela Costa,Geneva,Switzerland,no
492,TulumVibes,tulumvibes@example.com,Carlos Pérez,Belfast,UK,no
493,SalsaSoul,salsasoul@example.com,Marcela López,Birmingham,UK,no
494,ChileanExplorer,chileanexplorer@example.com,Joaquín Herrera,Bremen,Germany,no
495,MayaSoul,mayasoul@example.com,Ana María López,Budapest,Hungary,no
496,VivaMexico,vivamexico@example.com,Ricardo Jiménez,Florence,Italy,no
497,CubaSunset,cubasunset@example.com,Laura Ruiz,Budapest,Hungary,no
498,MexicanHeritage,mexicanheritage@example.com,Felipe Morales,Bordeaux,France,no
499,TropicalIsland,tropicalisland@example.com,Gabriela Castro,Madrid,Spain,no
500,AmazonianHeart,amazonianheart@example.com,Fernando Pérez,Berlin,Germany,no
501,LatinoSalsa,latinosalsa@example.com,Diana Torres,Palermo,Italy,no
502,BuenosAiresSoul,buenosairessoul@example.com,Martín García,Krakow,Poland,no
503,RioExplorer,rioexplorer@example.com,Patricia Oliveira,Barcelona,Spain,no
504,CaribbeanDreamer,caribbeandreamer@example.com,José Rodríguez,Bristol,UK,no
505,LatinaExplorer,latinaexplorer@example.com,Verónica González,Marseille,France,no
506,SakuraBlossom,sakurablossom@example.com,Hana Yamada,Oslo,Norway,no
507,BambooDream,bamboodream@example.com,Taro Suzuki,Tarifa,Spain,yes
508,LotusFlower,lotusflower@example.com,Ming Li,Tarifa,Spain,yes
509,DragonRider,dragonrider@example.com,Liu Wei,Tarifa,Spain,yes
510,ZenMaster,zenmaster@example.com,Aiko Takahashi,Tarifa,Spain,yes
511,KoiCarp,koicarp@example.com,Yuki Tanaka,Tarifa,Spain,yes
512,MangoLover,mangolover@example.com,Pooja Sharma,Paris,France,no
513,MandalaArt,mandalaart@example.com,Siti Nurhaliza,Budapest,Hungary,no
514,CherryBlossom,cherryblossom@example.com,Keiko Nakamura,Munich,Germany,no
515,ShintoSpirit,shintospirit@example.com,Kenji Sato,Seville,Spain,no
516,KumamotoNights,kumamonights@example.com,Ayumi Yamamoto,Rotterdam,Netherlands,no
517,RicePaddy,ricepaddy@example.com,Binh Nguyen,Athens,Greece,no
518,TaiChiFlow,taichiflow@example.com,Wei Zhang,Toulouse,France,no
519,SumoChampion,sumochampion@example.com,Hiroshi Watanabe,Amsterdam,Netherlands,no
520,BentoBox,bentobox@example.com,Mika Suzuki,Amsterdam,Netherlands,no
521,PandaLover,pandalover@example.com,Li Wei,Valencia,Spain,no
522,GeishaGrace,geishagrace@example.com,Yuki Fujimoto,Sheffield,UK,no
523,TeaCeremony,teaceremony@example.com,Haruto Kato,Bordeaux,France,no
524,KaraokeKing,karaokeking@example.com,Jin Kim,Manchester,UK,no
525,MiyagiMountain,miyagimountain@example.com,Rika Kobayashi,Helsinki,Finland,no
526,SichuanSpice,sichuanspice@example.com,Hui Li,Lille,France,no
527,BaliVibes,balivibes@example.com,Putri Sari,Budapest,Hungary,no
528,BangkokBliss,bangkokbliss@example.com,Somchai Preecha,Birmingham,UK,no
529,ShibuyaLights,shibuyalights@example.com,Sakura Inoue,Bari,Italy,no
530,IndigoSky,indigosky@example.com,Tara Patel,Paris,France,no
531,K-popFanatic,kpopfanatic@example.com,Jiwon Kim,Bremen,Germany,no
532,ShogunSpirit,shogunspirit@example.com,Kenzo Yamada,Tarifa,Spain,yes
533,LotusMeditation,lotusmeditation@example.com,Ananya Singh,Milan,Italy,no
534,SilkRoadTraveler,silkroadtraveler@example.com,Aamir Khan,Palermo,Italy,no
535,FujiSnow,fujisnow@example.com,Yuna Hoshino,London,UK,no
536,KoiKing,koiking@example.com,Katsumi Ito,Birmingham,UK,no
537,MandarinDream,mandarindream@example.com,Ying Yue,Montpellier,France,no
538,SakuraPetals,sakurapetals@example.com,Mai Yoshida,Genoa,Italy,no
539,FengShuiHarmony,fengshuiharmony@example.com,Rui Zhang,Malaga,Spain,no
540,CurryLover,currylovers@example.com,Priya Kumar,Naples,Italy,no
541,SakeSipper,sakesipper@example.com,Keiko Mori,Bremen,Germany,no
542,KonnichiwaWorld,konnichiwaworld@example.com,Hiroshi Takeda,Stuttgart,Germany,no
543,MangoStickyRice,mangostickyrice@example.com,Nida Sittichai,Paris,France,no
544,TokyoNights,tokyonights@example.com,Eri Yamamoto,Bristol,UK,no
545,SushiMaster,sushimaster@example.com,Haruki Nishida,Bologna,Italy,no
546,HimalayanDream,himalayandream@example.com,Tenzin Dorji,Cologne,Germany,no
547,ZenBuddha,zenbuddha@example.com,Ryoji Tanaka,Berlin,Germany,no
548,JadeEmpress,jadeempress@example.com,Xiaoling Wang,Helsinki,Finland,no
549,PandaSoul,pandasoul@example.com,Zhao Ling,Zurich,Switzerland,no
550,KoreanWave,koreanwave@example.com,Jiwoo Park,Strasbourg,France,no
551,BaliSunset,balisunset@example.com,Wayan Kusuma,Bordeaux,France,no
552,SeoulCityLights,seoulcitylights@example.com,Minji Han,Athens,Greece,no
553,MatsuForest,matsuforest@example.com,Sota Ito,Munich,Germany,no
554,MangoDragonfly,mangodragonfly@example.com,Mei Lin,Budapest,Hungary,no
555,PacificExplorer,pacificexplorer@example.com,Nani Kaʻahanui,Toulouse,France,no
556,BollywoodStar,bollywoodstar@example.com,Amit Sharma,Warsaw,Poland,no
557,CurryLove,currylove@example.com,Priya Patel,Oslo,Norway,no
558,YogaMaster,yogamaster@example.com,Ananya Desai,Madrid,Spain,no
559,SpiceQueen,spicequeen@example.com,Neha Gupta,Munich,Germany,no
560,BollywoodDiva,bollywooddiva@example.com,Sanya Kapoor,Leeds,UK,no
561,SitarMelody,sitarmelody@example.com,Ravi Kumar,Dusseldorf,Germany,no
562,KarmaSeeker,karmaseeker@example.com,Rita Iyer,Glasgow,UK,no
563,TajMajestic,tajmajestic@example.com,Sanjay Rao,Toulouse,France,no
564,MonsoonMagic,monsoonmagic@example.com,Maya Singh,Bremen,Germany,no
565,GangesFlow,gangesflow@example.com,Vikram Bhat,Strasbourg,France,no
566,BollywoodRhythm,bollywoodrhythm@example.com,Jaya Mehta,Glasgow,UK,no
567,ChaiLover,chailover@example.com,Rajesh Reddy,Leipzig,Germany,no
568,HennaArt,hennaart@example.com,Nisha Sharma,Krakow,Poland,no
569,DiwaliLights,diwalilights@example.com,Karan Kapoor,Barcelona,Spain,no
570,RagaSoul,ragasoul@example.com,Devika Joshi,Genoa,Italy,no
571,MangoSeason,mangoseason@example.com,Amitabh Sharma,Genoa,Italy,no
572,IndigoBlue,indigoBlue@example.com,Sonia Mehra,Lyon,France,no
573,BindiBeauty,bindibeauty@example.com,Priyanka Rao,Liverpool,UK,no
574,SariElegance,sarielelegance@example.com,Kavya Nair,Leeds,UK,no
575,BollywoodQueen,bollywoodqueen@example.com,Tanuja Gupta,Salzburg,Austria,no
576,MasalaMagic,masalamagic@example.com,Harish Mehta,Frankfurt,Germany,no
577,SanskritScholar,sanskritscholar@example.com,Neelam Singh,Glasgow,UK,no
578,MumbaiLights,mumbailights@example.com,Rohit Agarwal,Lille,France,no
579,IndieGems,indiegems@example.com,Tanvi Joshi,Liverpool,UK,no
580,ElephantTales,elephanttales@example.com,Vikas Singh,Berlin,Germany,no
581,SaffronScent,saffronscent@example.com,Radhika Sharma,Venice,Italy,no
582,KaliPower,kalipower@example.com,Vijay Kumar,Amsterdam,Netherlands,no
583,BollywoodGlam,bollywoodglam@example.com,Simran Kapoor,Brussels,Belgium,no
584,SpiritualJourney,spiritualjourney@example.com,Raj Kumar,Manchester,UK,no
585,TandooriFlavors,tandooriflavor@example.com,Naveen Reddy,Bari,Italy,no
586,CurryFest,curryfest@example.com,Alok Gupta,Lille,France,no
587,GulabJamunLove,gulabjamunlove@example.com,Meera Desai,London,UK,no
588,StreetFoodAdventure,streetfoodadventure@example.com,Pradeep Rao,Lisbon,Portugal,no
589,TribalArts,tribalarts@example.com,Jyoti Singh,Aarhus,Denmark,no
590,RajasthaniRitz,rajasthaniritz@example.com,Madhuri Patel,Frankfurt,Germany,no
591,SikhWarrior,sikhwarrior@example.com,Harpreet Singh,Brno,Czech Republic,no
592,ChandniChowk,chandnichowk@example.com,Nikita Shah,Dublin,Ireland,no
593,MysorePalace,mysorepalace@example.com,Devendra Rao,Seville,Spain,no
594,DosaLover,dosalover@example.com,Shivani Patel,Leeds,UK,no
595,HoliColors,holicolors@example.com,Karan Mehta,Naples,Italy,no
596,BiryaniKing,biryanking@example.com,Madhav Kumar,Venice,Italy,no
597,SitarSymphony,sitarsymphony@example.com,Rajeev Singh,Tarifa,Spain,yes
598,MangalArti,mangalarti@example.com,Lakshmi Devi,Birmingham,UK,no
599,TranquilTaj,tranquiltaj@example.com,Neelam Kumari,Munich,Germany,no
600,BollywoodVibes,bollywoodvibes@example.com,Rohini Shah,Leipzig,Germany,no
601,GangesSunset,gangessunset@example.com,Anil Reddy,Manchester,UK,no
602,MarigoldMagic,marigoldmagic@example.com,Kavitha Iyer,Paris,France,no
603,KathakGoddess,kathakgoddess@example.com,Sushmita Bhattacharya,Bergen,Norway,no
604,RajasthanDreams,rajasthandreams@example.com,Rajat Singh,Cork,Ireland,no
605,JalebiJoy,jalebijoy@example.com,Aarti Sharma,Leeds,UK,no
606,CodeMaster,codemaster@example.com,John Doe,Porto,Portugal,no
607,TechieGeek,techiegeek@example.com,Alice Smith,Malaga,Spain,no
608,DevOpsGuru,devopsguru@example.com,Ethan Williams,Rome,Italy,no
609,AI_Explorer,aiexplorer@example.com,Sophia Johnson,Bordeaux,France,no
610,CloudWizard,cloudwizard@example.com,James Brown,Bremen,Germany,no
611,DataNinja,dataninja@example.com,Isabella Davis,Oslo,Norway,no
612,CodeJunkie,codejunkie@example.com,Liam Martinez,Birmingham,UK,no
613,TechieTitan,techietitan@example.com,Mia Hernandez,Brno,Czech Republic,no
614,CyberSleuth,cybersleuth@example.com,Benjamin Lee,Athens,Greece,no
615,QuantumCoder,quantumcoder@example.com,Olivia Clark,Granada,Spain,no
616,ByteBender,bytebender@example.com,Elijah Walker,Lyon,France,no
617,TechSavvyPro,techsavvypro@example.com,Charlotte Allen,Bilbao,Spain,no
618,HackathonHero,hackathonhero@example.com,Jack Harris,Lille,France,no
619,AI_Pioneer,aipioneer@example.com,Amelia Scott,Toulouse,France,no
620,CodeCrafter,codecrafter@example.com,Lucas Young,Milan,Italy,no
621,DevKing,devking@example.com,Harper King,Glasgow,UK,no
622,FullStackMaster,fullstackmaster@example.com,Amos Wright,Geneva,Switzerland,no
623,BugHunter,bughunter@example.com,Zoe Green,Bari,Italy,no
624,CloudNomad,cloudnomad@example.com,Sebastian Carter,Paris,France,no
625,TechVisionary,techvisionary@example.com,Grace Mitchell,Granada,Spain,no
626,BlockchainBabe,blockchainbabe@example.com,Leo Adams,Naples,Italy,no
627,WebDevWizard,webdevwizard@example.com,Sofia Martinez,Montpellier,France,no
628,DataWhiz,datawhiz@example.com,Daniel Thomas,Bremen,Germany,no
629,IoTExplorer,iotexplorer@example.com,Ella Moore,Belfast,UK,no
630,CodeChampion,codechampion@example.com,Henry Garcia,Berlin,Germany,no
631,TechMaverick,techmaverick@example.com,Victoria Turner,Alicante,Spain,no
632,CSSGuru,cssguru@example.com,Isaac Carter,Glasgow,UK,no
633,CyberWarrior,cyberwarrior@example.com,Emma Evans,Lille,France,no
634,TechProdigy,techprodigy@example.com,Nathaniel Clark,Palermo,Italy,no
635,DataMinerX,dataminerx@example.com,Ava Lee,Manchester,UK,no
636,AI_Savant,ai_savant@example.com,Oliver Hall,Birmingham,UK,no
637,CodeNinja,codeninja@example.com,Harley Scott,Budapest,Hungary,no
638,UX_Champion,uxchampion@example.com,Gabriella Perez,London,UK,no
639,PixelPioneer,pixelpioneer@example.com,Samuel Hill,Alicante,Spain,no
640,TheDebugger,thedebugger@example.com,Charlotte Lee,Salzburg,Austria,no
641,CodeSmith,codesmith@example.com,Zane Morgan,Dortmund,Germany,no
642,TheCoderGirl,thecodergirl@example.com,Rachel Davis,Cologne,Germany,no
643,AppDevHero,appdevhero@example.com,Mason Roberts,Palermo,Italy,no
644,PixelArtist,pixelartist@example.com,Daisy Walker,Montpellier,France,no
645,CodeCrusader,codecrusader@example.com,Jordan Thomas,Venice,Italy,no
646,TechBlogger,techblogger@example.com,Lilly Green,Leipzig,Germany,no
647,AlgorithmAce,algorithmace@example.com,Benjamin Evans,Birmingham,UK,no
648,TechWizKid,techwizkid@example.com,Leo Wright,Marseille,France,no
649,CryptoQueen,cryptoqueen@example.com,Madison King,Sheffield,UK,no
650,SiliconValleyVibes,siliconvalleyvibes@example.com,Sebastian Lee,Rome,Italy,no
651,AppDevMaster,appdevmaster@example.com,Emily Clark,Helsinki,Finland,no
652,TechCruncher,techcruncher@example.com,Aiden Harris,Cordoba,Spain,no
653,ProgrammerElite,programmerelite@example.com,Noah Taylor,Helsinki,Finland,no
654,TechSavant,techsavant@example.com,Lila Adams,Bologna,Italy,no
655,ByteMeister,bytemeister@example.com,Gabriel Moore,Seville,Spain,no
656,CanvasDreamer,canvasdreamer@example.com,Ava Moore,Zurich,Switzerland,no
657,BrushStrokes,brushstrokes@example.com,Liam Harris,Alicante,Spain,no
658,PaletteExplorer,paletteexplorer@example.com,Isabella Clark,Liverpool,UK,no
659,ColorWhisperer,colorwhisperer@example.com,Ethan Walker,Birmingham,UK,no
660,ArtisticSoul,artisticsoul@example.com,Sophia Lee,Paris,France,no
661,InkAndImagination,inkandimagination@example.com,Jackson Taylor,Warsaw,Poland,no
662,AbstractVision,abstractvision@example.com,Olivia White,Malaga,Spain,no
663,CreativeMuse,creativemuse@example.com,Amelia Roberts,Bergen,Norway,no
664,SculptedDreams,sculpteddreams@example.com,Lucas King,Bristol,UK,no
665,PixelPainter,pixelpainter@example.com,Chloe Johnson,Lille,France,no
666,ArtAndSoul,artandsoul@example.com,Benjamin Harris,Dortmund,Germany,no
667,MosaicMaster,mosaicmaster@example.com,Zoe Wright,Lille,France,no
668,InkFlow,inkflow@example.com,Mason Scott,Milan,Italy,no
669,GalleryExplorer,galleryexplorer@example.com,Ella Adams,Leeds,UK,no
670,CanvasWanderer,canvaswanderer@example.com,James Martinez,Florence,Italy,no
671,MasterOfShades,masterofshades@example.com,Lily Carter,Paris,France,no
672,WatercolorWhiz,watercolorwhiz@example.com,David Thomas,Birmingham,UK,no
673,VividImpressions,vividimpressions@example.com,Grace Green,Bari,Italy,no
674,ArtisticVibes,artisticvibes@example.com,Henry Allen,Dusseldorf,Germany,no
675,PortraitPioneer,portraitpioneer@example.com,Mia Baker,Bergen,Norway,no
676,ChromaCraze,chromacraze@example.com,Leo Lee,Turin,Italy,no
677,ArtLover23,artlover23@example.com,Olivia Hall,Malaga,Spain,no
678,SculptureSeeker,sculptureseeker@example.com,Sebastian Garcia,Palermo,Italy,no
679,VibrantCanvas,vibrantcanvas@example.com,Madeline Perez,Florence,Italy,no
680,BrushMaestro,brushmaestro@example.com,Alexander Nelson,Montpellier,France,no
681,CreativeFlow,creativeflow@example.com,Charlotte Mitchell,Antwerp,Belgium,no
682,ArtisticRevolution,artisticrevolution@example.com,Elijah Brown,Bari,Italy,no
683,PastelDreams,pasteldreams@example.com,Amos Evans,Naples,Italy,no
684,InkSculptor,inksculptor@example.com,Zara Collins,Cordoba,Spain,no
685,NeoArtist,neoartist@example.com,Nina Carter,Bologna,Italy,no
686,GothicPainter,gothicpainter@example.com,Nolan Young,Strasbourg,France,no
687,ArtisticAlchemy,artisticalchemy@example.com,Ruby Moore,Cologne,Germany,no
688,CreativeTapestry,creativetapestry@example.com,Maya Hill,Munich,Germany,no
689,StainedGlassArtist,stainedglassartist@example.com,Oliver King,Hamburg,Germany,no
690,PencilMaster,pencilmaster@example.com,Sophia Harris,Marseille,France,no
691,AbstractArtistX,abstractartistx@example.com,Lucas Taylor,Helsinki,Finland,no
692,CeramicCreator,ceramiccreator@example.com,Elena Scott,Bilbao,Spain,no
693,GraffitiGuru,graffitiguru@example.com,Isla Mitchell,Lisbon,Portugal,no
694,SketchbookStories,sketchbookstories@example.com,Ryan Parker,Bilbao,Spain,no
695,WatercolorWizard,watercolorwizard@example.com,Mia Anderson,Granada,Spain,no
696,ArtInBloom,artinbloom@example.com,Zachary Wilson,Nantes,France,no
697,BrushStrokeQueen,brushstrokequeen@example.com,Hannah Lee,Bari,Italy,no
698,ModernArtistX,modernartistx@example.com,Ethan Clark,Milan,Italy,no
699,CanvasMaverick,canvasmaverick@example.com,Ruby Roberts,Vienna,Austria,no
700,MixedMediaMaster,mixedmediamaster@example.com,Jasper Evans,Athens,Greece,no
701,ColorBurstArtist,colorburstartist@example.com,Charlotte Young,Bologna,Italy,no
702,CanvasCreatorX,canvascreatorx@example.com,Leo Martinez,Nantes,France,no
703,ArtisticEdge,artisticedge@example.com,Lillian Johnson,Florence,Italy,no
704,BrushQueen,brushqueen@example.com,Elliott Wright,Milan,Italy,no
705,ArtisticWhimsy,artisticwhimsy@example.com,Violet Thomas,Dortmund,Germany,no
706,TheInstaKing,theinstaking@example.com,Olivia Harris,Stuttgart,Germany,no
707,ViralVibes,viralvibes@example.com,Liam Roberts,Belfast,UK,no
708,SocialSensation,socialsensation@example.com,Chloe Lee,Nice,France,no
709,InfluenceMaster,influencemaster@example.com,Ethan White,Venice,Italy,no
710,TrendingQueen,trendingqueen@example.com,Amelia Brown,Bristol,UK,no
711,LifestyleGuru,lifestyleguru@example.com,Mason Wilson,Cordoba,Spain,no
712,ChicInspo,chicinspo@example.com,Sophia Evans,Vienna,Austria,no
713,TheStyleBoss,thestyleboss@example.com,Lucas Taylor,Hamburg,Germany,no
714,BeautyByBella,beautybybella@example.com,Bella Green,Malaga,Spain,no
715,TechTrendsetter,techtrendsetter@example.com,Zoe King,Bristol,UK,no
716,FitFamInspo,fitfaminspo@example.com,Lily Martin,Glasgow,UK,no
717,Fashionista101,fashionista101@example.com,Jackson Scott,Warsaw,Poland,no
718,TheWanderlust,thewanderlust@example.com,Amos Harris,Valencia,Spain,no
719,MommyInfluencer,mommyinfluencer@example.com,Isla Mitchell,Bari,Italy,no
720,TheFoodieVibes,thefoodievibes@example.com,Mia Clark,Brussels,Belgium,no
721,TheTravelJunkie,thetraveljunkie@example.com,Noah Green,Barcelona,Spain,no
722,TechieTribe,techietribe@example.com,Aiden White,Toulouse,France,no
723,InspoForDays,inspofordays@example.com,Eleanor Roberts,Berlin,Germany,no
724,HomeDecorQueen,homedecorqueen@example.com,Oliver Lee,Brussels,Belgium,no
725,MakeupGoddess,makeupgoddess@example.com,Sophie King,Florence,Italy,no
726,VlogStar,vlogstar@example.com,Ethan Clark,Munich,Germany,no
727,FitWithMia,fitwithmia@example.com,Mia Taylor,Brno,Czech Republic,no
728,TheBeautyGuru,thebeautyguru@example.com,Emily Wright,Prague,Czech Republic,no
729,GlowUpWithLex,glowupwithlex@example.com,Lexi Harris,Budapest,Hungary,no
730,GlamByGrace,glambygrace@example.com,Grace Adams,London,UK,no
731,TechTalkWithSam,techtalkwithsam@example.com,Sam Martin,Porto,Portugal,no
732,VeganVibesOnly,veganvibesonly@example.com,Hannah Wilson,Rotterdam,Netherlands,no
733,TheFashionVault,thefashionvault@example.com,Jackson Hall,Nice,France,no
734,FitnessWithSam,fitnesswithsam@example.com,Samuel Clark,Gothenburg,Sweden,no
735,LifeOfTheParty,lifeoftheparty@example.com,Ella Moore,Zurich,Switzerland,no
736,TheBeautyRoom,thebeautyroom@example.com,Zara Scott,Granada,Spain,no
737,FoodieAdventures,foodieadventures@example.com,Jacob Young,Hamburg,Germany,no
738,GlamLifeWithJade,glamlifewithjade@example.com,Jade Taylor,Sheffield,UK,no
739,TechSavvyTribe,techsavvytribe@example.com,Riley Adams,Nantes,France,no
740,MindfulMama,mindfulmama@example.com,Olivia Johnson,Toulouse,France,no
741,TheEcoWarrior,theecowarrior@example.com,Benjamin Miller,Frankfurt,Germany,no
742,VlogAndChill,vlogandchill@example.com,Elena Scott,Belfast,UK,no
743,MomLifeUnfiltered,momlifeunfiltered@example.com,Harper Clark,Rotterdam,Netherlands,no
744,TheStyleSeeker,thestyleseeker@example.com,Luca Evans,Frankfurt,Germany,no
745,HealthyVibesOnly,healthyvibesonly@example.com,Maya Robinson,Zurich,Switzerland,no
746,ViralContentCreator,viralcontentcreator@example.com,Ryan Mitchell,Leeds,UK,no
747,TheTravelExplorer,thetravelexplorer@example.com,Sophia Allen,Lille,France,no
748,TheFashionMaven,thefashionmaven@example.com,Gabriel Hall,Brussels,Belgium,no
749,MommysLifestyle,mommyslifestyle@example.com,Lily Harris,Turin,Italy,no
750,FashionAndFit,fashionandfit@example.com,Isabella Young,Strasbourg,France,no
751,TheFitnessQueen,thefitnessqueen@example.com,Charlotte Robinson,Nantes,France,no
752,GadgetGirl,gadgetgirl@example.com,Amelia Miller,Barcelona,Spain,no
753,VeganFoodie,veganfoodie@example.com,Nathan Allen,Dortmund,Germany,no
754,TheBeautyJunkie,thebeautyjunkie@example.com,Zoe Scott,Granada,Spain,no
755,FamilyInfluencer,familyinfluencer@example.com,Jack Wilson,Rome,Italy,no
756,TheFoodieExplorer,thefoodieexplorer@example.com,Olivia Green,Helsinki,Finland,no
757,TastyTravels,tastytravels@example.com,Liam Brown,Rome,Italy,no
758,SavorEveryBite,savoreverybite@example.com,Charlotte White,Florence,Italy,no
759,GourmetGlutton,gourmetglutton@example.com,Ethan Miller,Manchester,UK,no
760,BiteSizedBliss,bitesizedbliss@example.com,Mason Lee,Bergen,Norway,no
761,FlavorsOfLife,flavorsoflife@example.com,Sophia Johnson,Florence,Italy,no
762,SweetToothSophie,sweettoothsophie@example.com,Sophie Clark,Sheffield,UK,no
763,TasteOfTheWorld,tasteoftheworld@example.com,Jacob Harris,Manchester,UK,no
764,FoodAndFlavorFanatic,foodandflavorfanatic@example.com,Amelia Scott,Bilbao,Spain,no
765,NomNomAdventures,nomnomadventures@example.com,Noah Young,Amsterdam,Netherlands,no
766,GastronomyGuru,gastronomyguru@example.com,Ava Adams,Krakow,Poland,no
767,CulinaryCraze,culinarycraze@example.com,Jackson Robinson,Palermo,Italy,no
768,DeliciousDestinations,deliciousdestinations@example.com,Ella Walker,Toulouse,France,no
769,EatPrayLoveFood,eatpraylovefood@example.com,Oliver King,Valencia,Spain,no
770,FoodieFrenzy,foodiefrenzy@example.com,Zara Taylor,Rome,Italy,no
771,CookingWithCarmen,cookingwithcarmen@example.com,Carmen Mitchell,Amsterdam,Netherlands,no
772,ForkAndKnifeFever,forkandknifefever@example.com,Lily Green,Birmingham,UK,no
773,ThePastryPrincess,thepastryprincess@example.com,Amos Hall,Hamburg,Germany,no
774,SavoryEats,savoryeats@example.com,Charlotte Evans,Dortmund,Germany,no
775,KitchenChronicles,kitchenchronicles@example.com,Mason Moore,London,UK,no
776,SpiceOfLife,spiceoflife@example.com,Ethan Wilson,Brussels,Belgium,no
777,ForkfulOfHeaven,forkfulofheaven@example.com,Lily Harris,Munich,Germany,no
778,TheSaucyChef,thesaucychef@example.com,Eleanor Moore,Naples,Italy,no
779,FoodLoverForever,foodloverforever@example.com,Zoe Carter,Leipzig,Germany,no
780,MouthwateringMaven,mouthwateringmaven@example.com,Gabriel Hall,Athens,Greece,no
781,SweetDelightfulBites,sweetdelightfulbites@example.com,Sophia Lee,Granada,Spain,no
782,TastingTableTales,tastingtabeltales@example.com,Luca Scott,Belfast,UK,no
783,BakedGoodness,bakedgoodness@example.com,Zara Moore,Genoa,Italy,no
784,GourmetAdventures,gourmetadventures@example.com,Benjamin Young,Rome,Italy,no
785,SweetsAndTreats,sweetsandtreats@example.com,Emily Taylor,Dublin,Ireland,no
786,FlourPower,flourpower@example.com,Liam Scott,Belfast,UK,no
787,YummyJourney,yummyjourney@example.com,Zoe Walker,London,UK,no
788,BakingAndBites,bakingandbites@example.com,Isla Martin,Florence,Italy,no
789,FlavorsByGrace,flavorsbygrace@example.com,Grace Roberts,Frankfurt,Germany,no
790,CulinaryWhisperer,culinarywhisperer@example.com,Sophia Adams,Lyon,France,no
791,ForkInTheRoad,forkintheroad@example.com,Jackson Evans,Glasgow,UK,no
792,FoodieDelight,foodiedelight@example.com,Isabella Allen,Warsaw,Poland,no
793,BakingBonanza,bakingbonanza@example.com,Amelia Green,Frankfurt,Germany,no
794,SweetToothSensation,sweettoothsensation@example.com,Mason Walker,Athens,Greece,no
795,HungryForFlavor,hungryforflavor@example.com,Sophie Taylor,Helsinki,Finland,no
796,PastryPerfection,pastryperfection@example.com,Lucas Carter,Cork,Ireland,no
797,CookedWithLove,cookedwithlove@example.com,Ella Harris,Birmingham,UK,no
798,TheFlavorSavvy,theflavorsavvy@example.com,Amos Young,Frankfurt,Germany,no
799,GastronomeExplorer,gastronomeexplorer@example.com,Jack Robinson,Dortmund,Germany,no
800,PiePerfect,pieperfect@example.com,Liam Martin,Granada,Spain,no
801,FlavorsAndBites,flavorsandbites@example.com,Isla Walker,Valencia,Spain,no
802,EpicureanEuphoria,epicureaneuphoria@example.com,Charlotte Taylor,Granada,Spain,no
803,DoughnutDelight,doughnutdelight@example.com,Benjamin Scott,Lyon,France,no
804,ForkfulFantasy,forkfulfantasy@example.com,Amelia Lee,Manchester,UK,no
805,TastyTreatsByMaya,tastytreatsbymaya@example.com,Maya Green,Lille,France,no
806,TheBookWorm,thebookworm@example.com,Olivia Green,Naples,Italy,no
807,NovelAddict,noveladdict@example.com,Liam Brown,Glasgow,UK,no
808,PageTurnerPro,pageturnerpro@example.com,Charlotte White,Bologna,Italy,no
809,LiteraryDreamer,literarydreamer@example.com,Ethan Miller,Palermo,Italy,no
810,BookishAdventures,bookishadventures@example.com,Mason Lee,Helsinki,Finland,no
811,FictionLover,fictionlover@example.com,Sophia Johnson,Malaga,Spain,no
812,ReadingQueen,readingqueen@example.com,Isabella Clark,Florence,Italy,no
813,BookNookJunkie,booknookjunkie@example.com,Benjamin King,Alicante,Spain,no
814,TheLiteraryLife,theliterarylife@example.com,Ava Adams,Lyon,France,no
815,NovelNights,novelnights@example.com,Noah Young,Dublin,Ireland,no
816,BookishMusings,bookishmusings@example.com,Zoe Scott,Frankfurt,Germany,no
817,PageFlipper,pageflipper@example.com,Mason Walker,Vienna,Austria,no
818,TheReadingRoom,thereadingroom@example.com,Sophia Taylor,Florence,Italy,no
819,BookishExplorer,bookishexplorer@example.com,Ella Roberts,Paris,France,no
820,BibliophileLife,bibliophileslife@example.com,Lily White,Salzburg,Austria,no
821,ReadingAndRhyme,readingandrhyme@example.com,Jack Walker,Toulouse,France,no
822,BooksInBloom,booksinbloom@example.com,Amelia Scott,Leeds,UK,no
823,EpicReadsOnly,epicreadsonly@example.com,Lucas Carter,Palermo,Italy,no
824,LibraryLover,librarylover@example.com,Chloe Hall,Helsinki,Finland,no
825,NovelEscapes,novelescapes@example.com,Luca Robinson,Dusseldorf,Germany,no
826,TheBookExplorer,thebookexplorer@example.com,Grace Lee,Helsinki,Finland,no
827,StorytellersCorner,storytellerscorner@example.com,Oliver King,Athens,Greece,no
828,BookAddictsAnonymous,bookaddictsanonymous@example.com,Amos Hall,Belfast,UK,no
829,PoetryAndProse,poetryandprose@example.com,Zara Green,Cologne,Germany,no
830,TheShelfieQueen,theshelfiequeen@example.com,Emily Harris,Birmingham,UK,no
831,FictionFanatic,fictionfanatic@example.com,Benjamin White,Dusseldorf,Germany,no
832,BooksAndBrew,booksandbrew@example.com,Mia Johnson,Genoa,Italy,no
833,TheReadingWizard,thereadingwizard@example.com,Ava Young,Amsterdam,Netherlands,no
834,BookishHeart,bookishheart@example.com,Sophie Taylor,Dortmund,Germany,no
835,PagesAndPens,pagesandpens@example.com,Liam Evans,Genoa,Italy,no
836,WordsAndWanderlust,wordsandwanderlust@example.com,Ella Clark,Bari,Italy,no
837,FictionFever,fictionfever@example.com,Zoe Taylor,Toulouse,France,no
838,TheBookVoyager,thebookvoyager@example.com,Jackson Hall,Zurich,Switzerland,no
839,ReadersHaven,readershaven@example.com,Sophia King,Oslo,Norway,no
840,EpicStoryTeller,epicstoryteller@example.com,Mason Walker,Athens,Greece,no
841,ReadingRhythms,readingrhythms@example.com,Lily Evans,Glasgow,UK,no
842,TheBookBuff,thebookbuff@example.com,Oliver Johnson,Lyon,France,no
843,PoeticSoul,poeticsoul@example.com,Chloe Adams,Toulouse,France,no
844,PageScribe,pagescribe@example.com,Amelia Carter,Malaga,Spain,no
845,TheLiteraryLover,theliterarylover@example.com,Jack Robinson,Lille,France,no
846,NovelJunkie,noveljunkie@example.com,Liam Harris,Venice,Italy,no
847,TalesAndTreasures,talesandtreasures@example.com,Sophie Hall,Seville,Spain,no
848,BookishVibes,bookishvibes@example.com,Isabella Walker,Sheffield,UK,no
849,BookLoverForever,bookloverforever@example.com,Benjamin Green,Munich,Germany,no
850,InkAndImagination10,inkandimagination10@example.com,Lily Scott,Edinburgh,UK,no
851,ReadingDreams,readingdreams@example.com,Jacob White,Dublin,Ireland,no
852,LiteratureLover,literaturelover@example.com,Grace Lee,Toulouse,France,no
853,TheBookJunkie,thebookjunkie@example.com,Zara Harris,Vienna,Austria,no
854,TheNovelNerd,thenovelnerd@example.com,Jack Clark,Madrid,Spain,no
855,StoryScribe,storyscribe@example.com,Ella Robinson,Dortmund,Germany,no
856,BreakingBadFan,breakingbadfan@example.com,Walter White,Bremen,Germany,no
857,StrangerThingsAddict,strangerthingsaddict@example.com,Eleven Wheeler,Berlin,Germany,no
858,FriendsForever,friendsforever@example.com,Rachel Green,Tarifa,Spain,yes
859,TheOfficeMemeLord,theofficememelord@example.com,Michael Scott,Geneva,Switzerland,no
860,GameOfThronesFanatic,gameofthronesfanatic@example.com,Jon Snow,Cork,Ireland,no
861,WestworldExplorer,westworldexplorer@example.com,Dolores Abernathy,Marseille,France,no
862,TheWalkingDeadSurvivor,thewalkingdeadsurvivor@example.com,Rick Grimes,Stuttgart,Germany,no
863,PeakyBlindersBoss,peakyblindersboss@example.com,Tommy Shelby,Madrid,Spain,no
864,SherlockHolmesFan,sherlockholmesfan@example.com,Sherlock Holmes,Madrid,Spain,no
865,BreakingNewsFanatic,breakingnewsfanatic@example.com,Leslie Knope,Nantes,France,no
866,StrangerThingsWatcher,strangerthingswatcher@example.com,Mike Wheeler,Montpellier,France,no
867,MoneyHeistFan,moneyheistfan@example.com,The Professor,Lisbon,Portugal,no
868,HouseOfCardsPlayer,houseofcardsplayer@example.com,Frank Underwood,Hamburg,Germany,no
869,BlackMirrorWatcher,blackmirrorwatcher@example.com,Victoria,Lille,France,no
870,NarcosFan,narcosfan@example.com,Pablo Escobar,Bremen,Germany,no
871,CrownWatcher,crownwatcher@example.com,Queen Elizabeth,Rotterdam,Netherlands,no
872,TheSopranosFan,thesopranosfan@example.com,Tony Soprano,Belfast,UK,no
873,TrueDetectiveSeeker,truedetectiveseeker@example.com,Rust Cohle,Oslo,Norway,no
874,HowIMetYourMotherFan,howimetyourmotherfan@example.com,Ted Mosby,Rotterdam,Netherlands,no
875,TheBoysWatchers,theboyswatchers@example.com,Hughie Campbell,Barcelona,Spain,no
876,SupernaturalHunter,supernaturalhunter@example.com,Dean Winchester,Madrid,Spain,no
877,BetterCallSaulFan,bettercallsuallfan@example.com,Saul Goodman,Nice,France,no
878,TheHandmaidsTaleWatcher,thehandmaidstalewatcher@example.com,Offred,Montpellier,France,no
879,TheFlashFan,theflashfan@example.com,Barry Allen,Cologne,Germany,no
880,DaredevilDefender,daredevildefender@example.com,Matt Murdock,Milan,Italy,no
881,TheUmbrellaAcademyFan,theumbrellaacademyfan@example.com,Vanya Hargreeves,London,UK,no
882,TheBigBangTheoryFan,thebigbangtheoryfan@example.com,Sheldon Cooper,Barcelona,Spain,no
883,FriendsGroupie,friendsgroupie@example.com,Phoebe Buffay,Rotterdam,Netherlands,no
884,FargoFanatic,fargofanatic@example.com,Lorne Malvo,Alicante,Spain,no
885,GLOWFan,glowfan@example.com,Ruth Wilder,Brussels,Belgium,no
886,DoctorWhoTimeTraveler,doctorwhotimetraveler@example.com,The Doctor,Dortmund,Germany,no
887,LostFanatic,lostfanatic@example.com,Jack Shepherd,Zurich,Switzerland,no
888,TheWitcherFan,thewitcherfan@example.com,Geralt of Rivia,Zurich,Switzerland,no
889,FleabagWatcher,fleabagwatcher@example.com,Fleabag,Aarhus,Denmark,no
890,MindhunterWatcher,mindhunterwatcher@example.com,Holden Ford,Granada,Spain,no
891,TheCrownWatcher,thecrownwatcher@example.com,Prince Philip,Rotterdam,Netherlands,no
892,HowToGetAwayWithMurderFan,howtogetawaywithmurderfan@example.com,Annalise Keating,Barcelona,Spain,no
893,VikingsFanatic,vikingsfanatic@example.com,Ragnar Lothbrok,Budapest,Hungary,no
894,NarcosWatcher,narcoswatcher@example.com,Javier Peña,Belfast,UK,no
895,OrangeIsTheNewBlackFan,orangeisthenewblackfan@example.com,Piper Chapman,Hamburg,Germany,no
896,TheMandalorianFan,themandalorianfan@example.com,Din Djarin,Prague,Czech Republic,no
897,SupergirlFan,supergirlfan@example.com,Kara Zor-El,Malaga,Spain,no
898,TheGoodPlaceFan,thegoodplacefan@example.com,Eleanor Shellstrop,Valencia,Spain,no
899,BuffyTheVampireSlayerFan,buffyvampireslayerfan@example.com,Buffy Summers,Nice,France,no
900,SuitsFan,suitsfan@example.com,Harvey Specter,Bristol,UK,no
901,TheFlashFanatic,theflashfanatic@example.com,Cisco Ramon,Manchester,UK,no
902,BatesMotelFan,batesmotelfan@example.com,Norman Bates,Dublin,Ireland,no
903,OzarkWatcher,ozarkwatcher@example.com,Marty Byrde,Nice,France,no
904,TheXFilesFan,thexfilesfan@example.com,Fox Mulder,Montpellier,France,no
905,TheHauntingOfHillHouseFan,thehauntingofhillhousefan@example.com,Nell Vance,Birmingham,UK,no
906,JazzLover123,jazzlover123@example.com,Miles Davis,Nice,France,no
907,RockNRollKing,rocknrollking@example.com,Elvis Presley,Frankfurt,Germany,no
908,PopPrincess,popprincess@example.com,Britney Spears,Montpellier,France,no
909,ClassicalMaestro,classicalmaestro@example.com,Ludwig van Beethoven,Venice,Italy,no
910,HipHopHead,hiphophead@example.com,Tupac Shakur,Nantes,France,no
911,IndieVibes,indievibes@example.com,Kurt Cobain,Strasbourg,France,no
912,CountryStar,countrystar@example.com,Johnny Cash,Sheffield,UK,no
913,EDMEnthusiast,edmenthusiast@example.com,Calvin Harris,Manchester,UK,no
914,R&BQueen,rbqueen@example.com,Beyoncé,Madrid,Spain,no
915,SoulSurvivor,soulsurvivor@example.com,Aretha Franklin,Barcelona,Spain,no
916,MetalHead69,metalhead69@example.com,Ozzy Osbourne,Helsinki,Finland,no
917,PunkRockRebel,punkrockrebel@example.com,Joan Jett,Rome,Italy,no
918,BluesTraveler,bluestraveler@example.com,B.B. King,Edinburgh,UK,no
919,FolkHero,folkhero@example.com,Bob Dylan,Leipzig,Germany,no
920,ReggaeVibes,reggaevibes@example.com,Bob Marley,Budapest,Hungary,no
921,PianoProdigy,pianoprodigy@example.com,Frédéric Chopin,Munich,Germany,no
922,RockQueen,rockqueen@example.com,Freddie Mercury,Dusseldorf,Germany,no
923,LatinRhythms,latinrhythms@example.com,Carlos Santana,Glasgow,UK,no
924,GospelSoul,gospelsoul@example.com,Mahalia Jackson,Munich,Germany,no
925,PianoMan,pianoman@example.com,Billy Joel,Budapest,Hungary,no
926,TrapBeats,trapbeats@example.com,Travis Scott,Athens,Greece,no
927,SynthwaveFan,synthwavefan@example.com,Kavinsky,Alicante,Spain,no
928,AlternativeFan,alternativefan@example.com,Radiohead,Rotterdam,Netherlands,no
929,GrungeKing,grungeking@example.com,Alice in Chains,Frankfurt,Germany,no
930,DanceFloorKing,dancefloorking@example.com,Lady Gaga,Krakow,Poland,no
931,AcousticStrummer,acousticstrummer@example.com,Ed Sheeran,Leeds,UK,no
932,IndieDreamer,indiedreamer@example.com,Phoebe Bridgers,Belfast,UK,no
933,DanceHallVibes,dancehallvibes@example.com,Sean Paul,Tarifa,Spain,yes
934,AcapellaQueen,acapellaqueen@example.com,Pentatonix,Granada,Spain,no
935,80sPopStar,80spopstar@example.com,Madonna,Strasbourg,France,no
936,BluegrassKing,bluegrassking@example.com,Bill Monroe,Nice,France,no
937,TrapQueen,trapqueen@example.com,Nicki Minaj,Geneva,Switzerland,no
938,ElectronicRaver,electronicraver@example.com,Deadmau5,Barcelona,Spain,no
939,MellowVibes,mellowvibes@example.com,Jack Johnson,Warsaw,Poland,no
940,OperaLover,operalover@example.com,Maria Callas,Bologna,Italy,no
941,FolkSinger,folksinger@example.com,Joni Mitchell,Munich,Germany,no
942,DancePopLover,dancepoplover@example.com,Ariana Grande,Budapest,Hungary,no
943,SoulSinger,soulsinger@example.com,Sam Cooke,Geneva,Switzerland,no
944,RockLegendsFan,rocklegendsfan@example.com,Led Zeppelin,Lille,France,no
945,TechnoDJ,technodj@example.com,Skrillex,Valencia,Spain,no
946,PunkRockPrincess,punkrockprincess@example.com,Debbie Harry,Alicante,Spain,no
947,RapRuler,rapruler@example.com,Jay-Z,Barcelona,Spain,no
948,FunkMaster,funkmaster@example.com,James Brown,Liverpool,UK,no
949,SalsaQ,salsaq@example.com,Celia Cruz,Hamburg,Germany,no
950,AlternativeQueen,alternativequeen@example.com,Lana Del Rey,Bristol,UK,no
951,TranceVibes,trancevibes@example.com,Armin van Buuren,Leeds,UK,no
952,FunkSoulBrother,funksoulbrother@example.com,Marvin Gaye,Glasgow,UK,no
953,CountryQueen,countryqueen@example.com,Dolly Parton,Sheffield,UK,no
954,ExperimentalArtist,experimentalartist@example.com,Bjork,Dusseldorf,Germany,no
955,JazzGuitarist,jazzguitarist@example.com,George Benson,Stuttgart,Germany,no
956,GoldenGateFan,goldengatefan@example.com,Robert Hayes,Alicante,Spain,no
957,BayAreaExplorer,bayareaexplorer@example.com,Ava Murphy,Stockholm,Sweden,no
958,TechCityGuru,techcityguru@example.com,Sophia Wu,Budapest,Hungary,no
959,SFShoreline,sfshoreline@example.com,Lucas Martinez,Turin,Italy,no
960,MissionDistrictVibes,missiondistrictvibes@example.com,Maya Gonzalez,Granada,Spain,no
961,FoggyMornings,foggymornings@example.com,Ethan Ross,Florence,Italy,no
962,BayBreezeBabe,baybreezebabe@example.com,Lily Smith,Helsinki,Finland,no
963,SiliconValleyPro,siliconvalleypro@example.com,Benjamin Lee,Bilbao,Spain,no
964,SausalitoDreamer,sausalitodreamer@example.com,Isabella Wright,Porto,Portugal,no
965,BerkeleyInnovator,berkeleyinnovator@example.com,Liam Johnson,Paris,France,no
966,TreasureIslandSoul,treasureislandsoul@example.com,Chloe Baker,Munich,Germany,no
967,PacificaSunset,pacificasunset@example.com,Mason Clark,Edinburgh,UK,no
968,AlamedaAdventurer,alamedaadventurer@example.com,Elena Allen,Barcelona,Spain,no
969,NorthBayExplorer,northbayexplorer@example.com,Henry Carter,Genoa,Italy,no
970,MarinMountainHiker,marinmountainhiker@example.com,Ella Adams,Stuttgart,Germany,no
971,HaightAshburyVibes,haightashburyvibes@example.com,Daniel Harris,Munich,Germany,no
972,CastroCulturalist,castroculturalist@example.com,Zoe Taylor,Bergen,Norway,no
973,FishermansWharfFan,fishermanswharffan@example.com,Jack Wilson,Rotterdam,Netherlands,no
974,OceanBeachWaves,oceanbeachwaves@example.com,Charlotte Robinson,Stuttgart,Germany,no
975,MissionMuralArtist,missionmuralartist@example.com,Oliver Lee,Tarifa,Spain,yes
976,PacBellParkFan,pacbellparkfan@example.com,Lucas Green,Paris,France,no
977,SunsetDistrictSoul,sunsetdistrictsoul@example.com,Emily Moore,Edinburgh,UK,no
978,SFTechie,sftechie@example.com,Aiden Scott,Bilbao,Spain,no
979,BaysideBeauty,baysidebeauty@example.com,Sophia Lewis,Helsinki,Finland,no
980,BayBridgeBiker,baybridgebiker@example.com,Oliver Young,Rome,Italy,no
981,SFFoodieLife,sffoodielife@example.com,Zoe Martinez,Stuttgart,Germany,no
982,EmbarcaderoExplorer,embarcaderoexplorer@example.com,Ethan Johnson,Seville,Spain,no
983,TwinPeaksPanoramas,twinpeakspanoramas@example.com,Isabella Brown,Dublin,Ireland,no
984,SouthBayStartup,southbaystartup@example.com,Aiden Taylor,Barcelona,Spain,no
985,SFUrbanExplorer,sfurbanexplorer@example.com,Mia Davis,Strasbourg,France,no
986,MarinaDistrictVibes,marinadistrictvibes@example.com,Sebastian King,Naples,Italy,no
987,SFBayAreaSurfer,sfbayareasurfer@example.com,Olivia Lee,Rome,Italy,no
988,NapaVineyardLover,napavineyardlover@example.com,James White,Malaga,Spain,no
989,MarinParkRunner,marinparkrunner@example.com,Lily Green,Cologne,Germany,no
990,SantaClaraTechie,santaclaratechie@example.com,Benjamin Scott,Malaga,Spain,no
991,SausalitoSunset,sausalitosunset@example.com,Charlotte Harris,Geneva,Switzerland,no
992,PaloAltoInnovator,paloaltoinnovator@example.com,Lucas Wright,Marseille,France,no
993,AngelIslandAdventurer,angelislandadventurer@example.com,Ava Miller,Leipzig,Germany,no
994,SFBayRunner,sfbayrunner@example.com,Ethan Taylor,Helsinki,Finland,no
995,CivicCenterExplorer,civiccenterexplorer@example.com,Maya Evans,Copenhagen,Denmark,no
996,SFOJetSetter,sfojetsetter@example.com,Chloe Williams,Bergen,Norway,no
997,RedwoodForestWalker,redwoodforestwalker@example.com,James Adams,Warsaw,Poland,no
998,OaklandSoul,oaklandsoul@example.com,Isabella Turner,Montpellier,France,no
999,SunnyvaleTechie,sunnyvaletechie@example.com,Benjamin Clark,Milan,Italy,no
1000,BayAreaExplorer1,bayareaexplorer1@example.com,Sofia Lopez,Liverpool,UK,no
1001,RichmondDistrictVibes,richmonddistrictvibes@example.com,Alexander Davis,Bristol,UK,no
1002,MuirWoodsWanderer,muirwoodswanderer@example.com,Olivia Scott,Malaga,Spain,no
1003,FerryBuildingFan,ferrybuildingfan@example.com,Aiden Miller,Gothenburg,Sweden,no
1004,HaywardHiker,haywardhiker@example.com,Lily Gonzalez,Granada,Spain,no
1005,SouthSFInnovator,southsfinnovator@example.com,Ethan Perez,Belfast,UK,no
1006,RossGeller123,rossgeller123@example.com,Ross Geller,Tarifa,Spain,yes
1007,RachelGreen14,rachelgreen14@example.com,Rachel Green,Leeds,UK,no
1008,MonicaGeller10,monicageller10@example.com,Monica Geller,Frankfurt,Germany,no
1009,ChandlerBing07,chandlerbing07@example.com,Chandler Bing,Liverpool,UK,no
1010,PhoebeBuffay88,phoebebuffay88@example.com,Phoebe Buffay,Cologne,Germany,no
1011,JoeyTribbiani56,joeytribbiani56@example.com,Joey Tribbiani,Porto,Portugal,no
1012,JaniceLitman22,janicelitman22@example.com,Janice Litman,London,UK,no
1013,GuntherLovesRachel,guntherlovesrachel@example.com,Gunther,London,UK,no
1014,CarolWillick23,carolwillick23@example.com,Carol Willick,Montpellier,France,no
1015,SusanBunkowski11,susanbunkowski11@example.com,Susan Bunkowski,Cork,Ireland,no
1016,MikeHannigan05,mikehannigan05@example.com,Mike Hannigan,Bristol,UK,no
1017,ChandlerMonicaKids,chandlermonicakids@example.com,Chandler and Monica Bing,Milan,Italy,no
1018,JackGeller99,jackgeller99@example.com,Jack Geller,Strasbourg,France,no
1019,JudyGeller47,judygeller47@example.com,Judy Geller,Copenhagen,Denmark,no
1020,BenGeller91,bengeller91@example.com,Ben Geller,Warsaw,Poland,no
1021,Emily51,emily51@example.com,Emily,Oslo,Norway,no
1022,RachelBen10,rachelben10@example.com,Rachel and Ben,Genoa,Italy,no
1023,EddieMenuek00,eddiemenuek00@example.com,Eddie Menuek,Sheffield,UK,no
1024,DrRichardBurke66,drrichardburke66@example.com,Dr. Richard Burke,Copenhagen,Denmark,no
1025,JackieGeller43,jackiegeller43@example.com,Jackie Geller,London,UK,no
1026,BuffySummers13,buffysummers13@example.com,Buffy Summers,Lisbon,Portugal,no
1027,WillowRosenberg88,willowrosenberg88@example.com,Willow Rosenberg,Leeds,UK,no
1028,XanderHarris22,xanderharris22@example.com,Xander Harris,Brno,Czech Republic,no
1029,Angelus04,angelus04@example.com,Angel,Aarhus,Denmark,no
1030,SpikeVampire23,spikevampire23@example.com,Spike,Venice,Italy,no
1031,FaithLehane21,faithlehane21@example.com,Faith Lehane,Venice,Italy,no
1032,GilesRupert77,gilesrupert77@example.com,Rupert Giles,Athens,Greece,no
1033,AnyaJenkins34,anyajenkins34@example.com,Anya Jenkins,Bologna,Italy,no
1034,CordeliaChase92,cordeliachase92@example.com,Cordelia Chase,Zurich,Switzerland,no
1035,TaraMaclay59,taramaclay59@example.com,Tara Maclay,Hamburg,Germany,no
1036,DawnSummers28,dawnsummers28@example.com,Dawn Summers,Leipzig,Germany,no
1037,RileyFinn25,rileyfinn25@example.com,Riley Finn,Alicante,Spain,no
1038,OzWerewolf17,ozwerewolf17@example.com,Oz,Vienna,Austria,no
1039,JonathanLevinson30,jonathanlevinson30@example.com,Jonathan Levinson,Helsinki,Finland,no
1040,TheMaster00,themaster00@example.com,The Master,Birmingham,UK,no
1041,DonDraper1960,dondraper1960@example.com,Don Draper,New York City,USA,no
1042,BettyDraper02,bettydraper02@example.com,Betty Draper,Berlin,Germany,no
1043,PeggyOlson17,peggyolson17@example.com,Peggy Olson,New York City,USA,no
1044,JoanHolloway07,joanholloway07@example.com,Joan Holloway,New York City,USA,no
1045,RogerSterling34,rogersterling34@example.com,Roger Sterling,New York City,USA,no
1046,BettyFrancis88,bettyfrancis88@example.com,Betty Francis,Tarifa,Spain,yes
1047,TrudyCampbell45,trudycampbell45@example.com,Trudy Campbell,Marseille,France,no
1048,PeteCampbell13,petecampbell13@example.com,Pete Campbell,Palermo,Italy,no
1049,MichaelGinsberg21,michaelginsberg21@example.com,Michael Ginsberg,Bristol,UK,no
1050,KenCosgrove30,kencosgrove30@example.com,Ken Cosgrove,Leeds,UK,no
1051,SallyDraper19,sallydraper19@example.com,Sally Draper,Budapest,Hungary,no
1052,HarryCranston26,harrycranston26@example.com,Harry Cranston,Cordoba,Spain,no
1053,LanePrice33,laneprice33@example.com,Lane Price,Bristol,UK,no
1054,BertCooper07,bertcooper07@example.com,Bert Cooper,Budapest,Hungary,no
1055,HenryFrancis45,henryfrancis45@example.com,Henry Francis,Sheffield,UK,no
1056,RoryGilmore18,rorygilmore18@example.com,Rory Gilmore,Budapest,Hungary,no
1057,LorelaiGilmore22,lorelai.gilmore22@example.com,Lorelai Gilmore,Madrid,Spain,no
1058,LukeDanes07,lukedanes07@example.com,Luke Danes,Madrid,Spain,no
1059,SookieStJames30,sookiestjames30@example.com,Sookie St. James,Florence,Italy,no
1060,EmilyGilmore65,emilygilmore65@example.com,Emily Gilmore,Warsaw,Poland,no
1061,RichardGilmore73,richardgilmore73@example.com,Richard Gilmore,Nice,France,no
1062,ParisGeller10,parisgeller10@example.com,Paris Geller,Palermo,Italy,no
1063,DeanForester18,deanforester18@example.com,Dean Forester,Antwerp,Belgium,no
1064,JessMariano05,jessmariano05@example.com,Jess Mariano,Leeds,UK,no
1065,LoganHuntzberger12,loganhuntzberger12@example.com,Logan Huntzberger,Dusseldorf,Germany,no
1066,KirkGuillet52,kirkguillet52@example.com,Kirk Guillet,Dublin,Ireland,no
1067,MichelGerard30,michelgerard30@example.com,Michel Gerard,Leipzig,Germany,no
1068,TanaHarrison08,tanaharrison08@example.com,Tana Harrison,Cork,Ireland,no
1069,LaneKim12,lanekim12@example.com,Lane Kim,Granada,Spain,no
1070,ZachVanGerbig03,zachvangerbig03@example.com,Zach Van Gerbig,Rome,Italy,no
1071,BrandonWalsh27,brandonwalsh27@example.com,Brandon Walsh,Gothenburg,Sweden,no
1072,BrendaWalsh23,brendawalsh23@example.com,Brenda Walsh,Bilbao,Spain,no
1073,KellyTaylor19,kellytaylor19@example.com,Kelly Taylor,Marseille,France,no
1074,DonnaMartin17,donnamartin17@example.com,Donna Martin,Dortmund,Germany,no
1075,SteveSanders35,stevesanders35@example.com,Steve Sanders,Bremen,Germany,no
1076,AndreaZuckerman25,andreazuckerman25@example.com,Andrea Zuckerman,Strasbourg,France,no
1077,DavidSilver21,davidsilver21@example.com,David Silver,Palermo,Italy,no
1078,NatBussichio29,natbussichio29@example.com,Nat Bussichio,Genoa,Italy,no
1079,LukePerry19,lukeperry19@example.com,Luke Perry,Leeds,UK,no
1080,JimWalsh42,jimwalsh42@example.com,Jim Walsh,Gothenburg,Sweden,no
1081,CindyWalsh39,cindywalsh39@example.com,Cindy Walsh,Budapest,Hungary,no
1082,DylanMcKay33,dylanmckay33@example.com,Dylan McKay,Bari,Italy,no
1083,ValerieMalone27,valeriemalone27@example.com,Valerie Malone,Cordoba,Spain,no
1084,RyanAustin22,ryanaustin22@example.com,Ryan Austin,Florence,Italy,no
1085,ShannonDoherty18,shannondoherty18@example.com,Shannon Doherty,Prague,Czech Republic,no
1086,HarryPotter98,harrypotter98@example.com,Harry Potter,Toulouse,France,no
1087,HermioneGranger99,hermionegranger99@example.com,Hermione Granger,Aarhus,Denmark,no
1088,RonWeasley77,ronweasley77@example.com,Ron Weasley,Cork,Ireland,no
1089,DracoMalfoy23,dracomalfoy23@example.com,Draco Malfoy,Leipzig,Germany,no
1090,GinnyWeasley16,ginnyweasley16@example.com,Ginny Weasley,Lille,France,no
1091,NevilleLongbottom10,nevillelongbottom10@example.com,Neville Longbottom,Zurich,Switzerland,no
1092,LunaLovegood42,lunalovegood42@example.com,Luna Lovegood,Zurich,Switzerland,no
1093,FredWeasley25,fredweasley25@example.com,Fred Weasley,Krakow,Poland,no
1094,GeorgeWeasley30,georgeweasley30@example.com,George Weasley,Bari,Italy,no
1095,AlbusDumbledore01,albusdumbledore01@example.com,Albus Dumbledore,Paris,France,no
1096,SeverusSnape17,severussnape17@example.com,Severus Snape,Dusseldorf,Germany,no
1097,MinervaMcGonagall23,minervamcgonagall23@example.com,Minerva McGonagall,Milan,Italy,no
1098,HagridTheKeeper,hagridthekeeper@example.com,Rubeus Hagrid,Prague,Czech Republic,no
1099,SiriusBlack35,siriusblack35@example.com,Sirius Black,Marseille,France,no
1100,RemusLupin11,remuslupin11@example.com,Remus Lupin,Bologna,Italy,no
1101,BellatrixLestrange21,bellatrixlestrange21@example.com,Bellatrix Lestrange,Lyon,France,no
1102,TomRiddle23,tomriddle23@example.com,Tom Riddle,Birmingham,UK,no
1103,ChoChang18,chochang18@example.com,Cho Chang,Antwerp,Belgium,no
1104,ParvatiPatil12,parvatipatil12@example.com,Parvati Patil,Bordeaux,France,no
1105,PadmaPatil15,padmapatil15@example.com,Padma Patil,Porto,Portugal,no
1106,KatnissEverdeen12,katnisseverdeen12@example.com,Katniss Everdeen,Seville,Spain,no
1107,PeetaMellark17,peetamellark17@example.com,Peeta Mellark,Helsinki,Finland,no
1108,GaleHawthorne25,galehawthorne25@example.com,Gale Hawthorne,Barcelona,Spain,no
1109,PrimEverdeen14,primeverdeen14@example.com,Prim Everdeen,Munich,Germany,no
1110,CinnaTheStylist11,cinnathestylist11@example.com,Cinna,Berlin,Germany,no
1111,EffieTrinket28,effietrinket28@example.com,Effie Trinket,Bremen,Germany,no
1112,HaymitchAbernathy33,haymitchabernathy33@example.com,Haymitch Abernathy,Manchester,UK,no
1113,RueSweet12,ruesweet12@example.com,Rue,Venice,Italy,no
1114,FinnickOdair21,finnickodair21@example.com,Finnick Odair,Valencia,Spain,no
1115,JohannaMason22,johannamason22@example.com,Johanna Mason,Malaga,Spain,no
1116,PresidentSnow01,presidentsnow01@example.com,President Snow,Budapest,Hungary,no
1117,CatoTheVictor16,catothevictor16@example.com,Cato,Stuttgart,Germany,no
1118,CloveTheSniper18,clovethesniper18@example.com,Clove,Copenhagen,Denmark,no
1119,ThreshThePowerful14,threshthepowerful14@example.com,Thresh,Venice,Italy,no
1120,MadgeUndersee19,madgeundersee19@example.com,Madge Undersee,Valencia,Spain,no
1121,LyraBelacqua01,lyrabelacqua01@example.com,Lyra Belacqua,Copenhagen,Denmark,no
1122,WillParry05,willparry05@example.com,Will Parry,Edinburgh,UK,no
1123,IorekByrnison12,iorekbyrnison12@example.com,Iorek Byrnison,Liverpool,UK,no
1124,SerafinaPekkala10,serafinapekkala10@example.com,Serafina Pekkala,Nantes,France,no
1125,LeeScoresby18,leescoresby18@example.com,Lee Scoresby,Leeds,UK,no
1369,ZoeSaldana,zoe@hollywoodmail.com,Zoe Saldana,Dusseldorf,Germany,no
1126,MrsCoulter22,mrscoulter22@example.com,Mrs. Coulter,Tarifa,Spain,yes
1127,LordAsriel20,lordasriel20@example.com,Lord Asriel,Dusseldorf,Germany,no
1128,RogerParslow14,rogerparslow14@example.com,Roger Parslow,Seville,Spain,no
1129,FarderCoram17,fardercoram17@example.com,Farder Coram,Edinburgh,UK,no
1130,MaryMalone25,marymalone25@example.com,Mary Malone,Marseille,France,no
1131,Baruch19,baruch19@example.com,Baruch,Lille,France,no
1132,Pantalaimon16,pantalaimon16@example.com,Pantalaimon,Stuttgart,Germany,no
1133,RuthWilson22,ruthwilson22@example.com,Ruth Wilson,Gothenburg,Sweden,no
1134,FatherGomez24,fathergomez24@example.com,Father Gomez,Dortmund,Germany,no
1135,TheMaster15,themaster15@example.com,The Master,Berlin,Germany,no
1136,LisbethSalander22,lisbethsalander22@example.com,Lisbeth Salander,Liverpool,UK,no
1137,MikaelBlomkvist14,mikaelblomkvist14@example.com,Mikael Blomkvist,Montpellier,France,no
1138,HarrietVanger18,harrietvanger18@example.com,Harriet Vanger,Budapest,Hungary,no
1139,ErikaBerger23,erikaberger23@example.com,Erika Berger,Brussels,Belgium,no
1140,AlexanderZalachenko12,alexanderzalachenko12@example.com,Alexander Zalachenko,Gothenburg,Sweden,no
1141,NilsBjurman17,nilsbjurman17@example.com,Nils Bjurman,Cork,Ireland,no
1142,GudrunZalachenko21,gudrunzalachenko21@example.com,Gudrun Zalachenko,Lyon,France,no
1143,HenrikVanger15,henrikvanger15@example.com,Henrik Vanger,Bologna,Italy,no
1144,LenaGustavsson13,lenagustavsson13@example.com,Lena Gustavsson,Barcelona,Spain,no
1145,BjornSundstrom16,bjornsundstrom16@example.com,Bjorn Sundstrom,Bologna,Italy,no
1146,FredrikAhlberg14,fredrikahlberg14@example.com,Fredrik Ahlberg,Genoa,Italy,no
1147,MimmiKarlsson19,mimmikarlsson19@example.com,Mimmi Karlsson,Glasgow,UK,no
1148,PaoloVanger20,paolovanger20@example.com,Paolo Vanger,Berlin,Germany,no
1149,SvenEriksson22,sveneriksson22@example.com,Sven Eriksson,Cordoba,Spain,no
1150,DagSundvall23,dagsundvall23@example.com,Dag Sundvall,Seville,Spain,no
1151,LoganRoy01,loganroy01@example.com,Logan Roy,Turin,Italy,no
1152,KendallRoy05,kendallroy05@example.com,Kendall Roy,Hamburg,Germany,no
1153,SiobhanRoy12,siobhanroy12@example.com,"""Siobhan """"Shiv"""" Roy""",Warsaw,Poland,no
1154,RomanRoy18,romanroy18@example.com,Roman Roy,Belfast,UK,no
1155,TomWambsgans23,tomwambsgans23@example.com,Tom Wambsgans,Malaga,Spain,no
1156,GregHirsch14,greghirsch14@example.com,Greg Hirsch,Dortmund,Germany,no
1157,CarolineCollingwood16,carolinecollingwood16@example.com,Caroline Collingwood,Cork,Ireland,no
1158,ConnorRoy20,connorroy20@example.com,Connor Roy,Madrid,Spain,no
1159,FrankVazquez17,frankvazquez17@example.com,Frank Vazquez,Vienna,Austria,no
1160,GerriKellman22,gerrikellman22@example.com,Gerri Kellman,Bordeaux,France,no
1161,MiriamMaisel01,miriammaisel01@example.com,"""Miriam """"Midge"""" Maisel""",Belfast,UK,no
1162,JoelMaisel05,joelmaisel05@example.com,Joel Maisel,Venice,Italy,no
1163,SusieMyerson12,susiemyerson12@example.com,Susie Myerson,Frankfurt,Germany,no
1164,AbeWeissman14,abeweissman14@example.com,Abe Weissman,Brussels,Belgium,no
1165,RoseWeissman18,roseweissman18@example.com,Rose Weissman,Venice,Italy,no
1166,LennyBruce23,lennybruce23@example.com,Lenny Bruce,Bergen,Norway,no
1167,ShyBaldwin17,shybaldwin17@example.com,Shy Baldwin,Valencia,Spain,no
1168,ImogeneCleary16,imogenecleary16@example.com,Imogene Cleary,Belfast,UK,no
1169,MayBerman20,mayberman20@example.com,May Berman,Frankfurt,Germany,no
1170,BenjaminNadler22,benjaminnadler22@example.com,Benjamin Nadler,Marseille,France,no
1171,VeronicaMars01,veronicamars01@example.com,Veronica Mars,Leipzig,Germany,no
1172,LoganEcholls05,loganecholls05@example.com,Logan Echolls,Helsinki,Finland,no
1173,KeithMars12,keithmars12@example.com,Keith Mars,Paris,France,no
1174,WallaceFennel14,wallacefennel14@example.com,Wallace Fennel,Florence,Italy,no
1175,MacGarma19,macgarma19@example.com,Mac (Cindy) Garma,Helsinki,Finland,no
1176,Piz13,piz13@example.com,Piz,Cologne,Germany,no
1177,TrinaEcholls16,trinaecholls16@example.com,Trina Echolls,Gothenburg,Sweden,no
1178,Weevil23,weevil23@example.com,Weevil,Genoa,Italy,no
1179,Vince12,vince12@example.com,Vince,Tarifa,Spain,yes
1180,ClydeDavis17,clydedavis17@example.com,Clyde Davis,Nantes,France,no
1181,GomezAddams01,gomezaddams01@example.com,Gomez Addams,Bari,Italy,no
1182,MorticiaAddams05,morticiaaddams05@example.com,Morticia Addams,Madrid,Spain,no
1183,WednesdayAddams12,wednesdayaddams12@example.com,Wednesday Addams,Venice,Italy,no
1184,PugsleyAddams14,pugsleyaddams14@example.com,Pugsley Addams,Brno,Czech Republic,no
1185,UncleFester17,unclefester17@example.com,Uncle Fester,Bologna,Italy,no
1186,GrandmamaAddams19,grandmamaaddams19@example.com,Grandmama Addams,Genoa,Italy,no
1187,CousinIt20,cousinit20@example.com,Cousin It,Budapest,Hungary,no
1188,Lurch21,lurch21@example.com,Lurch,Madrid,Spain,no
1189,ThingAddams23,thingaddams23@example.com,Thing Addams,Bremen,Germany,no
1190,ItchyAddams25,itchyaddams25@example.com,Itchy Addams,Sheffield,UK,no
1191,CarrieBradshaw01,carriebradshaw01@example.com,Carrie Bradshaw,Frankfurt,Germany,no
1192,SamanthaJones02,samanthajones02@example.com,Samantha Jones,Manchester,UK,no
1193,CharlotteYork03,charlotteyork03@example.com,Charlotte York,Glasgow,UK,no
1194,MirandaHobbes04,mirandahobbes04@example.com,Miranda Hobbes,Athens,Greece,no
1195,Big05,big05@example.com,"""John James Preston (""""Big"""")""",Helsinki,Finland,no
1196,AidanShaw06,aidanshaw06@example.com,Aidan Shaw,Porto,Portugal,no
1197,SteveBrady07,stevebrady07@example.com,Steve Brady,Genoa,Italy,no
1198,StanfordBlatch08,stanfordblatch08@example.com,Stanford Blatch,Malaga,Spain,no
1199,SmithJerrod09,smithjerrod09@example.com,Smith Jerrod,Manchester,UK,no
1200,AnthonyMarantino10,anthonymarantino10@example.com,Anthony Marantino,Glasgow,UK,no
1201,Magda11,magda11@example.com,Magda,Dortmund,Germany,no
1202,LouiseOfTheUpperEastSide12,louiseofupper12@example.com,Louise of the Upper East Side,Madrid,Spain,no
1203,RobertLehmann13,robertlehmann13@example.com,Robert Lehmann,Cologne,Germany,no
1204,RichardWright14,richardwright14@example.com,Richard Wright,Lyon,France,no
1205,CarrieBradshawFan15,carriebradshawfan15@example.com,Carrie Bradshaw (Fan),Hamburg,Germany,no
1206,SamanthaFan16,samanthafan16@example.com,Samantha Fan,Rome,Italy,no
1207,CharlotteLover17,charlottelover17@example.com,Charlotte Lover,Cork,Ireland,no
1208,MirandaFan18,mirandafan18@example.com,Miranda Fan,Belfast,UK,no
1209,SteveBradyFan19,stevebradyfan19@example.com,Steve Brady (Fan),Nantes,France,no
1210,StanfordBlatchFan20,stanfordblatchfan20@example.com,Stanford Blatch Fan,Bristol,UK,no
1211,OliverQueen01,oliverqueen01@example.com,Oliver Queen,Oslo,Norway,no
1212,FelicitySmoak02,felicitysmoak02@example.com,Felicity Smoak,Warsaw,Poland,no
1213,Diggle03,diggle03@example.com,John Diggle,Lyon,France,no
1214,LaurelLance04,laurellance04@example.com,Laurel Lance,Manchester,UK,no
1215,TheaQueen05,theaqueen05@example.com,Thea Queen,Montpellier,France,no
1216,RoyHarper06,royharper06@example.com,Roy Harper,Palermo,Italy,no
1217,MalcolmMerlyn07,malcolmmerlyn07@example.com,Malcolm Merlyn,Brussels,Belgium,no
1218,QuentinLance08,quentinlance08@example.com,Quentin Lance,Turin,Italy,no
1219,TaliaAlGhul09,taliaalghul09@example.com,Talia al Ghul,Valencia,Spain,no
1220,RayPalmer10,raypalmer10@example.com,Ray Palmer,London,UK,no
1221,VinceKurtis11,vincekurtis11@example.com,Vince Kurtis,Granada,Spain,no
1222,AnatolyKnyazev12,anatolyknyazev12@example.com,Anatoly Knyazev,Munich,Germany,no
1223,Cupid13,cupid13@example.com,Carrie Cutter (Cupid),Athens,Greece,no
1224,Shado14,shado14@example.com,Shado,Brussels,Belgium,no
1225,EmikoQueen15,emikoqueen15@example.com,Emiko Queen,Milan,Italy,no
1226,WilliamClayton16,williamclayton16@example.com,William Clayton,Bergen,Norway,no
1227,KateSpencer17,katespencer17@example.com,Kate Spencer,Amsterdam,Netherlands,no
1228,ZoeRamirez18,zoeramirez18@example.com,Zoe Ramirez,Dusseldorf,Germany,no
1229,ChienNaWei19,chiennawei19@example.com,Chien Na Wei,Helsinki,Finland,no
1230,JamesBertinelli20,jamesbertinelli20@example.com,James Bertinelli,Birmingham,UK,no
1231,JonSnow01,jonsnow01@example.com,Jon Snow,Turin,Italy,no
1232,DaenerysTargaryen02,daenerystargaryen02@example.com,Daenerys Targaryen,Athens,Greece,no
1233,AryaStark03,aryastark03@example.com,Arya Stark,Frankfurt,Germany,no
1234,SansaStark04,sansasark04@example.com,Sansa Stark,Brussels,Belgium,no
1235,TyrionLannister05,tyrionlannister05@example.com,Tyrion Lannister,Nantes,France,no
1236,CerseiLannister06,cersielannister06@example.com,Cersei Lannister,Bilbao,Spain,no
1237,JaimeLannister07,jaimelannister07@example.com,Jaime Lannister,Munich,Germany,no
1238,BrienneOfTarth08,brienneoftarth08@example.com,Brienne of Tarth,Marseille,France,no
1239,PetyrBaelish09,petyrbaelish09@example.com,Petyr Baelish,Cordoba,Spain,no
1240,Varys10,varys10@example.com,Varys,Bordeaux,France,no
1241,SandorClegane11,sandorclegane11@example.com,Sandor Clegane,Marseille,France,no
1242,Melisandre12,melisandre12@example.com,Melisandre,Leipzig,Germany,no
1243,TheonGreyjoy13,theongreyjoy13@example.com,Theon Greyjoy,Madrid,Spain,no
1244,YaraGreyjoy14,yaragreyjoy14@example.com,Yara Greyjoy,Rome,Italy,no
1245,JorahMormont15,jorahmormont15@example.com,Jorah Mormont,Bristol,UK,no
1246,SamwellTarly16,samwelltarly16@example.com,Samwell Tarly,Florence,Italy,no
1247,RobbStark17,robbstark17@example.com,Robb Stark,Cordoba,Spain,no
1248,JonConnington18,jonconnington18@example.com,Jon Connington,Krakow,Poland,no
1249,OberynMartell19,oberynmartell19@example.com,Oberyn Martell,Edinburgh,UK,no
1250,Bronn20,bronn20@example.com,Bronn,Rome,Italy,no
1251,xoxoBlair,blairwaldorf01@example.com,Blair Waldorf,Nice,France,no
1252,ChuckBass01,chuckbass01@example.com,Chuck Bass,Paris,France,no
1253,SerenaVanderwoodsen02,serenavanderwoodsen02@example.com,Serena van der Woodsen,Nice,France,no
1254,DanHumphrey03,danhumphrey03@example.com,Dan Humphrey,Bordeaux,France,no
1255,NateArchibald04,natearchibald04@example.com,Nate Archibald,London,UK,no
1256,JennyHumphrey05,jennyhumphrey05@example.com,Jenny Humphrey,Prague,Czech Republic,no
1257,RufusHumphrey06,rufushumphrey06@example.com,Rufus Humphrey,Toulouse,France,no
1258,LilyVanDerWoodsen07,lilyvanderwoodsen07@example.com,Lily van der Woodsen,Leipzig,Germany,no
1259,VanessaAbrams08,vanessaabrams08@example.com,Vanessa Abrams,Alicante,Spain,no
1260,GeorginaSpark08,georginaspark08@example.com,Georgina Sparks,Turin,Italy,no
1261,EricVanDerWoodsen09,ericvanderwoodsen09@example.com,Eric van der Woodsen,Palermo,Italy,no
1262,JulietSharp10,julietsharp10@example.com,Juliet Sharp,Cordoba,Spain,no
1263,CharlieRhodes11,charlierhodes11@example.com,Charlie Rhodes,Glasgow,UK,no
1264,DorotaKrupinski12,dorotakrupinski12@example.com,Dorota Krupinski,Helsinki,Finland,no
1265,BartBass13,bartbass13@example.com,Bart Bass,Bari,Italy,no
1266,JD_Doctor,jd@scrubsmail.com,"""John """"J.D."""" Dorian""",Rome,Italy,no
1267,Turk_TheSurgeon,turk@scrubsmail.com,Christopher Turk,Strasbourg,France,no
1268,Elliot_Reid,elliot@scrubsmail.com,Elliot Reid,Stuttgart,Germany,no
1269,DrCox_TheMentor,cox@scrubsmail.com,Dr. Perry Cox,Dusseldorf,Germany,no
1270,CarlaEspinosa,carla@scrubsmail.com,Carla Espinosa,Stuttgart,Germany,no
1271,Janitor_Scrubs,janitor@scrubsmail.com,Janitor,Nice,France,no
1272,DrKelso,kelso@scrubsmail.com,Dr. Bob Kelso,Glasgow,UK,no
1273,Ted_Lawyer,ted@scrubsmail.com,Ted Buckland,Aarhus,Denmark,no
1274,Jordan_Cox,jordan@scrubsmail.com,Jordan Sullivan,Lille,France,no
1275,Kenny_Brady,kenny@scrubsmail.com,Kenny Brady,Venice,Italy,no
1276,JedBartlet,jedbartlet@westwingmail.com,President Josiah Bartlet,Birmingham,UK,no
1277,LeoMcGarry,leomcgary@westwingmail.com,Leo McGarry,Bari,Italy,no
1278,C.J.Cregg,cjcregg@westwingmail.com,C.J. Cregg,Munich,Germany,no
1279,TobyZiegler,tobyziegler@westwingmail.com,Toby Ziegler,Bari,Italy,no
1280,SamSeaborn,samseaborn@westwingmail.com,Sam Seaborn,Geneva,Switzerland,no
1281,DonnaMoss,donnamoss@westwingmail.com,Donna Moss,Gothenburg,Sweden,no
1282,JoshLyman,joshlyman@westwingmail.com,Josh Lyman,Cork,Ireland,no
1283,WillBailey,willbailey@westwingmail.com,Will Bailey,London,UK,no
1284,AinsleyHayes,ainsleyhayes@westwingmail.com,Ainsley Hayes,Bari,Italy,no
1285,CharlieYoung,charlieyoung@westwingmail.com,Charlie Young,Rotterdam,Netherlands,no
1286,SerenaWilliams,serena@tennismail.com,Serena Williams,Bordeaux,France,no
1287,LeBronJames,lebron@basketballmail.com,LeBron James,Edinburgh,UK,no
1288,CristianoRonaldo,cristiano@footballmail.com,Cristiano Ronaldo,Bristol,UK,no
1289,UsainBolt,usain@trackmail.com,Usain Bolt,Prague,Czech Republic,no
1290,SimoneBiles,simone@gymnasticsmail.com,Simone Biles,Bremen,Germany,no
1291,RogerFederer,roger@tennismail.com,Roger Federer,Leeds,UK,no
1292,MichaelPhelps,michael@swimmingmail.com,Michael Phelps,Hamburg,Germany,no
1293,TomBrady,tom@footballmail.com,Tom Brady,Sheffield,UK,no
1294,MeganRapinoe,megan@soccermail.com,Megan Rapinoe,Athens,Greece,no
1295,TigerWoods,tiger@golfmail.com,Tiger Woods,Manchester,UK,no
1296,MichaelJordan,michael@basketballmail.com,Michael Jordan,Seville,Spain,no
1297,RafaelNadal,rafael@tennismail.com,Rafael Nadal,Toulouse,France,no
1298,KobeBryant,kobe@basketballmail.com,Kobe Bryant,Manchester,UK,no
1299,VenusWilliams,venus@tennismail.com,Venus Williams,Nantes,France,no
1300,LewisHamilton,lewis@f1mail.com,Lewis Hamilton,Cologne,Germany,no
1301,NadiaComaneci,nadia@gymnasticsmail.com,Nadia Comaneci,Paris,France,no
1302,Pele,pele@footballmail.com,Pele,Alicante,Spain,no
1303,CaitlynJenner,caitlyn@decathalonmail.com,Caitlyn Jenner,Nantes,France,no
1304,JackNicklaus,jack@golfmail.com,Jack Nicklaus,Manchester,UK,no
1305,ChrisEvert,chrisevert@tennismail.com,Chris Evert,Dortmund,Germany,no
1306,AndreAgassi,andre@tennismail.com,Andre Agassi,Helsinki,Finland,no
1307,ShaquilleONeal,shaquille@basketballmail.com,Shaquille O Neal,Naples,Italy,no
1308,AbbyWambach,abby@soccermail.com,Abby Wambach,Salzburg,Austria,no
1309,ZinedineZidane,zinedine@footballmail.com,Zinedine Zidane,Bristol,UK,no
1310,FloydMayweather,floyd@boxingmail.com,Floyd Mayweather,Bordeaux,France,no
1311,AbbyDelaney,abbydelaney@rugbymail.com,Abby Delaney,Florence,Italy,no
1312,BabeRuth,babe@baseballmail.com,Babe Ruth,London,UK,no
1313,SteffiGraf,steffi@tennismail.com,Steffi Graf,Bristol,UK,no
1314,MiaHamm,miahamm@soccermail.com,Mia Hamm,Prague,Czech Republic,no
1315,DanicaPatrick,danica@racemail.com,Danica Patrick,Venice,Italy,no
1316,KatrinZettel,katrin@skiingmail.com,Katrin Zettel,Glasgow,UK,no
1317,ViratKohli,virat@cricketmail.com,Virat Kohli,Stuttgart,Germany,no
1318,CristinaPerez,cristina@rugbymail.com,Cristina Perez,Birmingham,UK,no
1319,SashaCohen,sasha@figureiceskatingmail.com,Sasha Cohen,Brno,Czech Republic,no
1320,DianaTaurasi,diana@basketballmail.com,Diana Taurasi,Malaga,Spain,no
1321,AlbertPujols,albert@baseballmail.com,Albert Pujols,Hamburg,Germany,no
1322,NatalieCoughlin,natalie@swimmingmail.com,Natalie Coughlin,Berlin,Germany,no
1323,DavidBeckham,david@footballmail.com,David Beckham,Helsinki,Finland,no
1324,LindseyVonn,lindsey@skiingmail.com,Lindsey Vonn,Edinburgh,UK,no
1325,PattyMills,patty@basketballmail.com,Patty Mills,Manchester,UK,no
1326,BillieJeanKing,billiejeanking@tennismail.com,Billie Jean King,Palermo,Italy,no
1327,YelenaIsinbayeva,yelena@athleticsmail.com,Yelena Isinbayeva,Nice,France,no
1328,MartySchottenheimer,marty@footballmail.com,Marty Schottenheimer,Cork,Ireland,no
1329,PaulaRadcliffe,paula@marathonmail.com,Paula Radcliffe,Malaga,Spain,no
1330,JoeMontana,joemontana@footballmail.com,Joe Montana,Bremen,Germany,no
1331,MichelleKwan,michelle@figureiceskatingmail.com,Michelle Kwan,Granada,Spain,no
1332,JohanCruyff,johan@footballmail.com,Johan Cruyff,Bordeaux,France,no
1333,DwayneJohnson,dwayne@wrestlingmail.com,"""Dwayne """"The Rock"""" Johnson""",Edinburgh,UK,no
1334,JackieJoynerKersey,jackie@trackmail.com,Jackie Joyner-Kersee,Belfast,UK,no
1335,LeonardoDiCaprio,leonardo@hollywoodmail.com,Leonardo DiCaprio,Toulouse,France,no
1336,MerylStreep,meryl@hollywoodmail.com,Meryl Streep,Leipzig,Germany,no
1337,RobertDowneyJr,robert@hollywoodmail.com,Robert Downey Jr.,Liverpool,UK,no
1338,CharlizeTheron,charlize@hollywoodmail.com,Charlize Theron,Glasgow,UK,no
1339,TomHanks,tom@hollywoodmail.com,Tom Hanks,Tarifa,Spain,yes
1340,ScarlettJohansson,scarlett@hollywoodmail.com,Scarlett Johansson,Genoa,Italy,no
1341,DenzelWashington,denzel@hollywoodmail.com,Denzel Washington,Barcelona,Spain,no
1342,NicoleKidman,nicole@hollywoodmail.com,Nicole Kidman,Florence,Italy,no
1343,BradPitt,brad@hollywoodmail.com,Brad Pitt,Frankfurt,Germany,no
1344,KateWinslet,kate@hollywoodmail.com,Kate Winslet,Cordoba,Spain,no
1345,WillSmith,will@hollywoodmail.com,Will Smith,Dortmund,Germany,no
1346,JenniferLawrence,jennifer@hollywoodmail.com,Jennifer Lawrence,Munich,Germany,no
1347,MorganFreeman,morgan@hollywoodmail.com,Morgan Freeman,Venice,Italy,no
1348,JohnnyDepp,johnny@hollywoodmail.com,Johnny Depp,Tarifa,Spain,yes
1349,JuliaRoberts,julia@hollywoodmail.com,Julia Roberts,Barcelona,Spain,no
1350,HughJackman,hugh@hollywoodmail.com,Hugh Jackman,Nice,France,no
1351,AngelinaJolie,angelina@hollywoodmail.com,Angelina Jolie,Edinburgh,UK,no
1352,MatthewMcConaughey,matthew@hollywoodmail.com,Matthew McConaughey,Milan,Italy,no
1353,AnneHathaway,anne@hollywoodmail.com,Anne Hathaway,Bari,Italy,no
1354,ChrisHemsworth,chris@hollywoodmail.com,Chris Hemsworth,Krakow,Poland,no
1355,EmilyBlunt,emily@hollywoodmail.com,Emily Blunt,Salzburg,Austria,no
1356,ChrisEvans,chris.evans@hollywoodmail.com,Chris Evans,Berlin,Germany,no
1357,ViolaDavis,viola@hollywoodmail.com,Viola Davis,Genoa,Italy,no
1358,TomCruise,tom.cruise@hollywoodmail.com,Tom Cruise,Milan,Italy,no
1359,CateBlanchett,cate@hollywoodmail.com,Cate Blanchett,Helsinki,Finland,no
1360,DanielCraig,daniel@hollywoodmail.com,Daniel Craig,Helsinki,Finland,no
1361,EmmaStone,emma@hollywoodmail.com,Emma Stone,Edinburgh,UK,no
1362,KeanuReeves,keanu@hollywoodmail.com,Keanu Reeves,Antwerp,Belgium,no
1363,JakeGyllenhaal,jake@hollywoodmail.com,Jake Gyllenhaal,Helsinki,Finland,no
1364,HelenMirren,helen@hollywoodmail.com,Helen Mirren,Belfast,UK,no
1365,WillFerrell,will.ferrell@hollywoodmail.com,Will Ferrell,Brussels,Belgium,no
1366,RyanReynolds,ryan@hollywoodmail.com,Ryan Reynolds,Hamburg,Germany,no
1367,KateHudson,kate.hudson@hollywoodmail.com,Kate Hudson,Brno,Czech Republic,no
1368,MatthewPerry,matthew.perry@hollywoodmail.com,Matthew Perry,Seville,Spain,no
1370,BenAffleck,ben@hollywoodmail.com,Ben Affleck,Valencia,Spain,no
1371,JessicaChastain,jessica@hollywoodmail.com,Jessica Chastain,Bergen,Norway,no
1372,PaulRudd,paul@hollywoodmail.com,Paul Rudd,Porto,Portugal,no
1373,RuthNegga,ruth@hollywoodmail.com,Ruth Negga,Dusseldorf,Germany,no
1374,EddieRedmayne,eddie@hollywoodmail.com,Eddie Redmayne,Berlin,Germany,no
1375,JenniferAniston,jennifer.aniston@hollywoodmail.com,Jennifer Aniston,Milan,Italy,no
1376,GeorgeClooney,george@hollywoodmail.com,George Clooney,Krakow,Poland,no
1377,SandraBullock,sandra@hollywoodmail.com,Sandra Bullock,Alicante,Spain,no
1378,IdrisElba,idris@hollywoodmail.com,Idris Elba,Florence,Italy,no
1379,JessicaAlba,jessica.alba@hollywoodmail.com,Jessica Alba,Dusseldorf,Germany,no
1380,MattDamon,matt.damon@hollywoodmail.com,Matt Damon,Krakow,Poland,no
1381,TessaThompson,tessa@hollywoodmail.com,Tessa Thompson,Antwerp,Belgium,no
1382,GillianAnderson,gillian@hollywoodmail.com,Gillian Anderson,Nantes,France,no
1383,SarahPaulson,sarah@hollywoodmail.com,Sarah Paulson,Malaga,Spain,no
1384,DonaldGlover,donald@hollywoodmail.com,Donald Glover,Valencia,Spain,no
1385,ElonMusk,elon@forbesmail.com,Elon Musk,Bologna,Italy,no
1386,JeffBezos,jeff@forbesmail.com,Jeff Bezos,Nantes,France,no
1387,BernardArnault,bernard@forbesmail.com,Bernard Arnault,Tarifa,Spain,yes
1388,BillGates,bill@forbesmail.com,Bill Gates,Naples,Italy,no
1389,WarrenBuffett,warren@forbesmail.com,Warren Buffett,Seville,Spain,no
1390,LarryEllison,larry.ellison@forbesmail.com,Larry Ellison,Birmingham,UK,no
1391,LarryPage,larry.page@forbesmail.com,Larry Page,London,UK,no
1392,SergeyBrin,sergey@forbesmail.com,Sergey Brin,Strasbourg,France,no
1393,MarkZuckerberg,mark.zuckerberg@forbesmail.com,Mark Zuckerberg,Barcelona,Spain,no
1394,SteveBallmer,steve@forbesmail.com,Steve Ballmer,Genoa,Italy,no
1395,MukeshAmbani,mukesh@forbesmail.com,Mukesh Ambani,Sheffield,UK,no
1396,AmancioOrtega,amancio@forbesmail.com,Amancio Ortega,Warsaw,Poland,no
1397,CarlosSlim,carlos@forbesmail.com,Carlos Slim,Dortmund,Germany,no
1398,FrancoiseBettencourtMeyers,francoise@forbesmail.com,Francoise Bettencourt Meyers,Madrid,Spain,no
1399,JimWalton,jim@forbesmail.com,Jim Walton,Nice,France,no
1400,AliceWalton,alice@forbesmail.com,Alice Walton,Cologne,Germany,no
1401,RobWalton,rob@forbesmail.com,Rob Walton,Nantes,France,no
1402,ElisabethFleurot,elisabeth@forbesmail.com,Elisabeth Fleurot,Bari,Italy,no
1403,GautamAdani,gautam@forbesmail.com,Gautam Adani,Leeds,UK,no
1404,ZhongShanshan,zhong@forbesmail.com,Zhong Shanshan,Athens,Greece,no
1405,JackMa,jack@forbesmail.com,Jack Ma,Brno,Czech Republic,no
1406,IngvarKamprad,ingvar@forbesmail.com,Ingvar Kamprad,Krakow,Poland,no
1407,SiegfriedSassoon,siegfried@forbesmail.com,Siegfried Sassoon,London,UK,no
1408,KlausTschira,klaus@forbesmail.com,Klaus Tschira,Paris,France,no
1409,MichaelBloomberg,michael@forbesmail.com,Michael Bloomberg,Glasgow,UK,no
1410,HowardSchultz,howard@forbesmail.com,Howard Schultz,Bari,Italy,no
1411,PeterThiel,peter@forbesmail.com,Peter Thiel,Montpellier,France,no
1412,RichardBranson,richard@forbesmail.com,Richard Branson,Stuttgart,Germany,no
1413,LarryFink,larry.fink@forbesmail.com,Larry Fink,Alicante,Spain,no
1414,RalphLauren,ralph@forbesmail.com,Ralph Lauren,Dusseldorf,Germany,no
1415,DavidKoch,david@forbesmail.com,David Koch,Nantes,France,no
1416,KenGriffin,ken@forbesmail.com,Ken Griffin,Edinburgh,UK,no
1417,StevenCohen,steven@forbesmail.com,Steven Cohen,Nice,France,no
1418,JohnPaulson,john@forbesmail.com,John Paulson,Birmingham,UK,no
1419,GeorgeSoros,george@forbesmail.com,George Soros,Liverpool,UK,no
1420,MarkCuban,mark.cuban@forbesmail.com,Mark Cuban,Nice,France,no
1421,RayDalio,ray@forbesmail.com,Ray Dalio,Madrid,Spain,no
1422,OprahWinfrey,oprah@forbesmail.com,Oprah Winfrey,Florence,Italy,no
1423,GigiHadid,gigi@models.com,Gigi Hadid,Bari,Italy,no
1424,BellaHadid,bella@models.com,Bella Hadid,Rome,Italy,no
1425,KendallJenner,kendall@models.com,Kendall Jenner,London,UK,no
1426,CaraDelevingne,cara@models.com,Cara Delevingne,Birmingham,UK,no
1427,HaileyBieber,hailey@models.com,Hailey Bieber,Stockholm,Sweden,no
1428,JourdanDunn,jourdan@models.com,Jourdan Dunn,Copenhagen,Denmark,no
1429,KarlieKloss,karlie@models.com,Karlie Kloss,Valencia,Spain,no
1430,AdrianaLima,adriana@models.com,Adriana Lima,Strasbourg,France,no
1431,CandiceSwanepoel,candice@models.com,Candice Swanepoel,Marseille,France,no
1432,EmilyRatajkowski,emily@models.com,Emily Ratajkowski,Palermo,Italy,no
1433,IrinaShayk,irina@models.com,Irina Shayk,Nantes,France,no
1434,MirandaKerr,miranda@models.com,Miranda Kerr,Toulouse,France,no
1435,LiuWen,liu@models.com,Liu Wen,Bari,Italy,no
1436,KateMoss,kate@models.com,Kate Moss,Bari,Italy,no
1437,NaomiCampbell,naomi@models.com,Naomi Campbell,Strasbourg,France,no
1438,JoanSmalls,joan@models.com,Joan Smalls,Bristol,UK,no
1439,SukiWaterhouse,suki@models.com,Suki Waterhouse,Stuttgart,Germany,no
1440,AnjaRubik,anja@models.com,Anja Rubik,Nice,France,no
1441,StellaMaxwell,stella@models.com,Stella Maxwell,Rome,Italy,no
1442,SophieTunner,sophie@models.com,Sophie Tunner,Bari,Italy,no
1443,ArianaGrande,ariana@music.com,Ariana Grande,Lisbon,Portugal,no
1444,EdSheeran,ed@music.com,Ed Sheeran,Geneva,Switzerland,no
1445,BillieEilish,billie@music.com,Billie Eilish,Naples,Italy,no
1446,Drake,drake@music.com,Drake,Venice,Italy,no
1447,DuaLipa,dua@music.com,Dua Lipa,Cologne,Germany,no
1448,TaylorSwift,taylor@music.com,Taylor Swift,Dublin,Ireland,no
1449,KendrickLamar,kendrick@music.com,Kendrick Lamar,Edinburgh,UK,no
1450,Beyonce,beyonce@music.com,Beyoncé,Geneva,Switzerland,no
1451,ShawnMendes,shawn@music.com,Shawn Mendes,Cordoba,Spain,no
1452,KatyPerry,katy@music.com,Katy Perry,Gothenburg,Sweden,no
1453,JustinBieber,justin@music.com,Justin Bieber,Leeds,UK,no
1454,Lorde,lorde@music.com,Lorde,Amsterdam,Netherlands,no
1455,TheWeeknd,weeknd@music.com,The Weeknd,Athens,Greece,no
1456,Halsey,halsey@music.com,Halsey,Strasbourg,France,no
1457,PostMalone,post@music.com,Post Malone,Florence,Italy,no
1458,LilNasX,lilnasx@music.com,Lil Nas X,Bergen,Norway,no
1459,AliciaKeys,alicia@music.com,Alicia Keys,Oslo,Norway,no
1460,HarryStyles,harry@music.com,Harry Styles,Naples,Italy,no
1461,Sia,sia@music.com,Sia,Marseille,France,no
1462,BrunoMars,bruno@music.com,Bruno Mars,Sheffield,UK,no
1463,Lizzo,lizzo@music.com,Lizzo,Lyon,France,no
1464,Rihanna,rihanna@music.com,Rihanna,Valencia,Spain,no
1465,CharliePuth,charlie@music.com,Charlie Puth,Copenhagen,Denmark,no
1466,CamilaCabello,camila@music.com,Camila Cabello,Naples,Italy,no
1467,MileyCyrus,miley@music.com,Miley Cyrus,Lisbon,Portugal,no
1468,SamSmith,sam@music.com,Sam Smith,Paris,France,no
1469,FrankOcean,frank@music.com,Frank Ocean,Bristol,UK,no
1470,TravisScott,travis@music.com,Travis Scott,Bologna,Italy,no
1471,TylerTheCreator,tylerthecreator@music.com,Tyler,Strasbourg,France,no
1472,MeganTheeStallion,megan@music.com,Megan Thee Stallion,Budapest,Hungary,no
1473,Shakira,shakira@music.com,Shakira,Florence,Italy,no
1474,LadyGaga,gaga@music.com,Lady Gaga,Madrid,Spain,no
1475,NickiMinaj,nicki@music.com,Nicki Minaj,Rome,Italy,no
1476,Kesha,kesha@music.com,Kesha,Leeds,UK,no
1477,VinceStaples,vince@music.com,Vince Staples,Munich,Germany,no
1478,LilBaby,lilbaby@music.com,Lil Baby,Aarhus,Denmark,no
1479,DojaCat,doja@music.com,Doja Cat,Brno,Czech Republic,no
1480,Khalid,khalid@music.com,Khalid,Stuttgart,Germany,no
1481,JBalvin,jbalvin@music.com,J Balvin,Sheffield,UK,no
1482,SwaeLee,swae@music.com,Swae Lee,Seville,Spain,no
1483,LilWayne,lilwayne@music.com,Lil Wayne,Porto,Portugal,no
1484,TylerHubbard,tyler@music.com,Tyler Hubbard,Madrid,Spain,no
1485,NiallHoran,niall@music.com,Niall Horan,Helsinki,Finland,no
1486,JohnLegend,john@music.com,John Legend,Bilbao,Spain,no
1487,JLo,jlo@music.com,Jennifer Lopez,Barcelona,Spain,no
1488,MandyMoore,mandy@music.com,Mandy Moore,Palermo,Italy,no
1489,ChrisBrown,chris@music.com,Chris Brown,Lisbon,Portugal,no
1490,JanetJackson,janet@music.com,Janet Jackson,Zurich,Switzerland,no
1491,NeilDeGrasseTyson,neil@science.com,Neil deGrasse Tyson,Stockholm,Sweden,no
1492,JaneGoodall,jane@science.com,Jane Goodall,Valencia,Spain,no
1493,StephenHawking,stephen@science.com,Stephen Hawking,Leipzig,Germany,no
1494,AlbertAinsworth,albert@science.com,Albert Ainsworth,Paris,France,no
1495,KatherineJohnson,katherine@science.com,Katherine Johnson,Tarifa,Spain,yes
1496,JimAl-Khalili,jim@science.com,Jim Al-Khalili,Nice,France,no
1497,FrancesArnold,frances@science.com,Frances Arnold,Leipzig,Germany,no
1498,MaryClinton,mary@science.com,Mary Clinton,Nantes,France,no
1499,VeraRubin,vera@science.com,Vera Rubin,Porto,Portugal,no
1500,RichardDawkins,richard@science.com,Richard Dawkins,Cork,Ireland,no
1501,LisaRandall,lisa@science.com,Lisa Randall,Liverpool,UK,no
1502,BrianGreene,brian@science.com,Brian Greene,Seville,Spain,no
1503,MichaelMayer,michael@science.com,Michael Mayer,Lille,France,no
1504,MarieMaynardDaly,marie@science.com,Marie Maynard Daly,Zurich,Switzerland,no
1505,PaulNurse,paul@science.com,Paul Nurse,Bordeaux,France,no
1506,GeorgeChurch,george@science.com,George Church,Krakow,Poland,no
1507,SaraBorrellRuiz,sara@science.com,Sara Borrell Ruiz,Florence,Italy,no
1508,MayimBialik,mayim@science.com,Mayim Bialik,Lille,France,no
1509,ShinyaYamanaka,shinya@science.com,Shinya Yamanaka,Alicante,Spain,no
1510,DavidAttenborough,david@science.com,David Attenborough,Barcelona,Spain,no
1511,SundarPichai,sundar@google.com,Sundar Pichai,Paris,France,no
1512,TimCook,tim@apple.com,Tim Cook,Glasgow,UK,no
1513,SatyaNadella,satya@microsoft.com,Satya Nadella,Lyon,France,no
1514,ReedHastings,reed@netflix.com,Reed Hastings,Turin,Italy,no
1515,JamieDimon,jamie@jpmorgan.com,Jamie Dimon,Bordeaux,France,no
1516,BrianChesky,brian@airbnb.com,Brian Chesky,Bilbao,Spain,no
1517,MarillynHewson,marillyn@lockheed.com,Marillyn Hewson,Bilbao,Spain,no
1518,MichaelDell,michael@dell.com,Michael Dell,Strasbourg,France,no
1519,IndraNooyi,indra@pepsico.com,Indra Nooyi,Toulouse,France,no
1520,AnneMulcahy,anne@xerox.com,Anne Mulcahy,Paris,France,no
1521,SherylSandberg,sheryl@facebook.com,Sheryl Sandberg,Marseille,France,no
1522,EvanSpiegel,evan@snap.com,Evan Spiegel,Berlin,Germany,no
1523,BigBenWatcher,ben@london.com,Benjamin Clark,Toulouse,France,no
1524,LondonEyeFan,ella@london.com,Ella Morgan,Madrid,Spain,no
1525,BoroughMarketBite,tom@london.com,Tom Parker,Leeds,UK,no
1526,WestminsterWanderer,lily.thompson@london.com,Lily Thompson,Paris,France,no
1527,CamdenVibes,jack@london.com,Jack Reynolds,Marseille,France,no
1528,KensingtonCulture,sophie@london.com,Sophie Davis,Cologne,Germany,no
1529,HydeParkHiker,michael@london.com,Michael Lee,Dusseldorf,Germany,no
1530,SohoScribe,grace@london.com,Grace Harris,Hamburg,Germany,no
1531,OxfordCircusShopper,charlotte@london.com,Charlotte Green,Madrid,Spain,no
1532,BrickLaneExplorer,james@london.com,James Wright,Belfast,UK,no
1533,PiccadillyLover,olivia@london.com,Olivia Moore,Alicante,Spain,no
1534,CoventGardenFan,benjamin@london.com,Benjamin Scott,Bilbao,Spain,no
1535,ShoreditchSnapper,emily@london.com,Emily Walker,Nantes,France,no
1536,TheShardSeeker,harry@london.com,Harry Turner,Seville,Spain,no
1537,NottingHillDreamer,lily@london.com,Lily Carter,Stuttgart,Germany,no
1538,TowerBridgeFanatic,lucas@london.com,Lucas Evans,Bergen,Norway,no
1539,RegentStreetRambler,mia@london.com,Mia Mitchell,Liverpool,UK,no
1540,GreenwichExplorer,jacob@london.com,Jacob Martin,Toulouse,France,no
1541,BrixtonBeat,amanda@london.com,Amanda Baker,Stockholm,Sweden,no
1542,HampsteadHeights,chloe@london.com,Chloe Davis,Leipzig,Germany,no
1543,TimesSquareTina,tina@times.com,Tina Williams,Nantes,France,no
1544,BrooklynBrandon,brandon@brooklyn.com,Brandon Thomas,Valencia,Spain,no
1545,CentralParkCatherine,catherine@centralpark.com,Catherine Green,Edinburgh,UK,no
1546,ManhattanMax,max@manhattan.com,Max Johnson,Bologna,Italy,no
1547,StatueLibertyLily,lily@statueliberty.com,Lily Adams,Turin,Italy,no
1548,EmpireStateElla,ella@empirestate.com,Ella Martinez,Birmingham,UK,no
1549,WallStreetWade,wade@wallstreet.com,Wade Smith,Amsterdam,Netherlands,no
1550,SoHoSophie,sophie@soho.com,Sophie Brown,Cordoba,Spain,no
1551,FifthAvenueFelix,felix@fifthavenue.com,Felix Turner,Granada,Spain,no
1552,GreenwichVillageGrace,grace@greenwichvillage.com,Grace Lee,Birmingham,UK,no
1553,ChinatownCharlie,charlie@chinatown.com,Charlie Thomas,Helsinki,Finland,no
1554,HarlemHannah,hannah@harlem.com,Hannah Williams,Sheffield,UK,no
1555,NYCskateboarderNate,nate@nycskateboarder.com,Nate Davis,Madrid,Spain,no
1556,TimesSquareTerry,terry@timessquare.com,Terry Moore,Brussels,Belgium,no
1557,EastVillageEve,eve@eastvillage.com,Eve Roberts,Nice,France,no
1558,UpperEastSideUrsula,ursula@uppereastside.com,Ursula Clark,Geneva,Switzerland,no
1559,BronxBrandon,brandon@bronx.com,Brandon White,Brussels,Belgium,no
1560,ConeyIslandCora,cora@coneyisland.com,Cora Gray,Birmingham,UK,no
1561,ChelseaCaitlin,caitlin@chelsea.com,Caitlin Nelson,Milan,Italy,no
1562,RockefellerRiley,riley@rockefeller.com,Riley Walker,Geneva,Switzerland,no
1563,SeattleSkylineSophie,sophie@seattleskyline.com,Sophie Johnson,Dublin,Ireland,no
1564,PortlandPenny,penny@portland.com,Penny Davis,Lyon,France,no
1565,VancouverVera,vera@vancouver.com,Vera Clark,Bristol,UK,no
1566,TacomaTim,tim@tacoma.com,Tim Brown,Athens,Greece,no
1567,OlympiaOlivia,olivia@olympia.com,Olivia Smith,Genoa,Italy,no
1568,BellinghamBea,bea@bellingham.com,Bea Taylor,Amsterdam,Netherlands,no
1569,WhistlerWill,will@whistler.com,Will Harris,Barcelona,Spain,no
1570,AstoriaAmy,amy@astoria.com,Amy Walker,Edinburgh,UK,no
1571,MountRainierMaggie,maggie@rainier.com,Maggie Taylor,Gothenburg,Sweden,no
1572,PugetSoundPaul,paul@pugetsound.com,Paul Roberts,Malaga,Spain,no
1573,CoastalCatherine,catherine@coastal.com,Catherine Lee,Berlin,Germany,no
1574,CascadesCody,cody@cascades.com,Cody Nelson,Toulouse,France,no
1575,RainCityRiley,riley@raincity.com,Riley Green,Aarhus,Denmark,no
1576,SanJuanSophie,sophie@sanjuan.com,Sophie Turner,Valencia,Spain,no
1577,PortlandiaParker,parker@portlandia.com,Parker Davis,Bordeaux,France,no
1578,ColumbiaRiverClara,clara@columbiariver.com,Clara White,Bari,Italy,no
1579,EugeneEddie,eddie@eugene.com,Eddie Martinez,Turin,Italy,no
1580,LeavenworthLila,lila@leavenworth.com,Lila Walker,Alicante,Spain,no
1581,VancouverVince,vince@vancouverbc.com,Vince King,Venice,Italy,no
1582,OlympicPeninsulaOlivia,olivia@olympicpeninsula.com,Olivia Harris,Montpellier,France,no
1583,WaveRiderSam,sam@waverider.com,Sam Thompson,Granada,Spain,no
1584,SurferGirlMaya,maya@surfgirl.com,Maya Davis,Lyon,France,no
1585,OceanBreezZack,zack@oceanbreez.com,Zack Johnson,Glasgow,UK,no
1586,HangTenHolly,holly@hangten.com,Holly Matthews,Bristol,UK,no
1587,BarrelRiderJake,jake@barrelrider.com,Jake Wilson,Naples,Italy,no
1588,SaltWaterSophie,sophie@saltysurf.com,Sophie Turner,Tarifa,Spain,yes
1589,SurfboardSteve,steve@surfboard.com,Steve Harris,Porto,Portugal,no
1590,BigWaveBella,bella@bigwave.com,Bella Green,Naples,Italy,no
1591,TidalWaveTom,tom@tidalwave.com,Tom Brown,Berlin,Germany,no
1592,SunsetSurferSally,sally@sunsetsurfer.com,Sally White,Marseille,France,no
1593,RidingTheBreakKyle,kyle@ridingthebreak.com,Kyle King,Budapest,Hungary,no
1594,PacificWavePaige,paige@pacificwave.com,Paige Lopez,Gothenburg,Sweden,no
1595,ShakaShane,shane@shaka.com,Shane Scott,Genoa,Italy,no
1596,BeachBumBrody,brody@beachbum.com,Brody Smith,Salzburg,Austria,no
1597,SurfNSeasRiley,riley@surfseas.com,Riley Green,Athens,Greece,no
1598,TheSurfinSharkElla,ella@surfinshark.com,Ella Martinez,London,UK,no
1599,TropicsTravis,travis@tropicstrav.com,Travis Robinson,Hamburg,Germany,no
1600,Waves4LifeLena,lena@waves4life.com,Lena White,Antwerp,Belgium,no
1601,BoardwalkBeau,beau@boardwalkbeau.com,Beau Walker,Barcelona,Spain,no
1602,BikiniBoarderKara,kara@bikiniboarder.com,Kara Adams,Porto,Portugal,no
1603,ZenMasterLila,lila@zenmaster.com,Lila Rodriguez,Salzburg,Austria,no
1604,NamasteNina,nina@namaste.com,Nina Patel,Gothenburg,Sweden,no
1605,SerenitySophie,sophie@serenity.com,Sophie Johnson,Valencia,Spain,no
1606,BreatheWithAva,ava@breathewithava.com,Ava Williams,Marseille,France,no
1607,FlowingGraceMaya,maya@flowinggrace.com,Maya Davis,Amsterdam,Netherlands,no
1608,YogaChicElena,elena@yogachic.com,Elena Brown,Gothenburg,Sweden,no
1609,TheYogaGuruSam,sam@theyogaguru.com,Sam Clark,Milan,Italy,no
1610,PeacefulPalmsTara,tara@peacefulpalms.com,Tara Green,Lyon,France,no
1611,SoulStretchRachel,rachel@soulstretch.com,Rachel Lee,Hamburg,Germany,no
1612,YogaVibesOlivia,olivia@yogavibes.com,Olivia Turner,Venice,Italy,no
1613,InnerPeaceSophie,sophie@innerpeace.com,Sophie Taylor,Genoa,Italy,no
1614,ZenYogaHannah,hannah@zenyoga.com,Hannah White,Seville,Spain,no
1615,HolisticHarper,harper@holistic.com,Harper King,Alicante,Spain,no
1616,MindfulMaya,maya@mindfulyoga.com,Maya Roberts,Antwerp,Belgium,no
1617,BendAndBreatheLily,lily@bendandbreathe.com,Lily Harris,Belfast,UK,no
1618,SunSalutationZoe,zoe@salutation.com,Zoe Morgan,Cologne,Germany,no
1619,TranquilTessa,tessa@tranquil.com,Tessa Walker,Tarifa,Spain,yes
1620,AsanaAdventurerJade,jade@asanaadventure.com,Jade Evans,Turin,Italy,no
1621,FlexAndFlowPaige,paige@flexandflow.com,Paige Scott,Montpellier,France,no
1622,TheYogaExplorerEva,eva@theyogaexplorer.com,Eva Perez,Genoa,Italy,no
